"Time differences (ps)"	"Normalized correlation g(2)"
-240000	2.3914497331293605
-239968	1.1957248665646802
-239936	1.7935872998470204
-239904	0.8967936499235102
-239872	1.4946560832058502
-239840	0.29893121664117006
-239808	1.1957248665646802
-239776	1.7935872998470204
-239744	1.7935872998470204
-239712	0.8967936499235102
-239680	1.7935872998470204
-239648	1.4946560832058502
-239616	2.6903809497705304
-239584	0.5978624332823401
-239552	0.5978624332823401
-239520	1.7935872998470204
-239488	1.1957248665646802
-239456	2.3914497331293605
-239424	1.4946560832058502
-239392	2.0925185164881905
-239360	0.8967936499235102
-239328	1.4946560832058502
-239296	1.4946560832058502
-239264	2.6903809497705304
-239232	1.4946560832058502
-239200	1.4946560832058502
-239168	1.4946560832058502
-239136	1.1957248665646802
-239104	1.1957248665646802
-239072	1.4946560832058502
-239040	1.7935872998470204
-239008	2.0925185164881905
-238976	1.7935872998470204
-238944	0.8967936499235102
-238912	2.3914497331293605
-238880	1.1957248665646802
-238848	1.1957248665646802
-238816	1.1957248665646802
-238784	2.6903809497705304
-238752	2.9893121664117004
-238720	1.4946560832058502
-238688	2.9893121664117004
-238656	1.4946560832058502
-238624	1.1957248665646802
-238592	1.4946560832058502
-238560	1.4946560832058502
-238528	2.3914497331293605
-238496	1.1957248665646802
-238464	1.7935872998470204
-238432	1.1957248665646802
-238400	0.29893121664117006
-238368	1.4946560832058502
-238336	1.4946560832058502
-238304	1.4946560832058502
-238272	2.0925185164881905
-238240	1.7935872998470204
-238208	1.1957248665646802
-238176	0.29893121664117006
-238144	2.3914497331293605
-238112	2.6903809497705304
-238080	2.6903809497705304
-238048	0.8967936499235102
-238016	2.3914497331293605
-237984	0.5978624332823401
-237952	2.3914497331293605
-237920	2.0925185164881905
-237888	1.4946560832058502
-237856	2.0925185164881905
-237824	2.3914497331293605
-237792	1.4946560832058502
-237760	1.4946560832058502
-237728	2.3914497331293605
-237696	1.7935872998470204
-237664	1.7935872998470204
-237632	1.7935872998470204
-237600	2.0925185164881905
-237568	1.1957248665646802
-237536	1.7935872998470204
-237504	1.4946560832058502
-237472	2.3914497331293605
-237440	2.0925185164881905
-237408	2.0925185164881905
-237376	1.4946560832058502
-237344	1.1957248665646802
-237312	2.0925185164881905
-237280	2.0925185164881905
-237248	1.4946560832058502
-237216	2.9893121664117004
-237184	2.3914497331293605
-237152	1.1957248665646802
-237120	1.4946560832058502
-237088	1.4946560832058502
-237056	1.4946560832058502
-237024	1.7935872998470204
-236992	1.1957248665646802
-236960	0.8967936499235102
-236928	2.0925185164881905
-236896	0.8967936499235102
-236864	1.7935872998470204
-236832	2.6903809497705304
-236800	1.7935872998470204
-236768	0.8967936499235102
-236736	1.1957248665646802
-236704	0.8967936499235102
-236672	2.3914497331293605
-236640	1.7935872998470204
-236608	2.6903809497705304
-236576	3.5871745996940407
-236544	1.7935872998470204
-236512	1.7935872998470204
-236480	2.0925185164881905
-236448	1.4946560832058502
-236416	0.8967936499235102
-236384	1.1957248665646802
-236352	2.0925185164881905
-236320	1.1957248665646802
-236288	2.0925185164881905
-236256	1.4946560832058502
-236224	1.7935872998470204
-236192	0.8967936499235102
-236160	1.7935872998470204
-236128	1.7935872998470204
-236096	2.3914497331293605
-236064	2.0925185164881905
-236032	1.7935872998470204
-236000	1.7935872998470204
-235968	2.3914497331293605
-235936	2.9893121664117004
-235904	1.1957248665646802
-235872	2.3914497331293605
-235840	0.8967936499235102
-235808	2.9893121664117004
-235776	1.4946560832058502
-235744	1.7935872998470204
-235712	1.4946560832058502
-235680	1.4946560832058502
-235648	1.7935872998470204
-235616	0.5978624332823401
-235584	0.8967936499235102
-235552	1.1957248665646802
-235520	2.0925185164881905
-235488	2.6903809497705304
-235456	3.288243383052871
-235424	2.6903809497705304
-235392	0.5978624332823401
-235360	2.6903809497705304
-235328	1.7935872998470204
-235296	2.9893121664117004
-235264	1.4946560832058502
-235232	0.8967936499235102
-235200	2.3914497331293605
-235168	0.8967936499235102
-235136	2.0925185164881905
-235104	1.4946560832058502
-235072	2.3914497331293605
-235040	1.7935872998470204
-235008	2.6903809497705304
-234976	2.6903809497705304
-234944	1.1957248665646802
-234912	1.1957248665646802
-234880	1.7935872998470204
-234848	1.4946560832058502
-234816	2.0925185164881905
-234784	2.3914497331293605
-234752	2.3914497331293605
-234720	2.0925185164881905
-234688	1.7935872998470204
-234656	1.1957248665646802
-234624	0.5978624332823401
-234592	0.29893121664117006
-234560	1.4946560832058502
-234528	2.9893121664117004
-234496	1.7935872998470204
-234464	1.4946560832058502
-234432	2.3914497331293605
-234400	1.1957248665646802
-234368	0.29893121664117006
-234336	1.1957248665646802
-234304	0.8967936499235102
-234272	1.1957248665646802
-234240	1.7935872998470204
-234208	1.4946560832058502
-234176	0.8967936499235102
-234144	1.7935872998470204
-234112	2.0925185164881905
-234080	1.4946560832058502
-234048	0.29893121664117006
-234016	1.4946560832058502
-233984	1.7935872998470204
-233952	1.1957248665646802
-233920	1.7935872998470204
-233888	2.3914497331293605
-233856	1.1957248665646802
-233824	2.0925185164881905
-233792	1.7935872998470204
-233760	1.7935872998470204
-233728	0.8967936499235102
-233696	0.8967936499235102
-233664	1.1957248665646802
-233632	1.1957248665646802
-233600	2.0925185164881905
-233568	0.5978624332823401
-233536	0.5978624332823401
-233504	2.9893121664117004
-233472	2.6903809497705304
-233440	2.6903809497705304
-233408	1.1957248665646802
-233376	0.5978624332823401
-233344	2.0925185164881905
-233312	1.1957248665646802
-233280	1.1957248665646802
-233248	1.7935872998470204
-233216	1.4946560832058502
-233184	1.7935872998470204
-233152	0.5978624332823401
-233120	2.3914497331293605
-233088	0.8967936499235102
-233056	2.0925185164881905
-233024	2.9893121664117004
-232992	3.288243383052871
-232960	0.5978624332823401
-232928	1.4946560832058502
-232896	1.4946560832058502
-232864	2.0925185164881905
-232832	1.1957248665646802
-232800	1.4946560832058502
-232768	1.7935872998470204
-232736	1.1957248665646802
-232704	1.4946560832058502
-232672	3.288243383052871
-232640	0.8967936499235102
-232608	1.4946560832058502
-232576	3.288243383052871
-232544	1.7935872998470204
-232512	2.3914497331293605
-232480	2.3914497331293605
-232448	1.4946560832058502
-232416	1.4946560832058502
-232384	0.29893121664117006
-232352	1.1957248665646802
-232320	1.7935872998470204
-232288	1.1957248665646802
-232256	1.1957248665646802
-232224	1.1957248665646802
-232192	1.1957248665646802
-232160	1.7935872998470204
-232128	2.3914497331293605
-232096	1.4946560832058502
-232064	2.0925185164881905
-232032	2.6903809497705304
-232000	1.4946560832058502
-231968	2.6903809497705304
-231936	0.8967936499235102
-231904	0.8967936499235102
-231872	1.4946560832058502
-231840	0.8967936499235102
-231808	3.5871745996940407
-231776	0.5978624332823401
-231744	1.1957248665646802
-231712	1.7935872998470204
-231680	3.5871745996940407
-231648	1.4946560832058502
-231616	1.7935872998470204
-231584	1.7935872998470204
-231552	2.9893121664117004
-231520	2.6903809497705304
-231488	0.8967936499235102
-231456	1.7935872998470204
-231424	1.4946560832058502
-231392	2.0925185164881905
-231360	1.7935872998470204
-231328	1.1957248665646802
-231296	0.8967936499235102
-231264	1.7935872998470204
-231232	2.0925185164881905
-231200	1.4946560832058502
-231168	1.4946560832058502
-231136	1.1957248665646802
-231104	1.4946560832058502
-231072	2.0925185164881905
-231040	1.1957248665646802
-231008	0.8967936499235102
-230976	1.1957248665646802
-230944	1.7935872998470204
-230912	2.9893121664117004
-230880	2.0925185164881905
-230848	2.3914497331293605
-230816	1.4946560832058502
-230784	1.1957248665646802
-230752	2.0925185164881905
-230720	1.4946560832058502
-230688	1.7935872998470204
-230656	1.7935872998470204
-230624	3.5871745996940407
-230592	1.7935872998470204
-230560	1.4946560832058502
-230528	0.8967936499235102
-230496	2.9893121664117004
-230464	1.1957248665646802
-230432	1.7935872998470204
-230400	0.29893121664117006
-230368	0.8967936499235102
-230336	2.3914497331293605
-230304	1.7935872998470204
-230272	1.4946560832058502
-230240	0.8967936499235102
-230208	0.8967936499235102
-230176	1.4946560832058502
-230144	1.4946560832058502
-230112	1.4946560832058502
-230080	3.288243383052871
-230048	2.6903809497705304
-230016	1.4946560832058502
-229984	0.5978624332823401
-229952	1.1957248665646802
-229920	1.1957248665646802
-229888	0.5978624332823401
-229856	0.8967936499235102
-229824	0.8967936499235102
-229792	1.4946560832058502
-229760	1.4946560832058502
-229728	1.1957248665646802
-229696	1.1957248665646802
-229664	1.1957248665646802
-229632	2.6903809497705304
-229600	1.4946560832058502
-229568	2.9893121664117004
-229536	1.4946560832058502
-229504	1.4946560832058502
-229472	2.3914497331293605
-229440	1.1957248665646802
-229408	1.4946560832058502
-229376	3.288243383052871
-229344	2.9893121664117004
-229312	1.7935872998470204
-229280	0.5978624332823401
-229248	2.0925185164881905
-229216	2.9893121664117004
-229184	1.4946560832058502
-229152	1.1957248665646802
-229120	2.0925185164881905
-229088	2.6903809497705304
-229056	1.4946560832058502
-229024	1.4946560832058502
-228992	2.3914497331293605
-228960	1.1957248665646802
-228928	3.5871745996940407
-228896	0.8967936499235102
-228864	1.7935872998470204
-228832	3.5871745996940407
-228800	0.29893121664117006
-228768	1.4946560832058502
-228736	1.4946560832058502
-228704	1.1957248665646802
-228672	2.3914497331293605
-228640	1.7935872998470204
-228608	0.5978624332823401
-228576	1.7935872998470204
-228544	1.7935872998470204
-228512	1.4946560832058502
-228480	0.5978624332823401
-228448	0.8967936499235102
-228416	0.8967936499235102
-228384	0.5978624332823401
-228352	1.7935872998470204
-228320	2.3914497331293605
-228288	2.0925185164881905
-228256	1.1957248665646802
-228224	1.4946560832058502
-228192	2.3914497331293605
-228160	2.0925185164881905
-228128	2.0925185164881905
-228096	2.6903809497705304
-228064	0.5978624332823401
-228032	1.1957248665646802
-228000	2.6903809497705304
-227968	2.6903809497705304
-227936	0.8967936499235102
-227904	1.4946560832058502
-227872	3.5871745996940407
-227840	0.5978624332823401
-227808	2.3914497331293605
-227776	1.1957248665646802
-227744	1.7935872998470204
-227712	1.4946560832058502
-227680	1.4946560832058502
-227648	0.5978624332823401
-227616	1.4946560832058502
-227584	1.1957248665646802
-227552	2.9893121664117004
-227520	2.3914497331293605
-227488	1.1957248665646802
-227456	2.6903809497705304
-227424	0.8967936499235102
-227392	1.1957248665646802
-227360	2.0925185164881905
-227328	2.0925185164881905
-227296	1.4946560832058502
-227264	2.3914497331293605
-227232	1.4946560832058502
-227200	1.4946560832058502
-227168	1.1957248665646802
-227136	1.7935872998470204
-227104	2.9893121664117004
-227072	2.3914497331293605
-227040	2.0925185164881905
-227008	1.4946560832058502
-226976	0.5978624332823401
-226944	2.3914497331293605
-226912	1.4946560832058502
-226880	2.6903809497705304
-226848	1.7935872998470204
-226816	2.6903809497705304
-226784	2.0925185164881905
-226752	2.3914497331293605
-226720	1.7935872998470204
-226688	2.6903809497705304
-226656	0.8967936499235102
-226624	2.0925185164881905
-226592	2.0925185164881905
-226560	2.0925185164881905
-226528	0.29893121664117006
-226496	2.0925185164881905
-226464	1.7935872998470204
-226432	1.4946560832058502
-226400	0.8967936499235102
-226368	1.7935872998470204
-226336	1.1957248665646802
-226304	1.4946560832058502
-226272	1.1957248665646802
-226240	2.0925185164881905
-226208	2.0925185164881905
-226176	2.0925185164881905
-226144	1.1957248665646802
-226112	1.4946560832058502
-226080	0.29893121664117006
-226048	1.1957248665646802
-226016	3.5871745996940407
-225984	1.7935872998470204
-225952	1.7935872998470204
-225920	0.5978624332823401
-225888	2.0925185164881905
-225856	2.6903809497705304
-225824	2.0925185164881905
-225792	1.1957248665646802
-225760	1.4946560832058502
-225728	2.6903809497705304
-225696	1.4946560832058502
-225664	1.4946560832058502
-225632	1.1957248665646802
-225600	1.4946560832058502
-225568	1.4946560832058502
-225536	1.1957248665646802
-225504	0.8967936499235102
-225472	2.9893121664117004
-225440	1.4946560832058502
-225408	1.4946560832058502
-225376	2.3914497331293605
-225344	1.4946560832058502
-225312	3.5871745996940407
-225280	1.1957248665646802
-225248	0.29893121664117006
-225216	2.0925185164881905
-225184	1.1957248665646802
-225152	1.7935872998470204
-225120	1.4946560832058502
-225088	0.8967936499235102
-225056	0.8967936499235102
-225024	1.4946560832058502
-224992	2.0925185164881905
-224960	1.1957248665646802
-224928	2.0925185164881905
-224896	1.4946560832058502
-224864	2.0925185164881905
-224832	1.7935872998470204
-224800	1.1957248665646802
-224768	2.6903809497705304
-224736	2.9893121664117004
-224704	1.7935872998470204
-224672	0.8967936499235102
-224640	2.3914497331293605
-224608	1.7935872998470204
-224576	2.0925185164881905
-224544	2.0925185164881905
-224512	1.4946560832058502
-224480	1.1957248665646802
-224448	2.6903809497705304
-224416	1.1957248665646802
-224384	2.0925185164881905
-224352	1.4946560832058502
-224320	2.0925185164881905
-224288	3.288243383052871
-224256	2.0925185164881905
-224224	0.8967936499235102
-224192	2.0925185164881905
-224160	2.3914497331293605
-224128	1.4946560832058502
-224096	2.0925185164881905
-224064	1.4946560832058502
-224032	1.7935872998470204
-224000	2.0925185164881905
-223968	0.8967936499235102
-223936	0.8967936499235102
-223904	2.0925185164881905
-223872	2.6903809497705304
-223840	2.0925185164881905
-223808	0.8967936499235102
-223776	0.8967936499235102
-223744	3.288243383052871
-223712	0.8967936499235102
-223680	2.0925185164881905
-223648	1.7935872998470204
-223616	2.0925185164881905
-223584	2.3914497331293605
-223552	1.7935872998470204
-223520	3.288243383052871
-223488	1.1957248665646802
-223456	2.6903809497705304
-223424	1.4946560832058502
-223392	0.5978624332823401
-223360	1.7935872998470204
-223328	2.3914497331293605
-223296	0.8967936499235102
-223264	0.29893121664117006
-223232	1.1957248665646802
-223200	2.0925185164881905
-223168	1.4946560832058502
-223136	2.3914497331293605
-223104	1.1957248665646802
-223072	0.8967936499235102
-223040	1.7935872998470204
-223008	1.4946560832058502
-222976	1.4946560832058502
-222944	2.0925185164881905
-222912	1.4946560832058502
-222880	2.0925185164881905
-222848	2.0925185164881905
-222816	1.4946560832058502
-222784	2.0925185164881905
-222752	1.4946560832058502
-222720	0.8967936499235102
-222688	1.4946560832058502
-222656	1.4946560832058502
-222624	0.5978624332823401
-222592	0
-222560	1.1957248665646802
-222528	1.7935872998470204
-222496	1.1957248665646802
-222464	2.9893121664117004
-222432	1.4946560832058502
-222400	2.3914497331293605
-222368	1.4946560832058502
-222336	1.7935872998470204
-222304	0.5978624332823401
-222272	2.0925185164881905
-222240	1.4946560832058502
-222208	0.8967936499235102
-222176	1.4946560832058502
-222144	1.1957248665646802
-222112	1.7935872998470204
-222080	1.4946560832058502
-222048	1.1957248665646802
-222016	2.0925185164881905
-221984	2.0925185164881905
-221952	1.1957248665646802
-221920	2.3914497331293605
-221888	2.3914497331293605
-221856	0
-221824	1.1957248665646802
-221792	2.3914497331293605
-221760	3.5871745996940407
-221728	0.8967936499235102
-221696	2.3914497331293605
-221664	2.0925185164881905
-221632	1.7935872998470204
-221600	2.0925185164881905
-221568	1.4946560832058502
-221536	1.1957248665646802
-221504	2.0925185164881905
-221472	0.29893121664117006
-221440	1.1957248665646802
-221408	2.9893121664117004
-221376	2.0925185164881905
-221344	1.7935872998470204
-221312	2.6903809497705304
-221280	0.8967936499235102
-221248	1.1957248665646802
-221216	2.0925185164881905
-221184	0.29893121664117006
-221152	1.7935872998470204
-221120	2.3914497331293605
-221088	0.8967936499235102
-221056	1.1957248665646802
-221024	1.4946560832058502
-220992	1.4946560832058502
-220960	1.7935872998470204
-220928	0.8967936499235102
-220896	1.7935872998470204
-220864	2.0925185164881905
-220832	1.7935872998470204
-220800	2.3914497331293605
-220768	1.4946560832058502
-220736	0.8967936499235102
-220704	1.7935872998470204
-220672	2.3914497331293605
-220640	1.7935872998470204
-220608	1.4946560832058502
-220576	1.7935872998470204
-220544	1.7935872998470204
-220512	1.1957248665646802
-220480	0.8967936499235102
-220448	1.1957248665646802
-220416	1.1957248665646802
-220384	1.7935872998470204
-220352	0.8967936499235102
-220320	2.3914497331293605
-220288	2.9893121664117004
-220256	2.9893121664117004
-220224	1.7935872998470204
-220192	2.3914497331293605
-220160	1.4946560832058502
-220128	1.1957248665646802
-220096	1.7935872998470204
-220064	1.7935872998470204
-220032	1.7935872998470204
-220000	2.3914497331293605
-219968	1.4946560832058502
-219936	2.6903809497705304
-219904	1.7935872998470204
-219872	1.7935872998470204
-219840	2.9893121664117004
-219808	3.288243383052871
-219776	1.4946560832058502
-219744	1.4946560832058502
-219712	1.7935872998470204
-219680	3.5871745996940407
-219648	0.5978624332823401
-219616	1.1957248665646802
-219584	1.7935872998470204
-219552	0.8967936499235102
-219520	1.7935872998470204
-219488	1.4946560832058502
-219456	0.5978624332823401
-219424	2.0925185164881905
-219392	2.0925185164881905
-219360	1.4946560832058502
-219328	1.4946560832058502
-219296	2.3914497331293605
-219264	1.1957248665646802
-219232	1.4946560832058502
-219200	2.0925185164881905
-219168	1.7935872998470204
-219136	1.1957248665646802
-219104	0.5978624332823401
-219072	2.0925185164881905
-219040	1.7935872998470204
-219008	0.8967936499235102
-218976	1.4946560832058502
-218944	1.1957248665646802
-218912	1.4946560832058502
-218880	2.6903809497705304
-218848	1.7935872998470204
-218816	1.7935872998470204
-218784	1.1957248665646802
-218752	2.3914497331293605
-218720	2.0925185164881905
-218688	2.3914497331293605
-218656	1.4946560832058502
-218624	2.0925185164881905
-218592	1.7935872998470204
-218560	1.7935872998470204
-218528	2.9893121664117004
-218496	1.4946560832058502
-218464	1.4946560832058502
-218432	3.288243383052871
-218400	1.4946560832058502
-218368	1.1957248665646802
-218336	0.8967936499235102
-218304	1.4946560832058502
-218272	2.3914497331293605
-218240	1.4946560832058502
-218208	2.0925185164881905
-218176	1.4946560832058502
-218144	1.4946560832058502
-218112	1.4946560832058502
-218080	0.8967936499235102
-218048	1.7935872998470204
-218016	0.8967936499235102
-217984	1.1957248665646802
-217952	1.4946560832058502
-217920	2.3914497331293605
-217888	2.3914497331293605
-217856	2.6903809497705304
-217824	2.3914497331293605
-217792	2.0925185164881905
-217760	2.0925185164881905
-217728	1.4946560832058502
-217696	1.1957248665646802
-217664	0.8967936499235102
-217632	2.0925185164881905
-217600	1.7935872998470204
-217568	1.4946560832058502
-217536	1.7935872998470204
-217504	1.4946560832058502
-217472	2.0925185164881905
-217440	3.5871745996940407
-217408	2.9893121664117004
-217376	2.6903809497705304
-217344	2.0925185164881905
-217312	1.1957248665646802
-217280	2.3914497331293605
-217248	0.8967936499235102
-217216	0.8967936499235102
-217184	2.0925185164881905
-217152	1.4946560832058502
-217120	1.4946560832058502
-217088	1.4946560832058502
-217056	2.0925185164881905
-217024	2.6903809497705304
-216992	0.8967936499235102
-216960	2.0925185164881905
-216928	2.0925185164881905
-216896	4.782899466258721
-216864	1.4946560832058502
-216832	1.4946560832058502
-216800	1.1957248665646802
-216768	0.8967936499235102
-216736	1.4946560832058502
-216704	0.5978624332823401
-216672	1.1957248665646802
-216640	0.29893121664117006
-216608	1.7935872998470204
-216576	1.7935872998470204
-216544	2.3914497331293605
-216512	0.5978624332823401
-216480	2.3914497331293605
-216448	1.1957248665646802
-216416	0.8967936499235102
-216384	2.3914497331293605
-216352	0.8967936499235102
-216320	1.4946560832058502
-216288	1.7935872998470204
-216256	1.4946560832058502
-216224	0.8967936499235102
-216192	1.1957248665646802
-216160	2.3914497331293605
-216128	1.4946560832058502
-216096	2.3914497331293605
-216064	1.4946560832058502
-216032	1.4946560832058502
-216000	1.4946560832058502
-215968	1.4946560832058502
-215936	3.8861058163352107
-215904	0.8967936499235102
-215872	2.0925185164881905
-215840	2.6903809497705304
-215808	1.4946560832058502
-215776	0.8967936499235102
-215744	1.4946560832058502
-215712	0.8967936499235102
-215680	1.4946560832058502
-215648	2.0925185164881905
-215616	1.7935872998470204
-215584	2.0925185164881905
-215552	2.6903809497705304
-215520	2.9893121664117004
-215488	1.1957248665646802
-215456	2.3914497331293605
-215424	0.8967936499235102
-215392	2.6903809497705304
-215360	2.9893121664117004
-215328	0.8967936499235102
-215296	1.1957248665646802
-215264	2.0925185164881905
-215232	2.6903809497705304
-215200	1.1957248665646802
-215168	2.3914497331293605
-215136	2.3914497331293605
-215104	3.288243383052871
-215072	0.8967936499235102
-215040	2.3914497331293605
-215008	2.3914497331293605
-214976	3.5871745996940407
-214944	2.0925185164881905
-214912	1.1957248665646802
-214880	0.5978624332823401
-214848	2.0925185164881905
-214816	2.9893121664117004
-214784	2.0925185164881905
-214752	1.4946560832058502
-214720	2.3914497331293605
-214688	1.7935872998470204
-214656	2.0925185164881905
-214624	0.8967936499235102
-214592	0.8967936499235102
-214560	3.288243383052871
-214528	2.6903809497705304
-214496	1.1957248665646802
-214464	2.9893121664117004
-214432	1.7935872998470204
-214400	0.29893121664117006
-214368	1.4946560832058502
-214336	1.1957248665646802
-214304	0.5978624332823401
-214272	1.4946560832058502
-214240	1.4946560832058502
-214208	2.3914497331293605
-214176	0.8967936499235102
-214144	1.1957248665646802
-214112	1.4946560832058502
-214080	2.0925185164881905
-214048	1.1957248665646802
-214016	1.4946560832058502
-213984	1.7935872998470204
-213952	2.0925185164881905
-213920	2.0925185164881905
-213888	2.0925185164881905
-213856	2.3914497331293605
-213824	2.3914497331293605
-213792	2.0925185164881905
-213760	1.7935872998470204
-213728	1.7935872998470204
-213696	1.4946560832058502
-213664	2.6903809497705304
-213632	2.9893121664117004
-213600	2.6903809497705304
-213568	0.8967936499235102
-213536	3.5871745996940407
-213504	1.7935872998470204
-213472	0.5978624332823401
-213440	2.6903809497705304
-213408	1.4946560832058502
-213376	1.1957248665646802
-213344	2.6903809497705304
-213312	1.7935872998470204
-213280	1.1957248665646802
-213248	1.4946560832058502
-213216	0.8967936499235102
-213184	1.7935872998470204
-213152	2.3914497331293605
-213120	2.3914497331293605
-213088	1.1957248665646802
-213056	0.8967936499235102
-213024	1.1957248665646802
-212992	0.29893121664117006
-212960	2.3914497331293605
-212928	2.3914497331293605
-212896	2.3914497331293605
-212864	1.1957248665646802
-212832	1.4946560832058502
-212800	1.4946560832058502
-212768	1.1957248665646802
-212736	0.8967936499235102
-212704	2.0925185164881905
-212672	2.0925185164881905
-212640	1.4946560832058502
-212608	2.0925185164881905
-212576	2.3914497331293605
-212544	1.1957248665646802
-212512	0.5978624332823401
-212480	0.8967936499235102
-212448	1.4946560832058502
-212416	0.8967936499235102
-212384	2.0925185164881905
-212352	0.8967936499235102
-212320	1.7935872998470204
-212288	1.4946560832058502
-212256	2.0925185164881905
-212224	2.3914497331293605
-212192	2.3914497331293605
-212160	1.1957248665646802
-212128	0.29893121664117006
-212096	1.1957248665646802
-212064	1.1957248665646802
-212032	0.8967936499235102
-212000	1.1957248665646802
-211968	2.3914497331293605
-211936	2.3914497331293605
-211904	2.0925185164881905
-211872	1.7935872998470204
-211840	2.3914497331293605
-211808	0.8967936499235102
-211776	3.288243383052871
-211744	2.0925185164881905
-211712	2.6903809497705304
-211680	2.0925185164881905
-211648	2.0925185164881905
-211616	2.6903809497705304
-211584	0
-211552	1.4946560832058502
-211520	1.4946560832058502
-211488	1.4946560832058502
-211456	1.4946560832058502
-211424	1.4946560832058502
-211392	1.7935872998470204
-211360	1.4946560832058502
-211328	1.1957248665646802
-211296	1.4946560832058502
-211264	1.4946560832058502
-211232	3.288243383052871
-211200	0.8967936499235102
-211168	2.6903809497705304
-211136	2.0925185164881905
-211104	2.0925185164881905
-211072	0.8967936499235102
-211040	2.3914497331293605
-211008	1.1957248665646802
-210976	1.7935872998470204
-210944	0.8967936499235102
-210912	0.8967936499235102
-210880	0.5978624332823401
-210848	2.0925185164881905
-210816	1.7935872998470204
-210784	1.7935872998470204
-210752	1.4946560832058502
-210720	0.8967936499235102
-210688	1.7935872998470204
-210656	0.29893121664117006
-210624	1.4946560832058502
-210592	1.1957248665646802
-210560	2.0925185164881905
-210528	2.3914497331293605
-210496	1.1957248665646802
-210464	1.4946560832058502
-210432	1.4946560832058502
-210400	2.6903809497705304
-210368	3.288243383052871
-210336	2.3914497331293605
-210304	2.3914497331293605
-210272	1.1957248665646802
-210240	2.6903809497705304
-210208	1.7935872998470204
-210176	2.6903809497705304
-210144	2.0925185164881905
-210112	1.4946560832058502
-210080	1.7935872998470204
-210048	1.4946560832058502
-210016	1.4946560832058502
-209984	2.6903809497705304
-209952	0.8967936499235102
-209920	1.1957248665646802
-209888	1.1957248665646802
-209856	2.0925185164881905
-209824	3.288243383052871
-209792	2.3914497331293605
-209760	2.3914497331293605
-209728	2.0925185164881905
-209696	1.1957248665646802
-209664	1.7935872998470204
-209632	1.4946560832058502
-209600	2.6903809497705304
-209568	1.1957248665646802
-209536	1.1957248665646802
-209504	2.9893121664117004
-209472	0.5978624332823401
-209440	2.0925185164881905
-209408	1.7935872998470204
-209376	2.0925185164881905
-209344	0.8967936499235102
-209312	1.4946560832058502
-209280	1.1957248665646802
-209248	1.7935872998470204
-209216	1.7935872998470204
-209184	0.5978624332823401
-209152	3.288243383052871
-209120	2.3914497331293605
-209088	1.1957248665646802
-209056	1.4946560832058502
-209024	3.288243383052871
-208992	2.0925185164881905
-208960	0.8967936499235102
-208928	1.1957248665646802
-208896	1.4946560832058502
-208864	0.29893121664117006
-208832	1.4946560832058502
-208800	1.4946560832058502
-208768	0.8967936499235102
-208736	2.0925185164881905
-208704	0.8967936499235102
-208672	1.4946560832058502
-208640	1.7935872998470204
-208608	1.4946560832058502
-208576	1.1957248665646802
-208544	2.0925185164881905
-208512	2.6903809497705304
-208480	0.8967936499235102
-208448	1.4946560832058502
-208416	2.0925185164881905
-208384	2.9893121664117004
-208352	2.6903809497705304
-208320	1.7935872998470204
-208288	1.7935872998470204
-208256	0.5978624332823401
-208224	2.3914497331293605
-208192	2.0925185164881905
-208160	1.4946560832058502
-208128	1.7935872998470204
-208096	0.29893121664117006
-208064	1.1957248665646802
-208032	1.7935872998470204
-208000	2.3914497331293605
-207968	0.29893121664117006
-207936	1.1957248665646802
-207904	1.4946560832058502
-207872	1.4946560832058502
-207840	0.8967936499235102
-207808	1.1957248665646802
-207776	1.7935872998470204
-207744	0.5978624332823401
-207712	0.5978624332823401
-207680	1.4946560832058502
-207648	1.4946560832058502
-207616	1.7935872998470204
-207584	1.4946560832058502
-207552	0.8967936499235102
-207520	2.0925185164881905
-207488	1.4946560832058502
-207456	2.0925185164881905
-207424	1.1957248665646802
-207392	2.0925185164881905
-207360	1.4946560832058502
-207328	0.8967936499235102
-207296	0.8967936499235102
-207264	1.7935872998470204
-207232	1.7935872998470204
-207200	2.0925185164881905
-207168	1.1957248665646802
-207136	1.1957248665646802
-207104	0.8967936499235102
-207072	1.4946560832058502
-207040	2.3914497331293605
-207008	1.7935872998470204
-206976	1.7935872998470204
-206944	1.7935872998470204
-206912	1.4946560832058502
-206880	2.6903809497705304
-206848	0.5978624332823401
-206816	2.6903809497705304
-206784	2.9893121664117004
-206752	1.7935872998470204
-206720	2.0925185164881905
-206688	1.7935872998470204
-206656	2.0925185164881905
-206624	1.4946560832058502
-206592	0.5978624332823401
-206560	2.9893121664117004
-206528	2.6903809497705304
-206496	1.7935872998470204
-206464	0.5978624332823401
-206432	0.8967936499235102
-206400	1.1957248665646802
-206368	2.9893121664117004
-206336	1.7935872998470204
-206304	1.1957248665646802
-206272	2.0925185164881905
-206240	1.7935872998470204
-206208	2.6903809497705304
-206176	1.4946560832058502
-206144	2.6903809497705304
-206112	2.0925185164881905
-206080	1.7935872998470204
-206048	0.8967936499235102
-206016	2.6903809497705304
-205984	1.4946560832058502
-205952	1.1957248665646802
-205920	3.8861058163352107
-205888	2.0925185164881905
-205856	1.4946560832058502
-205824	0.8967936499235102
-205792	0.8967936499235102
-205760	0.5978624332823401
-205728	1.4946560832058502
-205696	2.9893121664117004
-205664	1.1957248665646802
-205632	2.0925185164881905
-205600	1.7935872998470204
-205568	1.1957248665646802
-205536	2.3914497331293605
-205504	1.7935872998470204
-205472	1.4946560832058502
-205440	1.1957248665646802
-205408	1.7935872998470204
-205376	1.7935872998470204
-205344	2.6903809497705304
-205312	2.3914497331293605
-205280	0.8967936499235102
-205248	2.6903809497705304
-205216	1.4946560832058502
-205184	2.3914497331293605
-205152	1.1957248665646802
-205120	1.7935872998470204
-205088	3.5871745996940407
-205056	1.7935872998470204
-205024	0.8967936499235102
-204992	1.1957248665646802
-204960	1.7935872998470204
-204928	1.1957248665646802
-204896	2.3914497331293605
-204864	1.7935872998470204
-204832	1.1957248665646802
-204800	1.4946560832058502
-204768	2.9893121664117004
-204736	2.6903809497705304
-204704	2.0925185164881905
-204672	2.9893121664117004
-204640	0.5978624332823401
-204608	2.0925185164881905
-204576	2.0925185164881905
-204544	1.4946560832058502
-204512	0.8967936499235102
-204480	2.3914497331293605
-204448	2.3914497331293605
-204416	1.1957248665646802
-204384	0.8967936499235102
-204352	1.7935872998470204
-204320	0.8967936499235102
-204288	2.3914497331293605
-204256	1.7935872998470204
-204224	1.7935872998470204
-204192	2.3914497331293605
-204160	1.1957248665646802
-204128	3.288243383052871
-204096	2.0925185164881905
-204064	2.0925185164881905
-204032	2.0925185164881905
-204000	2.0925185164881905
-203968	1.7935872998470204
-203936	2.0925185164881905
-203904	2.0925185164881905
-203872	1.4946560832058502
-203840	0.5978624332823401
-203808	1.4946560832058502
-203776	1.1957248665646802
-203744	0.5978624332823401
-203712	1.4946560832058502
-203680	0.8967936499235102
-203648	0.8967936499235102
-203616	2.3914497331293605
-203584	1.4946560832058502
-203552	1.7935872998470204
-203520	1.1957248665646802
-203488	1.4946560832058502
-203456	1.7935872998470204
-203424	0.8967936499235102
-203392	1.7935872998470204
-203360	1.1957248665646802
-203328	1.4946560832058502
-203296	0.5978624332823401
-203264	2.3914497331293605
-203232	0.8967936499235102
-203200	0.29893121664117006
-203168	1.7935872998470204
-203136	2.3914497331293605
-203104	1.4946560832058502
-203072	0
-203040	2.0925185164881905
-203008	2.3914497331293605
-202976	1.1957248665646802
-202944	2.9893121664117004
-202912	0.29893121664117006
-202880	2.0925185164881905
-202848	1.4946560832058502
-202816	0.8967936499235102
-202784	1.1957248665646802
-202752	1.4946560832058502
-202720	1.1957248665646802
-202688	1.4946560832058502
-202656	1.1957248665646802
-202624	1.1957248665646802
-202592	2.0925185164881905
-202560	2.0925185164881905
-202528	2.3914497331293605
-202496	2.0925185164881905
-202464	2.3914497331293605
-202432	1.1957248665646802
-202400	1.7935872998470204
-202368	0.8967936499235102
-202336	1.7935872998470204
-202304	1.4946560832058502
-202272	1.1957248665646802
-202240	1.1957248665646802
-202208	1.4946560832058502
-202176	2.3914497331293605
-202144	2.3914497331293605
-202112	1.1957248665646802
-202080	2.0925185164881905
-202048	2.3914497331293605
-202016	0.8967936499235102
-201984	2.9893121664117004
-201952	2.3914497331293605
-201920	1.7935872998470204
-201888	0.5978624332823401
-201856	1.1957248665646802
-201824	2.9893121664117004
-201792	2.3914497331293605
-201760	2.0925185164881905
-201728	3.8861058163352107
-201696	1.1957248665646802
-201664	3.288243383052871
-201632	2.9893121664117004
-201600	1.7935872998470204
-201568	1.7935872998470204
-201536	1.1957248665646802
-201504	1.4946560832058502
-201472	2.9893121664117004
-201440	0.5978624332823401
-201408	2.0925185164881905
-201376	1.1957248665646802
-201344	2.0925185164881905
-201312	2.3914497331293605
-201280	2.3914497331293605
-201248	1.1957248665646802
-201216	0.8967936499235102
-201184	1.7935872998470204
-201152	3.288243383052871
-201120	1.4946560832058502
-201088	2.3914497331293605
-201056	1.7935872998470204
-201024	1.4946560832058502
-200992	0.8967936499235102
-200960	1.4946560832058502
-200928	0.8967936499235102
-200896	1.7935872998470204
-200864	1.4946560832058502
-200832	1.1957248665646802
-200800	1.4946560832058502
-200768	1.4946560832058502
-200736	0.29893121664117006
-200704	2.0925185164881905
-200672	0.8967936499235102
-200640	2.3914497331293605
-200608	2.9893121664117004
-200576	0.29893121664117006
-200544	1.7935872998470204
-200512	0.8967936499235102
-200480	1.7935872998470204
-200448	2.9893121664117004
-200416	3.5871745996940407
-200384	1.7935872998470204
-200352	1.4946560832058502
-200320	1.7935872998470204
-200288	1.4946560832058502
-200256	2.3914497331293605
-200224	1.4946560832058502
-200192	4.185037032976381
-200160	2.0925185164881905
-200128	2.0925185164881905
-200096	2.0925185164881905
-200064	1.7935872998470204
-200032	2.0925185164881905
-200000	0.8967936499235102
-199968	0.8967936499235102
-199936	2.9893121664117004
-199904	2.0925185164881905
-199872	0.8967936499235102
-199840	0.8967936499235102
-199808	2.0925185164881905
-199776	1.1957248665646802
-199744	0.29893121664117006
-199712	2.0925185164881905
-199680	2.6903809497705304
-199648	1.1957248665646802
-199616	1.7935872998470204
-199584	2.0925185164881905
-199552	1.1957248665646802
-199520	1.4946560832058502
-199488	0
-199456	1.4946560832058502
-199424	1.4946560832058502
-199392	2.0925185164881905
-199360	0.5978624332823401
-199328	2.0925185164881905
-199296	1.1957248665646802
-199264	1.4946560832058502
-199232	1.1957248665646802
-199200	1.7935872998470204
-199168	0.5978624332823401
-199136	0.8967936499235102
-199104	2.0925185164881905
-199072	1.1957248665646802
-199040	2.0925185164881905
-199008	1.7935872998470204
-198976	1.1957248665646802
-198944	1.4946560832058502
-198912	0.8967936499235102
-198880	1.4946560832058502
-198848	2.0925185164881905
-198816	1.1957248665646802
-198784	1.4946560832058502
-198752	0.8967936499235102
-198720	1.1957248665646802
-198688	1.7935872998470204
-198656	1.7935872998470204
-198624	1.7935872998470204
-198592	1.1957248665646802
-198560	1.1957248665646802
-198528	2.6903809497705304
-198496	2.0925185164881905
-198464	3.288243383052871
-198432	1.4946560832058502
-198400	2.3914497331293605
-198368	2.3914497331293605
-198336	1.7935872998470204
-198304	1.1957248665646802
-198272	0.29893121664117006
-198240	2.0925185164881905
-198208	1.1957248665646802
-198176	0.8967936499235102
-198144	1.1957248665646802
-198112	0.8967936499235102
-198080	2.0925185164881905
-198048	1.7935872998470204
-198016	1.1957248665646802
-197984	0.29893121664117006
-197952	2.6903809497705304
-197920	1.1957248665646802
-197888	2.0925185164881905
-197856	1.1957248665646802
-197824	1.7935872998470204
-197792	3.5871745996940407
-197760	0.5978624332823401
-197728	1.1957248665646802
-197696	1.1957248665646802
-197664	2.6903809497705304
-197632	0.8967936499235102
-197600	1.1957248665646802
-197568	1.1957248665646802
-197536	2.3914497331293605
-197504	2.3914497331293605
-197472	2.9893121664117004
-197440	1.7935872998470204
-197408	1.1957248665646802
-197376	1.1957248665646802
-197344	2.3914497331293605
-197312	1.1957248665646802
-197280	2.3914497331293605
-197248	1.4946560832058502
-197216	1.7935872998470204
-197184	0.8967936499235102
-197152	1.7935872998470204
-197120	1.1957248665646802
-197088	2.3914497331293605
-197056	0.8967936499235102
-197024	1.4946560832058502
-196992	2.0925185164881905
-196960	2.3914497331293605
-196928	1.4946560832058502
-196896	2.6903809497705304
-196864	0.5978624332823401
-196832	2.3914497331293605
-196800	2.0925185164881905
-196768	1.4946560832058502
-196736	1.1957248665646802
-196704	1.1957248665646802
-196672	1.4946560832058502
-196640	2.9893121664117004
-196608	2.0925185164881905
-196576	2.6903809497705304
-196544	1.7935872998470204
-196512	1.7935872998470204
-196480	0.8967936499235102
-196448	1.4946560832058502
-196416	0.5978624332823401
-196384	0.8967936499235102
-196352	2.0925185164881905
-196320	2.6903809497705304
-196288	2.0925185164881905
-196256	0.5978624332823401
-196224	1.4946560832058502
-196192	1.4946560832058502
-196160	1.1957248665646802
-196128	0.5978624332823401
-196096	2.0925185164881905
-196064	2.0925185164881905
-196032	1.7935872998470204
-196000	0.8967936499235102
-195968	2.9893121664117004
-195936	0.8967936499235102
-195904	2.0925185164881905
-195872	2.6903809497705304
-195840	2.3914497331293605
-195808	0.8967936499235102
-195776	2.3914497331293605
-195744	2.6903809497705304
-195712	0.5978624332823401
-195680	1.7935872998470204
-195648	0.8967936499235102
-195616	0.8967936499235102
-195584	0.8967936499235102
-195552	2.0925185164881905
-195520	0.8967936499235102
-195488	0.8967936499235102
-195456	0.29893121664117006
-195424	0.8967936499235102
-195392	1.4946560832058502
-195360	1.4946560832058502
-195328	1.4946560832058502
-195296	2.0925185164881905
-195264	1.7935872998470204
-195232	0.8967936499235102
-195200	1.1957248665646802
-195168	2.0925185164881905
-195136	1.1957248665646802
-195104	2.0925185164881905
-195072	1.1957248665646802
-195040	1.1957248665646802
-195008	3.288243383052871
-194976	0.8967936499235102
-194944	2.3914497331293605
-194912	2.6903809497705304
-194880	2.3914497331293605
-194848	1.7935872998470204
-194816	4.185037032976381
-194784	2.0925185164881905
-194752	1.7935872998470204
-194720	1.1957248665646802
-194688	1.1957248665646802
-194656	1.1957248665646802
-194624	0.5978624332823401
-194592	2.3914497331293605
-194560	1.1957248665646802
-194528	2.3914497331293605
-194496	2.3914497331293605
-194464	2.6903809497705304
-194432	2.3914497331293605
-194400	0.8967936499235102
-194368	1.4946560832058502
-194336	1.7935872998470204
-194304	2.3914497331293605
-194272	2.0925185164881905
-194240	1.1957248665646802
-194208	0.8967936499235102
-194176	0.8967936499235102
-194144	2.6903809497705304
-194112	1.1957248665646802
-194080	1.4946560832058502
-194048	1.7935872998470204
-194016	0.8967936499235102
-193984	2.3914497331293605
-193952	1.1957248665646802
-193920	1.1957248665646802
-193888	2.0925185164881905
-193856	0.8967936499235102
-193824	1.4946560832058502
-193792	2.6903809497705304
-193760	1.1957248665646802
-193728	1.1957248665646802
-193696	1.7935872998470204
-193664	2.6903809497705304
-193632	1.4946560832058502
-193600	1.7935872998470204
-193568	1.1957248665646802
-193536	2.6903809497705304
-193504	0.8967936499235102
-193472	2.3914497331293605
-193440	2.3914497331293605
-193408	2.3914497331293605
-193376	1.1957248665646802
-193344	2.6903809497705304
-193312	3.288243383052871
-193280	3.288243383052871
-193248	2.9893121664117004
-193216	1.7935872998470204
-193184	2.0925185164881905
-193152	1.4946560832058502
-193120	2.9893121664117004
-193088	0.5978624332823401
-193056	1.7935872998470204
-193024	3.288243383052871
-192992	0.8967936499235102
-192960	0.5978624332823401
-192928	1.4946560832058502
-192896	2.3914497331293605
-192864	0.5978624332823401
-192832	2.3914497331293605
-192800	3.288243383052871
-192768	1.1957248665646802
-192736	2.0925185164881905
-192704	2.0925185164881905
-192672	1.7935872998470204
-192640	2.6903809497705304
-192608	1.4946560832058502
-192576	2.6903809497705304
-192544	1.7935872998470204
-192512	1.4946560832058502
-192480	1.7935872998470204
-192448	1.7935872998470204
-192416	1.1957248665646802
-192384	1.4946560832058502
-192352	3.288243383052871
-192320	1.4946560832058502
-192288	1.4946560832058502
-192256	2.0925185164881905
-192224	2.6903809497705304
-192192	1.1957248665646802
-192160	2.6903809497705304
-192128	1.1957248665646802
-192096	1.4946560832058502
-192064	2.0925185164881905
-192032	1.7935872998470204
-192000	1.7935872998470204
-191968	0.8967936499235102
-191936	2.0925185164881905
-191904	1.1957248665646802
-191872	1.4946560832058502
-191840	1.4946560832058502
-191808	2.6903809497705304
-191776	1.1957248665646802
-191744	1.7935872998470204
-191712	2.0925185164881905
-191680	0.5978624332823401
-191648	2.0925185164881905
-191616	2.0925185164881905
-191584	2.0925185164881905
-191552	1.7935872998470204
-191520	0.8967936499235102
-191488	1.1957248665646802
-191456	1.1957248665646802
-191424	0.8967936499235102
-191392	1.4946560832058502
-191360	2.3914497331293605
-191328	2.0925185164881905
-191296	1.7935872998470204
-191264	1.1957248665646802
-191232	1.1957248665646802
-191200	1.4946560832058502
-191168	1.7935872998470204
-191136	2.9893121664117004
-191104	1.1957248665646802
-191072	1.7935872998470204
-191040	2.3914497331293605
-191008	1.7935872998470204
-190976	1.4946560832058502
-190944	1.7935872998470204
-190912	2.3914497331293605
-190880	1.7935872998470204
-190848	2.0925185164881905
-190816	3.288243383052871
-190784	1.1957248665646802
-190752	2.6903809497705304
-190720	0.5978624332823401
-190688	0.8967936499235102
-190656	1.7935872998470204
-190624	1.4946560832058502
-190592	2.3914497331293605
-190560	1.4946560832058502
-190528	1.4946560832058502
-190496	0.5978624332823401
-190464	1.4946560832058502
-190432	1.4946560832058502
-190400	1.4946560832058502
-190368	1.4946560832058502
-190336	0.8967936499235102
-190304	2.6903809497705304
-190272	1.1957248665646802
-190240	1.7935872998470204
-190208	2.0925185164881905
-190176	1.7935872998470204
-190144	4.185037032976381
-190112	0.5978624332823401
-190080	3.288243383052871
-190048	1.4946560832058502
-190016	0.8967936499235102
-189984	1.4946560832058502
-189952	1.1957248665646802
-189920	1.4946560832058502
-189888	1.4946560832058502
-189856	3.288243383052871
-189824	1.7935872998470204
-189792	1.7935872998470204
-189760	1.4946560832058502
-189728	1.4946560832058502
-189696	0.29893121664117006
-189664	1.7935872998470204
-189632	0.8967936499235102
-189600	1.1957248665646802
-189568	1.4946560832058502
-189536	2.0925185164881905
-189504	1.1957248665646802
-189472	2.0925185164881905
-189440	1.4946560832058502
-189408	3.288243383052871
-189376	2.0925185164881905
-189344	1.4946560832058502
-189312	1.7935872998470204
-189280	0.8967936499235102
-189248	2.0925185164881905
-189216	1.4946560832058502
-189184	2.6903809497705304
-189152	1.4946560832058502
-189120	1.4946560832058502
-189088	1.1957248665646802
-189056	2.9893121664117004
-189024	2.0925185164881905
-188992	1.1957248665646802
-188960	2.3914497331293605
-188928	2.0925185164881905
-188896	0.8967936499235102
-188864	2.0925185164881905
-188832	1.1957248665646802
-188800	1.1957248665646802
-188768	2.0925185164881905
-188736	0.5978624332823401
-188704	0.8967936499235102
-188672	0.8967936499235102
-188640	2.0925185164881905
-188608	2.0925185164881905
-188576	2.6903809497705304
-188544	2.0925185164881905
-188512	1.7935872998470204
-188480	1.1957248665646802
-188448	2.0925185164881905
-188416	1.7935872998470204
-188384	0.8967936499235102
-188352	0.29893121664117006
-188320	2.0925185164881905
-188288	0.5978624332823401
-188256	2.3914497331293605
-188224	2.3914497331293605
-188192	1.1957248665646802
-188160	1.7935872998470204
-188128	1.4946560832058502
-188096	2.6903809497705304
-188064	1.1957248665646802
-188032	3.5871745996940407
-188000	2.9893121664117004
-187968	2.9893121664117004
-187936	2.6903809497705304
-187904	0.8967936499235102
-187872	1.7935872998470204
-187840	1.4946560832058502
-187808	0.8967936499235102
-187776	1.7935872998470204
-187744	2.9893121664117004
-187712	1.1957248665646802
-187680	2.3914497331293605
-187648	1.1957248665646802
-187616	1.1957248665646802
-187584	1.7935872998470204
-187552	1.1957248665646802
-187520	2.3914497331293605
-187488	1.7935872998470204
-187456	0.8967936499235102
-187424	2.3914497331293605
-187392	2.3914497331293605
-187360	0.8967936499235102
-187328	2.9893121664117004
-187296	2.3914497331293605
-187264	0.5978624332823401
-187232	0.8967936499235102
-187200	1.7935872998470204
-187168	1.7935872998470204
-187136	0.5978624332823401
-187104	1.4946560832058502
-187072	0.29893121664117006
-187040	2.3914497331293605
-187008	1.4946560832058502
-186976	0.5978624332823401
-186944	1.1957248665646802
-186912	2.3914497331293605
-186880	1.7935872998470204
-186848	2.0925185164881905
-186816	1.7935872998470204
-186784	2.3914497331293605
-186752	1.7935872998470204
-186720	1.1957248665646802
-186688	2.0925185164881905
-186656	2.0925185164881905
-186624	2.3914497331293605
-186592	0.29893121664117006
-186560	2.0925185164881905
-186528	1.4946560832058502
-186496	1.4946560832058502
-186464	1.4946560832058502
-186432	2.0925185164881905
-186400	2.0925185164881905
-186368	2.0925185164881905
-186336	1.4946560832058502
-186304	2.0925185164881905
-186272	0.8967936499235102
-186240	1.1957248665646802
-186208	1.4946560832058502
-186176	0.8967936499235102
-186144	2.0925185164881905
-186112	1.7935872998470204
-186080	1.7935872998470204
-186048	1.4946560832058502
-186016	2.9893121664117004
-185984	1.4946560832058502
-185952	1.4946560832058502
-185920	2.0925185164881905
-185888	1.1957248665646802
-185856	1.4946560832058502
-185824	1.4946560832058502
-185792	1.7935872998470204
-185760	2.0925185164881905
-185728	2.6903809497705304
-185696	1.7935872998470204
-185664	1.7935872998470204
-185632	1.1957248665646802
-185600	1.4946560832058502
-185568	1.7935872998470204
-185536	1.4946560832058502
-185504	2.9893121664117004
-185472	1.4946560832058502
-185440	0.5978624332823401
-185408	2.6903809497705304
-185376	0.5978624332823401
-185344	1.7935872998470204
-185312	2.0925185164881905
-185280	2.0925185164881905
-185248	3.5871745996940407
-185216	0.8967936499235102
-185184	2.3914497331293605
-185152	1.7935872998470204
-185120	0.8967936499235102
-185088	1.4946560832058502
-185056	0.8967936499235102
-185024	2.6903809497705304
-184992	1.7935872998470204
-184960	1.4946560832058502
-184928	1.1957248665646802
-184896	1.7935872998470204
-184864	1.7935872998470204
-184832	1.7935872998470204
-184800	2.6903809497705304
-184768	2.0925185164881905
-184736	2.3914497331293605
-184704	1.7935872998470204
-184672	1.4946560832058502
-184640	2.3914497331293605
-184608	1.4946560832058502
-184576	2.6903809497705304
-184544	1.7935872998470204
-184512	2.0925185164881905
-184480	1.4946560832058502
-184448	1.1957248665646802
-184416	1.4946560832058502
-184384	2.0925185164881905
-184352	1.1957248665646802
-184320	1.1957248665646802
-184288	1.7935872998470204
-184256	1.7935872998470204
-184224	1.1957248665646802
-184192	1.4946560832058502
-184160	2.6903809497705304
-184128	1.7935872998470204
-184096	2.0925185164881905
-184064	2.3914497331293605
-184032	0.8967936499235102
-184000	1.1957248665646802
-183968	1.7935872998470204
-183936	1.1957248665646802
-183904	1.7935872998470204
-183872	1.4946560832058502
-183840	3.288243383052871
-183808	1.7935872998470204
-183776	2.3914497331293605
-183744	2.3914497331293605
-183712	0.8967936499235102
-183680	0.8967936499235102
-183648	2.0925185164881905
-183616	1.1957248665646802
-183584	1.1957248665646802
-183552	1.7935872998470204
-183520	1.7935872998470204
-183488	1.4946560832058502
-183456	0.5978624332823401
-183424	2.0925185164881905
-183392	3.288243383052871
-183360	1.4946560832058502
-183328	2.3914497331293605
-183296	1.1957248665646802
-183264	1.7935872998470204
-183232	4.185037032976381
-183200	2.6903809497705304
-183168	1.4946560832058502
-183136	3.288243383052871
-183104	2.3914497331293605
-183072	2.6903809497705304
-183040	1.7935872998470204
-183008	0.5978624332823401
-182976	1.4946560832058502
-182944	1.1957248665646802
-182912	1.4946560832058502
-182880	2.3914497331293605
-182848	1.1957248665646802
-182816	2.0925185164881905
-182784	1.1957248665646802
-182752	0.5978624332823401
-182720	1.7935872998470204
-182688	1.4946560832058502
-182656	1.1957248665646802
-182624	1.1957248665646802
-182592	1.4946560832058502
-182560	1.1957248665646802
-182528	2.9893121664117004
-182496	1.4946560832058502
-182464	0.5978624332823401
-182432	2.3914497331293605
-182400	1.4946560832058502
-182368	3.288243383052871
-182336	1.4946560832058502
-182304	2.3914497331293605
-182272	1.1957248665646802
-182240	2.6903809497705304
-182208	1.1957248665646802
-182176	0.5978624332823401
-182144	0.8967936499235102
-182112	0.5978624332823401
-182080	1.1957248665646802
-182048	0.5978624332823401
-182016	1.1957248665646802
-181984	1.4946560832058502
-181952	0.8967936499235102
-181920	2.6903809497705304
-181888	2.6903809497705304
-181856	1.4946560832058502
-181824	2.6903809497705304
-181792	1.4946560832058502
-181760	2.6903809497705304
-181728	1.1957248665646802
-181696	0.8967936499235102
-181664	2.0925185164881905
-181632	1.4946560832058502
-181600	1.4946560832058502
-181568	1.4946560832058502
-181536	2.3914497331293605
-181504	1.7935872998470204
-181472	1.1957248665646802
-181440	2.0925185164881905
-181408	0.5978624332823401
-181376	1.7935872998470204
-181344	2.0925185164881905
-181312	1.7935872998470204
-181280	1.1957248665646802
-181248	2.0925185164881905
-181216	1.4946560832058502
-181184	1.1957248665646802
-181152	1.4946560832058502
-181120	1.7935872998470204
-181088	1.4946560832058502
-181056	1.1957248665646802
-181024	1.7935872998470204
-180992	1.7935872998470204
-180960	1.4946560832058502
-180928	0.8967936499235102
-180896	1.4946560832058502
-180864	1.7935872998470204
-180832	1.1957248665646802
-180800	2.3914497331293605
-180768	2.6903809497705304
-180736	2.6903809497705304
-180704	3.8861058163352107
-180672	2.6903809497705304
-180640	1.1957248665646802
-180608	0.29893121664117006
-180576	3.288243383052871
-180544	0.8967936499235102
-180512	2.3914497331293605
-180480	1.4946560832058502
-180448	0.8967936499235102
-180416	1.1957248665646802
-180384	0.8967936499235102
-180352	2.6903809497705304
-180320	2.3914497331293605
-180288	1.4946560832058502
-180256	1.7935872998470204
-180224	1.7935872998470204
-180192	2.0925185164881905
-180160	2.6903809497705304
-180128	2.9893121664117004
-180096	2.6903809497705304
-180064	1.4946560832058502
-180032	1.4946560832058502
-180000	2.3914497331293605
-179968	2.0925185164881905
-179936	0.8967936499235102
-179904	2.3914497331293605
-179872	2.3914497331293605
-179840	1.7935872998470204
-179808	1.4946560832058502
-179776	2.0925185164881905
-179744	1.1957248665646802
-179712	1.7935872998470204
-179680	2.6903809497705304
-179648	1.7935872998470204
-179616	2.6903809497705304
-179584	2.6903809497705304
-179552	0.8967936499235102
-179520	2.0925185164881905
-179488	0.8967936499235102
-179456	3.288243383052871
-179424	3.288243383052871
-179392	0.5978624332823401
-179360	0.8967936499235102
-179328	3.5871745996940407
-179296	0.8967936499235102
-179264	2.3914497331293605
-179232	1.1957248665646802
-179200	2.6903809497705304
-179168	2.0925185164881905
-179136	1.4946560832058502
-179104	2.0925185164881905
-179072	2.0925185164881905
-179040	2.9893121664117004
-179008	1.7935872998470204
-178976	1.7935872998470204
-178944	1.7935872998470204
-178912	1.1957248665646802
-178880	0.8967936499235102
-178848	2.3914497331293605
-178816	1.7935872998470204
-178784	1.7935872998470204
-178752	1.1957248665646802
-178720	1.1957248665646802
-178688	0.8967936499235102
-178656	2.3914497331293605
-178624	1.7935872998470204
-178592	2.0925185164881905
-178560	2.0925185164881905
-178528	0.29893121664117006
-178496	1.7935872998470204
-178464	2.3914497331293605
-178432	2.3914497331293605
-178400	2.6903809497705304
-178368	2.0925185164881905
-178336	1.7935872998470204
-178304	0.8967936499235102
-178272	0.8967936499235102
-178240	1.1957248665646802
-178208	2.3914497331293605
-178176	0.8967936499235102
-178144	0.29893121664117006
-178112	2.0925185164881905
-178080	2.3914497331293605
-178048	2.0925185164881905
-178016	1.1957248665646802
-177984	2.3914497331293605
-177952	1.4946560832058502
-177920	2.3914497331293605
-177888	1.4946560832058502
-177856	0.8967936499235102
-177824	1.7935872998470204
-177792	1.1957248665646802
-177760	0.29893121664117006
-177728	3.5871745996940407
-177696	2.6903809497705304
-177664	1.7935872998470204
-177632	2.0925185164881905
-177600	1.7935872998470204
-177568	0.8967936499235102
-177536	2.3914497331293605
-177504	1.7935872998470204
-177472	0.8967936499235102
-177440	3.288243383052871
-177408	0.5978624332823401
-177376	0.8967936499235102
-177344	1.1957248665646802
-177312	1.7935872998470204
-177280	0.5978624332823401
-177248	0.8967936499235102
-177216	2.0925185164881905
-177184	0.8967936499235102
-177152	2.0925185164881905
-177120	2.0925185164881905
-177088	2.3914497331293605
-177056	1.7935872998470204
-177024	0.8967936499235102
-176992	3.288243383052871
-176960	1.1957248665646802
-176928	1.1957248665646802
-176896	0.8967936499235102
-176864	2.3914497331293605
-176832	0.8967936499235102
-176800	1.4946560832058502
-176768	1.4946560832058502
-176736	1.4946560832058502
-176704	0.8967936499235102
-176672	2.0925185164881905
-176640	1.4946560832058502
-176608	1.7935872998470204
-176576	2.3914497331293605
-176544	1.4946560832058502
-176512	1.1957248665646802
-176480	1.7935872998470204
-176448	0.8967936499235102
-176416	2.3914497331293605
-176384	1.7935872998470204
-176352	1.4946560832058502
-176320	1.4946560832058502
-176288	1.7935872998470204
-176256	2.0925185164881905
-176224	1.4946560832058502
-176192	1.1957248665646802
-176160	1.7935872998470204
-176128	0.5978624332823401
-176096	0.5978624332823401
-176064	1.1957248665646802
-176032	2.0925185164881905
-176000	2.0925185164881905
-175968	1.4946560832058502
-175936	2.6903809497705304
-175904	2.0925185164881905
-175872	1.4946560832058502
-175840	1.7935872998470204
-175808	1.1957248665646802
-175776	1.4946560832058502
-175744	1.7935872998470204
-175712	1.4946560832058502
-175680	1.7935872998470204
-175648	0.8967936499235102
-175616	2.3914497331293605
-175584	1.4946560832058502
-175552	2.3914497331293605
-175520	1.4946560832058502
-175488	2.3914497331293605
-175456	2.0925185164881905
-175424	2.3914497331293605
-175392	2.3914497331293605
-175360	2.3914497331293605
-175328	1.7935872998470204
-175296	2.0925185164881905
-175264	1.1957248665646802
-175232	2.0925185164881905
-175200	1.7935872998470204
-175168	2.6903809497705304
-175136	1.4946560832058502
-175104	1.7935872998470204
-175072	2.3914497331293605
-175040	1.7935872998470204
-175008	1.7935872998470204
-174976	2.0925185164881905
-174944	0
-174912	0.8967936499235102
-174880	2.3914497331293605
-174848	0.29893121664117006
-174816	1.1957248665646802
-174784	0.5978624332823401
-174752	1.1957248665646802
-174720	0.8967936499235102
-174688	1.7935872998470204
-174656	2.6903809497705304
-174624	1.4946560832058502
-174592	1.1957248665646802
-174560	2.3914497331293605
-174528	1.4946560832058502
-174496	1.1957248665646802
-174464	3.288243383052871
-174432	2.6903809497705304
-174400	2.3914497331293605
-174368	2.3914497331293605
-174336	2.0925185164881905
-174304	2.3914497331293605
-174272	1.7935872998470204
-174240	1.1957248665646802
-174208	0.29893121664117006
-174176	2.6903809497705304
-174144	2.6903809497705304
-174112	2.0925185164881905
-174080	2.0925185164881905
-174048	1.4946560832058502
-174016	2.6903809497705304
-173984	0.8967936499235102
-173952	2.0925185164881905
-173920	2.3914497331293605
-173888	0.8967936499235102
-173856	1.1957248665646802
-173824	2.3914497331293605
-173792	2.6903809497705304
-173760	1.7935872998470204
-173728	1.7935872998470204
-173696	1.1957248665646802
-173664	3.5871745996940407
-173632	1.7935872998470204
-173600	3.5871745996940407
-173568	1.1957248665646802
-173536	2.0925185164881905
-173504	1.4946560832058502
-173472	1.7935872998470204
-173440	2.0925185164881905
-173408	1.7935872998470204
-173376	1.1957248665646802
-173344	1.7935872998470204
-173312	1.7935872998470204
-173280	2.3914497331293605
-173248	1.4946560832058502
-173216	2.3914497331293605
-173184	2.9893121664117004
-173152	1.4946560832058502
-173120	1.1957248665646802
-173088	2.3914497331293605
-173056	1.1957248665646802
-173024	1.7935872998470204
-172992	1.4946560832058502
-172960	2.0925185164881905
-172928	0.8967936499235102
-172896	0.5978624332823401
-172864	1.4946560832058502
-172832	1.4946560832058502
-172800	0.29893121664117006
-172768	0.5978624332823401
-172736	1.1957248665646802
-172704	1.1957248665646802
-172672	1.1957248665646802
-172640	2.0925185164881905
-172608	2.3914497331293605
-172576	2.0925185164881905
-172544	1.4946560832058502
-172512	0.8967936499235102
-172480	1.7935872998470204
-172448	2.3914497331293605
-172416	2.0925185164881905
-172384	1.7935872998470204
-172352	0.8967936499235102
-172320	0.8967936499235102
-172288	1.4946560832058502
-172256	1.1957248665646802
-172224	1.7935872998470204
-172192	0.29893121664117006
-172160	2.0925185164881905
-172128	1.7935872998470204
-172096	1.4946560832058502
-172064	1.4946560832058502
-172032	2.3914497331293605
-172000	0.5978624332823401
-171968	1.4946560832058502
-171936	1.7935872998470204
-171904	2.0925185164881905
-171872	1.7935872998470204
-171840	1.7935872998470204
-171808	1.4946560832058502
-171776	0.29893121664117006
-171744	2.9893121664117004
-171712	1.1957248665646802
-171680	2.0925185164881905
-171648	3.5871745996940407
-171616	1.1957248665646802
-171584	2.3914497331293605
-171552	2.0925185164881905
-171520	2.0925185164881905
-171488	0.8967936499235102
-171456	2.0925185164881905
-171424	1.1957248665646802
-171392	1.1957248665646802
-171360	0.8967936499235102
-171328	1.7935872998470204
-171296	2.9893121664117004
-171264	3.8861058163352107
-171232	2.3914497331293605
-171200	2.0925185164881905
-171168	1.1957248665646802
-171136	2.3914497331293605
-171104	0.29893121664117006
-171072	2.0925185164881905
-171040	2.0925185164881905
-171008	0.5978624332823401
-170976	1.1957248665646802
-170944	1.1957248665646802
-170912	1.1957248665646802
-170880	1.7935872998470204
-170848	0.8967936499235102
-170816	2.6903809497705304
-170784	1.1957248665646802
-170752	1.7935872998470204
-170720	1.1957248665646802
-170688	2.3914497331293605
-170656	1.7935872998470204
-170624	0.8967936499235102
-170592	1.4946560832058502
-170560	0.5978624332823401
-170528	1.4946560832058502
-170496	4.185037032976381
-170464	1.7935872998470204
-170432	1.4946560832058502
-170400	1.7935872998470204
-170368	2.0925185164881905
-170336	0.29893121664117006
-170304	2.6903809497705304
-170272	0.5978624332823401
-170240	1.1957248665646802
-170208	1.4946560832058502
-170176	2.3914497331293605
-170144	1.4946560832058502
-170112	1.7935872998470204
-170080	2.0925185164881905
-170048	0.5978624332823401
-170016	0.8967936499235102
-169984	1.1957248665646802
-169952	2.0925185164881905
-169920	1.1957248665646802
-169888	2.3914497331293605
-169856	1.7935872998470204
-169824	1.4946560832058502
-169792	1.4946560832058502
-169760	1.4946560832058502
-169728	1.1957248665646802
-169696	1.4946560832058502
-169664	1.1957248665646802
-169632	2.3914497331293605
-169600	1.7935872998470204
-169568	0.5978624332823401
-169536	1.7935872998470204
-169504	1.4946560832058502
-169472	2.0925185164881905
-169440	2.9893121664117004
-169408	4.185037032976381
-169376	1.4946560832058502
-169344	2.6903809497705304
-169312	1.1957248665646802
-169280	2.3914497331293605
-169248	1.1957248665646802
-169216	1.1957248665646802
-169184	1.4946560832058502
-169152	1.1957248665646802
-169120	1.4946560832058502
-169088	3.5871745996940407
-169056	0.5978624332823401
-169024	1.7935872998470204
-168992	1.7935872998470204
-168960	1.4946560832058502
-168928	1.1957248665646802
-168896	2.0925185164881905
-168864	1.1957248665646802
-168832	1.1957248665646802
-168800	1.1957248665646802
-168768	1.7935872998470204
-168736	2.9893121664117004
-168704	0.8967936499235102
-168672	3.288243383052871
-168640	1.4946560832058502
-168608	1.1957248665646802
-168576	1.1957248665646802
-168544	1.7935872998470204
-168512	2.0925185164881905
-168480	1.7935872998470204
-168448	3.5871745996940407
-168416	1.7935872998470204
-168384	1.1957248665646802
-168352	1.7935872998470204
-168320	1.4946560832058502
-168288	1.4946560832058502
-168256	0.8967936499235102
-168224	1.4946560832058502
-168192	0.8967936499235102
-168160	2.6903809497705304
-168128	2.0925185164881905
-168096	1.7935872998470204
-168064	1.1957248665646802
-168032	0.5978624332823401
-168000	2.0925185164881905
-167968	0.8967936499235102
-167936	1.1957248665646802
-167904	3.288243383052871
-167872	1.7935872998470204
-167840	0.8967936499235102
-167808	2.0925185164881905
-167776	1.4946560832058502
-167744	2.3914497331293605
-167712	1.4946560832058502
-167680	1.1957248665646802
-167648	1.4946560832058502
-167616	1.4946560832058502
-167584	1.4946560832058502
-167552	1.4946560832058502
-167520	2.6903809497705304
-167488	1.1957248665646802
-167456	2.3914497331293605
-167424	0.5978624332823401
-167392	0.8967936499235102
-167360	1.4946560832058502
-167328	0.8967936499235102
-167296	2.6903809497705304
-167264	2.3914497331293605
-167232	2.0925185164881905
-167200	1.4946560832058502
-167168	0.5978624332823401
-167136	1.4946560832058502
-167104	2.0925185164881905
-167072	3.288243383052871
-167040	0.8967936499235102
-167008	1.7935872998470204
-166976	0.8967936499235102
-166944	2.3914497331293605
-166912	1.4946560832058502
-166880	1.1957248665646802
-166848	2.0925185164881905
-166816	2.3914497331293605
-166784	2.6903809497705304
-166752	1.4946560832058502
-166720	1.7935872998470204
-166688	0.8967936499235102
-166656	1.4946560832058502
-166624	2.3914497331293605
-166592	1.1957248665646802
-166560	0.5978624332823401
-166528	0.8967936499235102
-166496	2.9893121664117004
-166464	1.4946560832058502
-166432	0.5978624332823401
-166400	2.0925185164881905
-166368	1.4946560832058502
-166336	1.1957248665646802
-166304	0.29893121664117006
-166272	1.4946560832058502
-166240	2.3914497331293605
-166208	1.4946560832058502
-166176	2.3914497331293605
-166144	1.7935872998470204
-166112	2.0925185164881905
-166080	2.3914497331293605
-166048	1.7935872998470204
-166016	0.29893121664117006
-165984	1.1957248665646802
-165952	1.7935872998470204
-165920	2.9893121664117004
-165888	2.6903809497705304
-165856	1.7935872998470204
-165824	0.8967936499235102
-165792	2.9893121664117004
-165760	2.9893121664117004
-165728	1.1957248665646802
-165696	2.3914497331293605
-165664	2.9893121664117004
-165632	1.7935872998470204
-165600	1.7935872998470204
-165568	1.1957248665646802
-165536	1.7935872998470204
-165504	3.8861058163352107
-165472	1.7935872998470204
-165440	3.288243383052871
-165408	0.5978624332823401
-165376	2.3914497331293605
-165344	2.0925185164881905
-165312	1.1957248665646802
-165280	2.6903809497705304
-165248	0.29893121664117006
-165216	2.3914497331293605
-165184	0.8967936499235102
-165152	0.8967936499235102
-165120	1.4946560832058502
-165088	0.8967936499235102
-165056	2.0925185164881905
-165024	2.0925185164881905
-164992	3.288243383052871
-164960	0.8967936499235102
-164928	2.0925185164881905
-164896	2.0925185164881905
-164864	1.4946560832058502
-164832	1.1957248665646802
-164800	2.3914497331293605
-164768	0.8967936499235102
-164736	2.0925185164881905
-164704	0.8967936499235102
-164672	1.7935872998470204
-164640	3.288243383052871
-164608	2.6903809497705304
-164576	2.3914497331293605
-164544	0.5978624332823401
-164512	2.0925185164881905
-164480	2.3914497331293605
-164448	1.4946560832058502
-164416	0.8967936499235102
-164384	1.1957248665646802
-164352	3.5871745996940407
-164320	1.1957248665646802
-164288	1.7935872998470204
-164256	1.1957248665646802
-164224	2.0925185164881905
-164192	1.4946560832058502
-164160	0.8967936499235102
-164128	2.6903809497705304
-164096	1.1957248665646802
-164064	2.0925185164881905
-164032	1.4946560832058502
-164000	1.1957248665646802
-163968	1.7935872998470204
-163936	1.4946560832058502
-163904	1.7935872998470204
-163872	3.288243383052871
-163840	3.288243383052871
-163808	2.0925185164881905
-163776	2.0925185164881905
-163744	2.0925185164881905
-163712	1.7935872998470204
-163680	2.0925185164881905
-163648	1.1957248665646802
-163616	0.8967936499235102
-163584	0.5978624332823401
-163552	0.5978624332823401
-163520	0.5978624332823401
-163488	0.5978624332823401
-163456	1.7935872998470204
-163424	2.3914497331293605
-163392	2.0925185164881905
-163360	1.4946560832058502
-163328	1.4946560832058502
-163296	1.7935872998470204
-163264	1.4946560832058502
-163232	3.5871745996940407
-163200	2.0925185164881905
-163168	0.5978624332823401
-163136	0.5978624332823401
-163104	0.29893121664117006
-163072	2.0925185164881905
-163040	1.4946560832058502
-163008	2.0925185164881905
-162976	1.1957248665646802
-162944	1.7935872998470204
-162912	0.8967936499235102
-162880	1.4946560832058502
-162848	1.1957248665646802
-162816	3.288243383052871
-162784	1.7935872998470204
-162752	1.1957248665646802
-162720	1.4946560832058502
-162688	1.1957248665646802
-162656	1.1957248665646802
-162624	0.8967936499235102
-162592	2.6903809497705304
-162560	1.4946560832058502
-162528	1.7935872998470204
-162496	0.8967936499235102
-162464	1.7935872998470204
-162432	0.5978624332823401
-162400	1.1957248665646802
-162368	1.4946560832058502
-162336	2.6903809497705304
-162304	1.7935872998470204
-162272	1.7935872998470204
-162240	2.6903809497705304
-162208	1.4946560832058502
-162176	1.4946560832058502
-162144	1.4946560832058502
-162112	2.6903809497705304
-162080	0.5978624332823401
-162048	1.1957248665646802
-162016	1.1957248665646802
-161984	1.7935872998470204
-161952	2.6903809497705304
-161920	0.5978624332823401
-161888	2.3914497331293605
-161856	1.7935872998470204
-161824	3.5871745996940407
-161792	1.7935872998470204
-161760	2.6903809497705304
-161728	2.0925185164881905
-161696	1.7935872998470204
-161664	1.1957248665646802
-161632	2.6903809497705304
-161600	2.3914497331293605
-161568	0.29893121664117006
-161536	2.0925185164881905
-161504	1.7935872998470204
-161472	1.7935872998470204
-161440	1.7935872998470204
-161408	2.0925185164881905
-161376	1.7935872998470204
-161344	0.5978624332823401
-161312	2.0925185164881905
-161280	0.5978624332823401
-161248	0.8967936499235102
-161216	1.7935872998470204
-161184	2.3914497331293605
-161152	2.6903809497705304
-161120	0.29893121664117006
-161088	2.3914497331293605
-161056	2.6903809497705304
-161024	0.29893121664117006
-160992	0.29893121664117006
-160960	2.3914497331293605
-160928	0.5978624332823401
-160896	2.6903809497705304
-160864	1.7935872998470204
-160832	1.7935872998470204
-160800	1.4946560832058502
-160768	2.3914497331293605
-160736	1.7935872998470204
-160704	2.0925185164881905
-160672	2.6903809497705304
-160640	1.4946560832058502
-160608	2.0925185164881905
-160576	2.3914497331293605
-160544	1.4946560832058502
-160512	1.4946560832058502
-160480	0.5978624332823401
-160448	0.8967936499235102
-160416	3.288243383052871
-160384	1.4946560832058502
-160352	1.1957248665646802
-160320	1.7935872998470204
-160288	2.3914497331293605
-160256	2.6903809497705304
-160224	0.5978624332823401
-160192	1.4946560832058502
-160160	1.4946560832058502
-160128	1.1957248665646802
-160096	1.4946560832058502
-160064	1.7935872998470204
-160032	1.7935872998470204
-160000	2.0925185164881905
-159968	1.1957248665646802
-159936	2.0925185164881905
-159904	2.3914497331293605
-159872	1.7935872998470204
-159840	2.6903809497705304
-159808	1.4946560832058502
-159776	2.6903809497705304
-159744	2.6903809497705304
-159712	2.0925185164881905
-159680	1.7935872998470204
-159648	0.8967936499235102
-159616	0.8967936499235102
-159584	1.1957248665646802
-159552	0.5978624332823401
-159520	0.8967936499235102
-159488	1.7935872998470204
-159456	1.4946560832058502
-159424	1.4946560832058502
-159392	3.288243383052871
-159360	1.7935872998470204
-159328	0.8967936499235102
-159296	0.8967936499235102
-159264	2.3914497331293605
-159232	2.3914497331293605
-159200	2.9893121664117004
-159168	1.7935872998470204
-159136	2.0925185164881905
-159104	1.7935872998470204
-159072	1.4946560832058502
-159040	0.8967936499235102
-159008	1.4946560832058502
-158976	2.0925185164881905
-158944	2.0925185164881905
-158912	0.5978624332823401
-158880	1.7935872998470204
-158848	0.8967936499235102
-158816	2.6903809497705304
-158784	2.3914497331293605
-158752	2.9893121664117004
-158720	1.4946560832058502
-158688	2.6903809497705304
-158656	0.29893121664117006
-158624	1.7935872998470204
-158592	1.7935872998470204
-158560	1.7935872998470204
-158528	0.5978624332823401
-158496	2.9893121664117004
-158464	1.4946560832058502
-158432	0.8967936499235102
-158400	1.1957248665646802
-158368	2.3914497331293605
-158336	2.0925185164881905
-158304	1.1957248665646802
-158272	1.1957248665646802
-158240	2.0925185164881905
-158208	2.0925185164881905
-158176	1.1957248665646802
-158144	2.0925185164881905
-158112	1.1957248665646802
-158080	1.1957248665646802
-158048	1.7935872998470204
-158016	3.288243383052871
-157984	1.4946560832058502
-157952	1.7935872998470204
-157920	3.5871745996940407
-157888	0.8967936499235102
-157856	1.7935872998470204
-157824	0.8967936499235102
-157792	1.4946560832058502
-157760	2.3914497331293605
-157728	2.0925185164881905
-157696	2.0925185164881905
-157664	0.5978624332823401
-157632	1.1957248665646802
-157600	2.0925185164881905
-157568	1.7935872998470204
-157536	2.0925185164881905
-157504	2.0925185164881905
-157472	2.3914497331293605
-157440	1.4946560832058502
-157408	3.288243383052871
-157376	2.0925185164881905
-157344	1.1957248665646802
-157312	1.1957248665646802
-157280	2.3914497331293605
-157248	2.0925185164881905
-157216	2.0925185164881905
-157184	2.0925185164881905
-157152	1.4946560832058502
-157120	2.3914497331293605
-157088	1.4946560832058502
-157056	1.1957248665646802
-157024	1.1957248665646802
-156992	1.4946560832058502
-156960	1.1957248665646802
-156928	2.3914497331293605
-156896	0.29893121664117006
-156864	1.7935872998470204
-156832	1.4946560832058502
-156800	2.0925185164881905
-156768	2.0925185164881905
-156736	1.7935872998470204
-156704	1.7935872998470204
-156672	2.0925185164881905
-156640	2.0925185164881905
-156608	1.1957248665646802
-156576	1.7935872998470204
-156544	0.8967936499235102
-156512	0.8967936499235102
-156480	2.0925185164881905
-156448	0.5978624332823401
-156416	3.5871745996940407
-156384	1.7935872998470204
-156352	2.3914497331293605
-156320	1.7935872998470204
-156288	1.1957248665646802
-156256	1.7935872998470204
-156224	1.7935872998470204
-156192	2.3914497331293605
-156160	1.4946560832058502
-156128	1.4946560832058502
-156096	3.288243383052871
-156064	1.4946560832058502
-156032	2.0925185164881905
-156000	1.4946560832058502
-155968	0.8967936499235102
-155936	1.4946560832058502
-155904	3.5871745996940407
-155872	2.3914497331293605
-155840	1.1957248665646802
-155808	1.1957248665646802
-155776	2.6903809497705304
-155744	0.5978624332823401
-155712	1.4946560832058502
-155680	1.1957248665646802
-155648	1.1957248665646802
-155616	3.288243383052871
-155584	0.8967936499235102
-155552	1.7935872998470204
-155520	1.4946560832058502
-155488	1.7935872998470204
-155456	0.5978624332823401
-155424	0.8967936499235102
-155392	1.7935872998470204
-155360	1.1957248665646802
-155328	0.8967936499235102
-155296	2.3914497331293605
-155264	1.4946560832058502
-155232	2.6903809497705304
-155200	2.0925185164881905
-155168	2.3914497331293605
-155136	2.3914497331293605
-155104	2.3914497331293605
-155072	1.4946560832058502
-155040	2.6903809497705304
-155008	2.3914497331293605
-154976	2.3914497331293605
-154944	2.0925185164881905
-154912	3.5871745996940407
-154880	1.4946560832058502
-154848	1.1957248665646802
-154816	2.0925185164881905
-154784	1.7935872998470204
-154752	2.3914497331293605
-154720	1.7935872998470204
-154688	1.7935872998470204
-154656	1.7935872998470204
-154624	2.9893121664117004
-154592	1.4946560832058502
-154560	2.0925185164881905
-154528	1.7935872998470204
-154496	2.3914497331293605
-154464	1.7935872998470204
-154432	0.8967936499235102
-154400	1.7935872998470204
-154368	2.9893121664117004
-154336	1.1957248665646802
-154304	1.7935872998470204
-154272	3.288243383052871
-154240	2.0925185164881905
-154208	2.0925185164881905
-154176	0.29893121664117006
-154144	1.7935872998470204
-154112	2.3914497331293605
-154080	0.5978624332823401
-154048	1.7935872998470204
-154016	1.4946560832058502
-153984	0.8967936499235102
-153952	2.0925185164881905
-153920	0.8967936499235102
-153888	0.8967936499235102
-153856	1.7935872998470204
-153824	1.1957248665646802
-153792	2.6903809497705304
-153760	0.8967936499235102
-153728	2.3914497331293605
-153696	1.4946560832058502
-153664	0.8967936499235102
-153632	1.7935872998470204
-153600	1.1957248665646802
-153568	1.4946560832058502
-153536	2.0925185164881905
-153504	2.9893121664117004
-153472	1.4946560832058502
-153440	2.0925185164881905
-153408	2.0925185164881905
-153376	1.4946560832058502
-153344	0.5978624332823401
-153312	2.0925185164881905
-153280	1.7935872998470204
-153248	0.5978624332823401
-153216	0.5978624332823401
-153184	1.1957248665646802
-153152	2.6903809497705304
-153120	1.1957248665646802
-153088	1.4946560832058502
-153056	2.0925185164881905
-153024	0.5978624332823401
-152992	0.8967936499235102
-152960	1.4946560832058502
-152928	4.185037032976381
-152896	1.7935872998470204
-152864	1.1957248665646802
-152832	2.3914497331293605
-152800	2.0925185164881905
-152768	1.7935872998470204
-152736	2.0925185164881905
-152704	1.4946560832058502
-152672	1.4946560832058502
-152640	2.0925185164881905
-152608	2.0925185164881905
-152576	2.0925185164881905
-152544	1.7935872998470204
-152512	2.3914497331293605
-152480	0
-152448	2.6903809497705304
-152416	3.288243383052871
-152384	2.0925185164881905
-152352	1.7935872998470204
-152320	1.7935872998470204
-152288	1.7935872998470204
-152256	1.7935872998470204
-152224	1.4946560832058502
-152192	1.4946560832058502
-152160	2.9893121664117004
-152128	3.288243383052871
-152096	3.8861058163352107
-152064	2.0925185164881905
-152032	2.3914497331293605
-152000	1.7935872998470204
-151968	1.7935872998470204
-151936	1.7935872998470204
-151904	1.4946560832058502
-151872	1.7935872998470204
-151840	2.0925185164881905
-151808	2.0925185164881905
-151776	1.7935872998470204
-151744	2.3914497331293605
-151712	1.7935872998470204
-151680	1.4946560832058502
-151648	0.8967936499235102
-151616	1.4946560832058502
-151584	2.6903809497705304
-151552	1.7935872998470204
-151520	1.1957248665646802
-151488	0.8967936499235102
-151456	1.1957248665646802
-151424	0.8967936499235102
-151392	2.3914497331293605
-151360	2.0925185164881905
-151328	1.1957248665646802
-151296	2.0925185164881905
-151264	1.1957248665646802
-151232	2.0925185164881905
-151200	0.5978624332823401
-151168	1.7935872998470204
-151136	1.7935872998470204
-151104	1.1957248665646802
-151072	1.1957248665646802
-151040	1.1957248665646802
-151008	1.1957248665646802
-150976	1.4946560832058502
-150944	2.3914497331293605
-150912	1.4946560832058502
-150880	1.7935872998470204
-150848	1.4946560832058502
-150816	1.1957248665646802
-150784	1.4946560832058502
-150752	2.3914497331293605
-150720	2.0925185164881905
-150688	2.9893121664117004
-150656	0.8967936499235102
-150624	0.8967936499235102
-150592	2.6903809497705304
-150560	0.8967936499235102
-150528	1.7935872998470204
-150496	0.8967936499235102
-150464	0.29893121664117006
-150432	2.0925185164881905
-150400	3.288243383052871
-150368	0.8967936499235102
-150336	0.5978624332823401
-150304	2.0925185164881905
-150272	2.3914497331293605
-150240	2.0925185164881905
-150208	0.29893121664117006
-150176	1.7935872998470204
-150144	1.1957248665646802
-150112	3.288243383052871
-150080	2.0925185164881905
-150048	2.0925185164881905
-150016	2.9893121664117004
-149984	1.4946560832058502
-149952	2.6903809497705304
-149920	2.0925185164881905
-149888	2.3914497331293605
-149856	3.288243383052871
-149824	1.7935872998470204
-149792	1.4946560832058502
-149760	2.0925185164881905
-149728	1.1957248665646802
-149696	1.1957248665646802
-149664	1.1957248665646802
-149632	1.4946560832058502
-149600	2.0925185164881905
-149568	2.0925185164881905
-149536	4.483968249617551
-149504	1.7935872998470204
-149472	2.6903809497705304
-149440	1.7935872998470204
-149408	2.6903809497705304
-149376	2.6903809497705304
-149344	2.3914497331293605
-149312	2.0925185164881905
-149280	0.5978624332823401
-149248	2.9893121664117004
-149216	0.8967936499235102
-149184	2.6903809497705304
-149152	2.3914497331293605
-149120	1.7935872998470204
-149088	0.8967936499235102
-149056	1.4946560832058502
-149024	1.1957248665646802
-148992	0.8967936499235102
-148960	1.1957248665646802
-148928	2.3914497331293605
-148896	2.9893121664117004
-148864	2.9893121664117004
-148832	2.6903809497705304
-148800	2.9893121664117004
-148768	2.9893121664117004
-148736	0.8967936499235102
-148704	0.8967936499235102
-148672	1.4946560832058502
-148640	2.3914497331293605
-148608	2.0925185164881905
-148576	1.1957248665646802
-148544	0.8967936499235102
-148512	1.7935872998470204
-148480	1.4946560832058502
-148448	2.0925185164881905
-148416	1.7935872998470204
-148384	1.7935872998470204
-148352	1.4946560832058502
-148320	2.3914497331293605
-148288	2.6903809497705304
-148256	0.29893121664117006
-148224	1.4946560832058502
-148192	1.7935872998470204
-148160	0.29893121664117006
-148128	2.9893121664117004
-148096	1.7935872998470204
-148064	2.3914497331293605
-148032	2.3914497331293605
-148000	2.0925185164881905
-147968	1.4946560832058502
-147936	1.1957248665646802
-147904	0.5978624332823401
-147872	1.7935872998470204
-147840	1.7935872998470204
-147808	0.29893121664117006
-147776	1.4946560832058502
-147744	1.1957248665646802
-147712	1.1957248665646802
-147680	0.8967936499235102
-147648	0.5978624332823401
-147616	1.4946560832058502
-147584	0.8967936499235102
-147552	1.1957248665646802
-147520	2.6903809497705304
-147488	1.4946560832058502
-147456	1.7935872998470204
-147424	0.8967936499235102
-147392	1.1957248665646802
-147360	2.3914497331293605
-147328	1.4946560832058502
-147296	0.8967936499235102
-147264	1.7935872998470204
-147232	1.7935872998470204
-147200	1.7935872998470204
-147168	1.4946560832058502
-147136	3.288243383052871
-147104	0.5978624332823401
-147072	0.8967936499235102
-147040	0.29893121664117006
-147008	1.4946560832058502
-146976	1.4946560832058502
-146944	1.4946560832058502
-146912	1.4946560832058502
-146880	1.7935872998470204
-146848	1.7935872998470204
-146816	1.1957248665646802
-146784	1.7935872998470204
-146752	3.288243383052871
-146720	2.3914497331293605
-146688	1.7935872998470204
-146656	2.0925185164881905
-146624	0.8967936499235102
-146592	1.1957248665646802
-146560	0.29893121664117006
-146528	1.4946560832058502
-146496	1.7935872998470204
-146464	0.5978624332823401
-146432	3.288243383052871
-146400	2.6903809497705304
-146368	1.7935872998470204
-146336	1.4946560832058502
-146304	1.7935872998470204
-146272	1.1957248665646802
-146240	2.6903809497705304
-146208	2.9893121664117004
-146176	2.9893121664117004
-146144	1.1957248665646802
-146112	2.0925185164881905
-146080	2.0925185164881905
-146048	0.8967936499235102
-146016	2.3914497331293605
-145984	3.288243383052871
-145952	2.3914497331293605
-145920	1.1957248665646802
-145888	0.8967936499235102
-145856	1.1957248665646802
-145824	1.4946560832058502
-145792	0.5978624332823401
-145760	2.0925185164881905
-145728	1.1957248665646802
-145696	2.3914497331293605
-145664	0.8967936499235102
-145632	1.1957248665646802
-145600	1.1957248665646802
-145568	0.5978624332823401
-145536	0.8967936499235102
-145504	2.9893121664117004
-145472	1.7935872998470204
-145440	2.6903809497705304
-145408	2.9893121664117004
-145376	2.9893121664117004
-145344	0.8967936499235102
-145312	0.8967936499235102
-145280	1.4946560832058502
-145248	2.0925185164881905
-145216	1.7935872998470204
-145184	1.7935872998470204
-145152	2.3914497331293605
-145120	0.8967936499235102
-145088	1.1957248665646802
-145056	1.4946560832058502
-145024	0.8967936499235102
-144992	1.1957248665646802
-144960	1.1957248665646802
-144928	1.4946560832058502
-144896	2.0925185164881905
-144864	2.0925185164881905
-144832	2.3914497331293605
-144800	2.6903809497705304
-144768	1.1957248665646802
-144736	1.1957248665646802
-144704	1.1957248665646802
-144672	2.3914497331293605
-144640	1.4946560832058502
-144608	0.8967936499235102
-144576	0.8967936499235102
-144544	1.4946560832058502
-144512	2.6903809497705304
-144480	2.0925185164881905
-144448	2.3914497331293605
-144416	1.4946560832058502
-144384	2.0925185164881905
-144352	1.7935872998470204
-144320	2.3914497331293605
-144288	1.1957248665646802
-144256	0.29893121664117006
-144224	0.5978624332823401
-144192	1.4946560832058502
-144160	2.9893121664117004
-144128	1.7935872998470204
-144096	1.4946560832058502
-144064	0.8967936499235102
-144032	2.6903809497705304
-144000	1.4946560832058502
-143968	3.288243383052871
-143936	1.7935872998470204
-143904	1.7935872998470204
-143872	1.1957248665646802
-143840	2.3914497331293605
-143808	1.7935872998470204
-143776	1.4946560832058502
-143744	2.3914497331293605
-143712	1.1957248665646802
-143680	2.9893121664117004
-143648	1.7935872998470204
-143616	1.4946560832058502
-143584	1.7935872998470204
-143552	0.5978624332823401
-143520	1.4946560832058502
-143488	2.6903809497705304
-143456	2.0925185164881905
-143424	0.5978624332823401
-143392	1.4946560832058502
-143360	2.0925185164881905
-143328	1.4946560832058502
-143296	1.1957248665646802
-143264	1.1957248665646802
-143232	1.7935872998470204
-143200	1.7935872998470204
-143168	0.8967936499235102
-143136	0.8967936499235102
-143104	2.0925185164881905
-143072	2.0925185164881905
-143040	2.6903809497705304
-143008	1.4946560832058502
-142976	3.288243383052871
-142944	2.3914497331293605
-142912	1.4946560832058502
-142880	2.0925185164881905
-142848	1.4946560832058502
-142816	2.6903809497705304
-142784	2.6903809497705304
-142752	1.4946560832058502
-142720	3.8861058163352107
-142688	1.4946560832058502
-142656	0
-142624	2.9893121664117004
-142592	1.7935872998470204
-142560	2.0925185164881905
-142528	2.3914497331293605
-142496	1.7935872998470204
-142464	1.1957248665646802
-142432	1.7935872998470204
-142400	1.1957248665646802
-142368	1.4946560832058502
-142336	1.7935872998470204
-142304	1.1957248665646802
-142272	0.8967936499235102
-142240	2.3914497331293605
-142208	3.288243383052871
-142176	2.0925185164881905
-142144	2.3914497331293605
-142112	1.1957248665646802
-142080	1.1957248665646802
-142048	1.4946560832058502
-142016	0.5978624332823401
-141984	2.0925185164881905
-141952	2.0925185164881905
-141920	0.5978624332823401
-141888	0.8967936499235102
-141856	2.3914497331293605
-141824	1.7935872998470204
-141792	2.6903809497705304
-141760	0.8967936499235102
-141728	2.6903809497705304
-141696	1.7935872998470204
-141664	1.1957248665646802
-141632	2.0925185164881905
-141600	3.8861058163352107
-141568	2.3914497331293605
-141536	1.4946560832058502
-141504	1.7935872998470204
-141472	2.6903809497705304
-141440	1.7935872998470204
-141408	1.4946560832058502
-141376	0.8967936499235102
-141344	0.5978624332823401
-141312	1.7935872998470204
-141280	1.4946560832058502
-141248	2.9893121664117004
-141216	0.8967936499235102
-141184	2.3914497331293605
-141152	1.7935872998470204
-141120	2.0925185164881905
-141088	2.3914497331293605
-141056	2.3914497331293605
-141024	1.1957248665646802
-140992	2.9893121664117004
-140960	2.0925185164881905
-140928	3.288243383052871
-140896	0.5978624332823401
-140864	1.7935872998470204
-140832	2.0925185164881905
-140800	1.1957248665646802
-140768	0.8967936499235102
-140736	1.7935872998470204
-140704	2.3914497331293605
-140672	2.0925185164881905
-140640	1.4946560832058502
-140608	1.4946560832058502
-140576	0.8967936499235102
-140544	2.0925185164881905
-140512	2.0925185164881905
-140480	1.1957248665646802
-140448	1.4946560832058502
-140416	1.4946560832058502
-140384	1.1957248665646802
-140352	1.1957248665646802
-140320	1.7935872998470204
-140288	3.288243383052871
-140256	2.9893121664117004
-140224	1.1957248665646802
-140192	2.6903809497705304
-140160	1.7935872998470204
-140128	1.4946560832058502
-140096	0.29893121664117006
-140064	1.7935872998470204
-140032	0.8967936499235102
-140000	1.7935872998470204
-139968	0.8967936499235102
-139936	2.3914497331293605
-139904	1.1957248665646802
-139872	1.7935872998470204
-139840	1.4946560832058502
-139808	1.4946560832058502
-139776	1.4946560832058502
-139744	1.1957248665646802
-139712	1.4946560832058502
-139680	2.3914497331293605
-139648	2.0925185164881905
-139616	1.7935872998470204
-139584	1.1957248665646802
-139552	2.0925185164881905
-139520	1.4946560832058502
-139488	0.29893121664117006
-139456	2.0925185164881905
-139424	1.4946560832058502
-139392	2.3914497331293605
-139360	1.1957248665646802
-139328	0.5978624332823401
-139296	0.8967936499235102
-139264	1.7935872998470204
-139232	0.8967936499235102
-139200	1.4946560832058502
-139168	0.8967936499235102
-139136	0.8967936499235102
-139104	0.8967936499235102
-139072	1.4946560832058502
-139040	2.0925185164881905
-139008	2.0925185164881905
-138976	2.0925185164881905
-138944	0.5978624332823401
-138912	1.1957248665646802
-138880	1.4946560832058502
-138848	1.4946560832058502
-138816	2.6903809497705304
-138784	1.7935872998470204
-138752	1.4946560832058502
-138720	0.8967936499235102
-138688	0.8967936499235102
-138656	1.7935872998470204
-138624	2.6903809497705304
-138592	1.1957248665646802
-138560	2.3914497331293605
-138528	2.0925185164881905
-138496	1.7935872998470204
-138464	0.8967936499235102
-138432	1.1957248665646802
-138400	2.0925185164881905
-138368	2.0925185164881905
-138336	2.3914497331293605
-138304	1.7935872998470204
-138272	2.3914497331293605
-138240	1.7935872998470204
-138208	2.6903809497705304
-138176	0.5978624332823401
-138144	1.1957248665646802
-138112	2.0925185164881905
-138080	1.1957248665646802
-138048	2.6903809497705304
-138016	1.1957248665646802
-137984	1.7935872998470204
-137952	1.4946560832058502
-137920	1.7935872998470204
-137888	1.4946560832058502
-137856	2.0925185164881905
-137824	1.7935872998470204
-137792	1.7935872998470204
-137760	1.4946560832058502
-137728	2.3914497331293605
-137696	0.5978624332823401
-137664	3.5871745996940407
-137632	1.1957248665646802
-137600	1.1957248665646802
-137568	1.1957248665646802
-137536	1.1957248665646802
-137504	2.3914497331293605
-137472	0.8967936499235102
-137440	2.3914497331293605
-137408	1.7935872998470204
-137376	2.3914497331293605
-137344	1.4946560832058502
-137312	0.5978624332823401
-137280	0.5978624332823401
-137248	1.1957248665646802
-137216	0.8967936499235102
-137184	1.4946560832058502
-137152	2.0925185164881905
-137120	0.5978624332823401
-137088	2.0925185164881905
-137056	1.1957248665646802
-137024	1.4946560832058502
-136992	1.1957248665646802
-136960	0.8967936499235102
-136928	2.6903809497705304
-136896	2.0925185164881905
-136864	1.4946560832058502
-136832	1.4946560832058502
-136800	2.0925185164881905
-136768	2.3914497331293605
-136736	1.1957248665646802
-136704	2.0925185164881905
-136672	3.5871745996940407
-136640	1.4946560832058502
-136608	2.3914497331293605
-136576	2.0925185164881905
-136544	0.29893121664117006
-136512	1.1957248665646802
-136480	2.0925185164881905
-136448	2.0925185164881905
-136416	2.6903809497705304
-136384	2.6903809497705304
-136352	1.4946560832058502
-136320	1.7935872998470204
-136288	2.0925185164881905
-136256	1.7935872998470204
-136224	2.9893121664117004
-136192	2.6903809497705304
-136160	3.288243383052871
-136128	2.3914497331293605
-136096	1.4946560832058502
-136064	1.1957248665646802
-136032	1.1957248665646802
-136000	0.29893121664117006
-135968	2.3914497331293605
-135936	2.3914497331293605
-135904	1.1957248665646802
-135872	1.4946560832058502
-135840	2.9893121664117004
-135808	1.4946560832058502
-135776	2.3914497331293605
-135744	1.7935872998470204
-135712	0.8967936499235102
-135680	2.3914497331293605
-135648	0.8967936499235102
-135616	1.7935872998470204
-135584	2.0925185164881905
-135552	2.0925185164881905
-135520	0.8967936499235102
-135488	1.7935872998470204
-135456	1.1957248665646802
-135424	1.7935872998470204
-135392	1.7935872998470204
-135360	1.7935872998470204
-135328	1.7935872998470204
-135296	0.29893121664117006
-135264	1.7935872998470204
-135232	3.5871745996940407
-135200	3.288243383052871
-135168	2.0925185164881905
-135136	0.8967936499235102
-135104	2.0925185164881905
-135072	0.8967936499235102
-135040	1.1957248665646802
-135008	0
-134976	2.9893121664117004
-134944	1.7935872998470204
-134912	1.4946560832058502
-134880	2.0925185164881905
-134848	2.0925185164881905
-134816	2.6903809497705304
-134784	1.4946560832058502
-134752	1.7935872998470204
-134720	1.7935872998470204
-134688	2.0925185164881905
-134656	1.7935872998470204
-134624	1.4946560832058502
-134592	1.7935872998470204
-134560	1.7935872998470204
-134528	0.8967936499235102
-134496	1.4946560832058502
-134464	1.4946560832058502
-134432	1.4946560832058502
-134400	1.1957248665646802
-134368	1.4946560832058502
-134336	2.0925185164881905
-134304	0.29893121664117006
-134272	1.1957248665646802
-134240	2.9893121664117004
-134208	1.1957248665646802
-134176	0.29893121664117006
-134144	2.0925185164881905
-134112	1.4946560832058502
-134080	2.3914497331293605
-134048	0.29893121664117006
-134016	1.7935872998470204
-133984	2.0925185164881905
-133952	0.8967936499235102
-133920	1.7935872998470204
-133888	1.1957248665646802
-133856	2.0925185164881905
-133824	0.8967936499235102
-133792	2.9893121664117004
-133760	0.8967936499235102
-133728	1.7935872998470204
-133696	2.9893121664117004
-133664	2.0925185164881905
-133632	4.483968249617551
-133600	0.8967936499235102
-133568	1.1957248665646802
-133536	0.8967936499235102
-133504	1.7935872998470204
-133472	0.8967936499235102
-133440	1.1957248665646802
-133408	0.8967936499235102
-133376	1.7935872998470204
-133344	0.8967936499235102
-133312	1.7935872998470204
-133280	0.8967936499235102
-133248	1.4946560832058502
-133216	1.7935872998470204
-133184	3.5871745996940407
-133152	3.5871745996940407
-133120	3.288243383052871
-133088	2.9893121664117004
-133056	1.1957248665646802
-133024	0.8967936499235102
-132992	1.1957248665646802
-132960	1.1957248665646802
-132928	0.8967936499235102
-132896	2.0925185164881905
-132864	1.7935872998470204
-132832	0.8967936499235102
-132800	3.288243383052871
-132768	1.7935872998470204
-132736	2.0925185164881905
-132704	1.7935872998470204
-132672	1.4946560832058502
-132640	1.4946560832058502
-132608	1.7935872998470204
-132576	0.8967936499235102
-132544	1.4946560832058502
-132512	2.3914497331293605
-132480	1.7935872998470204
-132448	2.0925185164881905
-132416	1.4946560832058502
-132384	2.9893121664117004
-132352	1.1957248665646802
-132320	1.4946560832058502
-132288	2.0925185164881905
-132256	2.0925185164881905
-132224	2.6903809497705304
-132192	0.5978624332823401
-132160	1.4946560832058502
-132128	1.4946560832058502
-132096	2.0925185164881905
-132064	1.4946560832058502
-132032	2.0925185164881905
-132000	0.8967936499235102
-131968	1.7935872998470204
-131936	2.3914497331293605
-131904	0.5978624332823401
-131872	1.7935872998470204
-131840	1.4946560832058502
-131808	2.9893121664117004
-131776	1.4946560832058502
-131744	1.7935872998470204
-131712	2.0925185164881905
-131680	1.1957248665646802
-131648	2.6903809497705304
-131616	1.1957248665646802
-131584	1.4946560832058502
-131552	2.6903809497705304
-131520	2.3914497331293605
-131488	2.9893121664117004
-131456	2.0925185164881905
-131424	2.3914497331293605
-131392	1.1957248665646802
-131360	0.5978624332823401
-131328	2.0925185164881905
-131296	0.8967936499235102
-131264	2.0925185164881905
-131232	2.0925185164881905
-131200	1.1957248665646802
-131168	1.4946560832058502
-131136	2.0925185164881905
-131104	0.8967936499235102
-131072	1.4946560832058502
-131040	0.5978624332823401
-131008	1.4946560832058502
-130976	2.0925185164881905
-130944	0.8967936499235102
-130912	0.8967936499235102
-130880	1.4946560832058502
-130848	2.0925185164881905
-130816	2.6903809497705304
-130784	1.4946560832058502
-130752	1.7935872998470204
-130720	1.4946560832058502
-130688	2.0925185164881905
-130656	1.7935872998470204
-130624	3.288243383052871
-130592	0.8967936499235102
-130560	1.4946560832058502
-130528	1.1957248665646802
-130496	2.0925185164881905
-130464	0.29893121664117006
-130432	2.0925185164881905
-130400	2.6903809497705304
-130368	0.5978624332823401
-130336	1.7935872998470204
-130304	0.5978624332823401
-130272	0.8967936499235102
-130240	1.7935872998470204
-130208	1.1957248665646802
-130176	0.5978624332823401
-130144	1.1957248665646802
-130112	1.7935872998470204
-130080	1.1957248665646802
-130048	1.7935872998470204
-130016	1.4946560832058502
-129984	2.0925185164881905
-129952	1.4946560832058502
-129920	2.0925185164881905
-129888	3.5871745996940407
-129856	0.5978624332823401
-129824	0.29893121664117006
-129792	1.4946560832058502
-129760	0.8967936499235102
-129728	1.7935872998470204
-129696	1.4946560832058502
-129664	2.0925185164881905
-129632	2.0925185164881905
-129600	1.4946560832058502
-129568	0.5978624332823401
-129536	2.0925185164881905
-129504	1.1957248665646802
-129472	2.3914497331293605
-129440	2.6903809497705304
-129408	2.0925185164881905
-129376	1.7935872998470204
-129344	1.1957248665646802
-129312	2.3914497331293605
-129280	2.3914497331293605
-129248	1.4946560832058502
-129216	2.6903809497705304
-129184	0.8967936499235102
-129152	2.9893121664117004
-129120	0.8967936499235102
-129088	2.0925185164881905
-129056	2.9893121664117004
-129024	2.9893121664117004
-128992	1.4946560832058502
-128960	2.3914497331293605
-128928	1.4946560832058502
-128896	3.288243383052871
-128864	0.5978624332823401
-128832	2.0925185164881905
-128800	2.0925185164881905
-128768	1.7935872998470204
-128736	1.1957248665646802
-128704	2.6903809497705304
-128672	2.0925185164881905
-128640	1.7935872998470204
-128608	1.4946560832058502
-128576	1.7935872998470204
-128544	2.6903809497705304
-128512	2.6903809497705304
-128480	2.0925185164881905
-128448	2.3914497331293605
-128416	2.9893121664117004
-128384	0.8967936499235102
-128352	1.7935872998470204
-128320	0.29893121664117006
-128288	1.4946560832058502
-128256	2.3914497331293605
-128224	1.4946560832058502
-128192	1.1957248665646802
-128160	1.4946560832058502
-128128	1.4946560832058502
-128096	2.9893121664117004
-128064	1.7935872998470204
-128032	2.3914497331293605
-128000	2.3914497331293605
-127968	0.5978624332823401
-127936	1.4946560832058502
-127904	0.8967936499235102
-127872	1.4946560832058502
-127840	3.288243383052871
-127808	1.1957248665646802
-127776	2.0925185164881905
-127744	1.1957248665646802
-127712	2.0925185164881905
-127680	1.1957248665646802
-127648	0.8967936499235102
-127616	1.4946560832058502
-127584	1.1957248665646802
-127552	1.1957248665646802
-127520	0.5978624332823401
-127488	1.1957248665646802
-127456	2.3914497331293605
-127424	0.5978624332823401
-127392	1.1957248665646802
-127360	1.1957248665646802
-127328	2.0925185164881905
-127296	0.5978624332823401
-127264	1.1957248665646802
-127232	1.7935872998470204
-127200	1.1957248665646802
-127168	1.7935872998470204
-127136	2.6903809497705304
-127104	2.0925185164881905
-127072	0.29893121664117006
-127040	2.6903809497705304
-127008	2.3914497331293605
-126976	1.4946560832058502
-126944	3.8861058163352107
-126912	0.8967936499235102
-126880	1.4946560832058502
-126848	1.7935872998470204
-126816	3.288243383052871
-126784	1.1957248665646802
-126752	2.0925185164881905
-126720	1.7935872998470204
-126688	2.0925185164881905
-126656	2.3914497331293605
-126624	1.7935872998470204
-126592	0.8967936499235102
-126560	1.7935872998470204
-126528	2.9893121664117004
-126496	0.8967936499235102
-126464	1.7935872998470204
-126432	2.0925185164881905
-126400	1.4946560832058502
-126368	2.3914497331293605
-126336	1.1957248665646802
-126304	2.0925185164881905
-126272	0.5978624332823401
-126240	1.7935872998470204
-126208	2.6903809497705304
-126176	2.9893121664117004
-126144	1.1957248665646802
-126112	0.8967936499235102
-126080	0.8967936499235102
-126048	1.7935872998470204
-126016	1.4946560832058502
-125984	1.4946560832058502
-125952	1.4946560832058502
-125920	1.4946560832058502
-125888	1.7935872998470204
-125856	1.1957248665646802
-125824	1.1957248665646802
-125792	0.5978624332823401
-125760	2.0925185164881905
-125728	1.7935872998470204
-125696	2.0925185164881905
-125664	1.1957248665646802
-125632	0.8967936499235102
-125600	0.8967936499235102
-125568	1.7935872998470204
-125536	2.3914497331293605
-125504	1.7935872998470204
-125472	0.5978624332823401
-125440	1.1957248665646802
-125408	2.6903809497705304
-125376	0.8967936499235102
-125344	2.6903809497705304
-125312	2.6903809497705304
-125280	1.7935872998470204
-125248	0.8967936499235102
-125216	1.1957248665646802
-125184	1.7935872998470204
-125152	1.4946560832058502
-125120	2.0925185164881905
-125088	2.3914497331293605
-125056	0.8967936499235102
-125024	0.5978624332823401
-124992	2.6903809497705304
-124960	1.4946560832058502
-124928	0.29893121664117006
-124896	2.6903809497705304
-124864	2.0925185164881905
-124832	1.1957248665646802
-124800	2.9893121664117004
-124768	2.0925185164881905
-124736	0.8967936499235102
-124704	2.6903809497705304
-124672	2.6903809497705304
-124640	1.7935872998470204
-124608	1.4946560832058502
-124576	2.9893121664117004
-124544	1.7935872998470204
-124512	1.4946560832058502
-124480	0.5978624332823401
-124448	1.1957248665646802
-124416	2.0925185164881905
-124384	0.8967936499235102
-124352	1.1957248665646802
-124320	1.1957248665646802
-124288	1.7935872998470204
-124256	2.6903809497705304
-124224	2.0925185164881905
-124192	2.3914497331293605
-124160	1.4946560832058502
-124128	2.3914497331293605
-124096	2.0925185164881905
-124064	1.7935872998470204
-124032	2.0925185164881905
-124000	2.3914497331293605
-123968	1.7935872998470204
-123936	0.8967936499235102
-123904	0.8967936499235102
-123872	2.0925185164881905
-123840	1.1957248665646802
-123808	1.1957248665646802
-123776	1.1957248665646802
-123744	1.7935872998470204
-123712	2.0925185164881905
-123680	1.4946560832058502
-123648	2.6903809497705304
-123616	2.9893121664117004
-123584	1.7935872998470204
-123552	1.7935872998470204
-123520	1.4946560832058502
-123488	2.3914497331293605
-123456	1.7935872998470204
-123424	0.8967936499235102
-123392	1.7935872998470204
-123360	0.8967936499235102
-123328	2.0925185164881905
-123296	1.7935872998470204
-123264	0.5978624332823401
-123232	2.3914497331293605
-123200	1.1957248665646802
-123168	1.4946560832058502
-123136	2.6903809497705304
-123104	1.4946560832058502
-123072	2.0925185164881905
-123040	0.5978624332823401
-123008	2.0925185164881905
-122976	2.3914497331293605
-122944	0.5978624332823401
-122912	1.4946560832058502
-122880	3.288243383052871
-122848	2.0925185164881905
-122816	1.4946560832058502
-122784	1.1957248665646802
-122752	2.0925185164881905
-122720	2.0925185164881905
-122688	0.29893121664117006
-122656	1.7935872998470204
-122624	1.7935872998470204
-122592	1.4946560832058502
-122560	1.1957248665646802
-122528	2.0925185164881905
-122496	0.5978624332823401
-122464	2.3914497331293605
-122432	1.7935872998470204
-122400	1.4946560832058502
-122368	1.1957248665646802
-122336	1.7935872998470204
-122304	1.1957248665646802
-122272	2.3914497331293605
-122240	1.1957248665646802
-122208	1.4946560832058502
-122176	1.1957248665646802
-122144	1.7935872998470204
-122112	2.0925185164881905
-122080	1.7935872998470204
-122048	1.4946560832058502
-122016	2.0925185164881905
-121984	2.3914497331293605
-121952	4.483968249617551
-121920	1.7935872998470204
-121888	1.4946560832058502
-121856	2.3914497331293605
-121824	0.8967936499235102
-121792	1.4946560832058502
-121760	1.7935872998470204
-121728	0.29893121664117006
-121696	1.1957248665646802
-121664	2.6903809497705304
-121632	3.288243383052871
-121600	3.8861058163352107
-121568	0.5978624332823401
-121536	2.0925185164881905
-121504	2.6903809497705304
-121472	2.3914497331293605
-121440	1.1957248665646802
-121408	2.3914497331293605
-121376	0.8967936499235102
-121344	0.8967936499235102
-121312	0.8967936499235102
-121280	1.4946560832058502
-121248	1.4946560832058502
-121216	1.4946560832058502
-121184	2.0925185164881905
-121152	2.6903809497705304
-121120	1.1957248665646802
-121088	2.0925185164881905
-121056	0.8967936499235102
-121024	1.7935872998470204
-120992	1.4946560832058502
-120960	1.4946560832058502
-120928	3.288243383052871
-120896	2.6903809497705304
-120864	2.0925185164881905
-120832	1.4946560832058502
-120800	1.4946560832058502
-120768	4.185037032976381
-120736	1.1957248665646802
-120704	1.4946560832058502
-120672	0.29893121664117006
-120640	2.3914497331293605
-120608	1.4946560832058502
-120576	1.7935872998470204
-120544	2.0925185164881905
-120512	2.3914497331293605
-120480	1.4946560832058502
-120448	2.0925185164881905
-120416	2.3914497331293605
-120384	2.3914497331293605
-120352	2.0925185164881905
-120320	1.4946560832058502
-120288	0.8967936499235102
-120256	2.0925185164881905
-120224	0
-120192	2.3914497331293605
-120160	0.8967936499235102
-120128	1.1957248665646802
-120096	2.3914497331293605
-120064	2.0925185164881905
-120032	2.3914497331293605
-120000	0.5978624332823401
-119968	2.6903809497705304
-119936	1.1957248665646802
-119904	3.288243383052871
-119872	1.7935872998470204
-119840	1.1957248665646802
-119808	1.1957248665646802
-119776	0.8967936499235102
-119744	1.7935872998470204
-119712	2.6903809497705304
-119680	1.1957248665646802
-119648	2.3914497331293605
-119616	1.7935872998470204
-119584	0.5978624332823401
-119552	0.8967936499235102
-119520	2.0925185164881905
-119488	0.5978624332823401
-119456	2.3914497331293605
-119424	1.4946560832058502
-119392	1.4946560832058502
-119360	2.0925185164881905
-119328	2.3914497331293605
-119296	1.4946560832058502
-119264	1.1957248665646802
-119232	2.0925185164881905
-119200	1.4946560832058502
-119168	2.3914497331293605
-119136	0.8967936499235102
-119104	0.5978624332823401
-119072	1.1957248665646802
-119040	1.1957248665646802
-119008	2.0925185164881905
-118976	1.7935872998470204
-118944	0.5978624332823401
-118912	0.8967936499235102
-118880	0.5978624332823401
-118848	0.8967936499235102
-118816	2.0925185164881905
-118784	1.4946560832058502
-118752	1.1957248665646802
-118720	2.6903809497705304
-118688	1.1957248665646802
-118656	0.29893121664117006
-118624	1.7935872998470204
-118592	1.1957248665646802
-118560	2.6903809497705304
-118528	0.8967936499235102
-118496	1.7935872998470204
-118464	2.6903809497705304
-118432	1.7935872998470204
-118400	1.7935872998470204
-118368	1.4946560832058502
-118336	2.3914497331293605
-118304	0.29893121664117006
-118272	1.4946560832058502
-118240	1.4946560832058502
-118208	1.7935872998470204
-118176	1.1957248665646802
-118144	1.7935872998470204
-118112	2.0925185164881905
-118080	1.4946560832058502
-118048	2.0925185164881905
-118016	2.6903809497705304
-117984	0.8967936499235102
-117952	1.7935872998470204
-117920	2.3914497331293605
-117888	1.4946560832058502
-117856	2.9893121664117004
-117824	2.0925185164881905
-117792	2.3914497331293605
-117760	2.0925185164881905
-117728	0.8967936499235102
-117696	2.3914497331293605
-117664	1.1957248665646802
-117632	1.1957248665646802
-117600	1.4946560832058502
-117568	0.8967936499235102
-117536	0.8967936499235102
-117504	2.0925185164881905
-117472	1.4946560832058502
-117440	1.1957248665646802
-117408	2.6903809497705304
-117376	2.3914497331293605
-117344	2.6903809497705304
-117312	1.7935872998470204
-117280	2.0925185164881905
-117248	0.8967936499235102
-117216	2.3914497331293605
-117184	2.0925185164881905
-117152	1.4946560832058502
-117120	1.4946560832058502
-117088	1.7935872998470204
-117056	3.288243383052871
-117024	1.1957248665646802
-116992	0.8967936499235102
-116960	1.4946560832058502
-116928	2.0925185164881905
-116896	2.3914497331293605
-116864	2.9893121664117004
-116832	1.1957248665646802
-116800	2.6903809497705304
-116768	0.5978624332823401
-116736	2.9893121664117004
-116704	1.7935872998470204
-116672	1.4946560832058502
-116640	0.8967936499235102
-116608	2.3914497331293605
-116576	3.8861058163352107
-116544	2.0925185164881905
-116512	1.1957248665646802
-116480	2.3914497331293605
-116448	1.4946560832058502
-116416	0.5978624332823401
-116384	2.3914497331293605
-116352	1.1957248665646802
-116320	2.9893121664117004
-116288	0.5978624332823401
-116256	0.5978624332823401
-116224	2.9893121664117004
-116192	1.7935872998470204
-116160	1.1957248665646802
-116128	1.7935872998470204
-116096	2.0925185164881905
-116064	2.6903809497705304
-116032	1.4946560832058502
-116000	2.0925185164881905
-115968	1.4946560832058502
-115936	0.8967936499235102
-115904	1.1957248665646802
-115872	1.1957248665646802
-115840	1.4946560832058502
-115808	2.3914497331293605
-115776	0.29893121664117006
-115744	1.1957248665646802
-115712	2.3914497331293605
-115680	1.1957248665646802
-115648	1.7935872998470204
-115616	2.6903809497705304
-115584	2.9893121664117004
-115552	1.4946560832058502
-115520	1.7935872998470204
-115488	1.1957248665646802
-115456	1.4946560832058502
-115424	1.1957248665646802
-115392	1.7935872998470204
-115360	1.4946560832058502
-115328	1.4946560832058502
-115296	2.9893121664117004
-115264	2.6903809497705304
-115232	3.288243383052871
-115200	1.4946560832058502
-115168	3.288243383052871
-115136	0.5978624332823401
-115104	2.3914497331293605
-115072	1.7935872998470204
-115040	1.4946560832058502
-115008	0.8967936499235102
-114976	2.0925185164881905
-114944	0.5978624332823401
-114912	2.0925185164881905
-114880	0.5978624332823401
-114848	2.0925185164881905
-114816	1.1957248665646802
-114784	1.1957248665646802
-114752	0.8967936499235102
-114720	0.29893121664117006
-114688	2.0925185164881905
-114656	2.0925185164881905
-114624	2.0925185164881905
-114592	2.0925185164881905
-114560	1.7935872998470204
-114528	0.8967936499235102
-114496	1.1957248665646802
-114464	0.8967936499235102
-114432	1.4946560832058502
-114400	1.1957248665646802
-114368	2.0925185164881905
-114336	2.0925185164881905
-114304	0.8967936499235102
-114272	1.4946560832058502
-114240	1.4946560832058502
-114208	1.1957248665646802
-114176	1.7935872998470204
-114144	2.3914497331293605
-114112	0.8967936499235102
-114080	2.6903809497705304
-114048	2.0925185164881905
-114016	0.8967936499235102
-113984	1.4946560832058502
-113952	2.3914497331293605
-113920	2.0925185164881905
-113888	3.288243383052871
-113856	1.7935872998470204
-113824	1.1957248665646802
-113792	4.185037032976381
-113760	2.9893121664117004
-113728	0.5978624332823401
-113696	2.0925185164881905
-113664	2.9893121664117004
-113632	2.0925185164881905
-113600	1.1957248665646802
-113568	2.0925185164881905
-113536	2.3914497331293605
-113504	2.6903809497705304
-113472	1.1957248665646802
-113440	2.6903809497705304
-113408	2.3914497331293605
-113376	3.5871745996940407
-113344	1.4946560832058502
-113312	2.6903809497705304
-113280	1.7935872998470204
-113248	0.5978624332823401
-113216	1.1957248665646802
-113184	2.3914497331293605
-113152	3.288243383052871
-113120	2.3914497331293605
-113088	1.7935872998470204
-113056	0.5978624332823401
-113024	1.4946560832058502
-112992	1.7935872998470204
-112960	1.4946560832058502
-112928	1.4946560832058502
-112896	1.1957248665646802
-112864	1.7935872998470204
-112832	2.0925185164881905
-112800	1.4946560832058502
-112768	1.4946560832058502
-112736	1.1957248665646802
-112704	2.0925185164881905
-112672	3.5871745996940407
-112640	3.288243383052871
-112608	2.0925185164881905
-112576	1.7935872998470204
-112544	2.0925185164881905
-112512	0.5978624332823401
-112480	1.1957248665646802
-112448	1.4946560832058502
-112416	2.0925185164881905
-112384	2.9893121664117004
-112352	1.1957248665646802
-112320	0.8967936499235102
-112288	0.29893121664117006
-112256	1.1957248665646802
-112224	2.0925185164881905
-112192	1.1957248665646802
-112160	1.7935872998470204
-112128	0.8967936499235102
-112096	1.4946560832058502
-112064	1.7935872998470204
-112032	2.0925185164881905
-112000	1.7935872998470204
-111968	2.3914497331293605
-111936	1.7935872998470204
-111904	2.0925185164881905
-111872	2.0925185164881905
-111840	1.7935872998470204
-111808	1.7935872998470204
-111776	0.8967936499235102
-111744	3.288243383052871
-111712	2.3914497331293605
-111680	1.7935872998470204
-111648	2.0925185164881905
-111616	1.7935872998470204
-111584	2.3914497331293605
-111552	0.5978624332823401
-111520	1.7935872998470204
-111488	2.0925185164881905
-111456	1.1957248665646802
-111424	1.4946560832058502
-111392	2.0925185164881905
-111360	2.9893121664117004
-111328	1.1957248665646802
-111296	1.1957248665646802
-111264	1.4946560832058502
-111232	1.1957248665646802
-111200	1.4946560832058502
-111168	2.0925185164881905
-111136	1.1957248665646802
-111104	2.3914497331293605
-111072	2.3914497331293605
-111040	0.5978624332823401
-111008	1.4946560832058502
-110976	2.0925185164881905
-110944	1.7935872998470204
-110912	1.4946560832058502
-110880	2.6903809497705304
-110848	0.8967936499235102
-110816	1.7935872998470204
-110784	1.1957248665646802
-110752	2.3914497331293605
-110720	1.4946560832058502
-110688	0.8967936499235102
-110656	1.7935872998470204
-110624	2.3914497331293605
-110592	2.3914497331293605
-110560	2.6903809497705304
-110528	1.4946560832058502
-110496	1.4946560832058502
-110464	2.3914497331293605
-110432	2.9893121664117004
-110400	0.8967936499235102
-110368	2.3914497331293605
-110336	1.4946560832058502
-110304	2.0925185164881905
-110272	1.4946560832058502
-110240	2.3914497331293605
-110208	1.7935872998470204
-110176	3.5871745996940407
-110144	1.4946560832058502
-110112	1.7935872998470204
-110080	2.6903809497705304
-110048	2.3914497331293605
-110016	1.1957248665646802
-109984	2.3914497331293605
-109952	1.7935872998470204
-109920	2.6903809497705304
-109888	1.4946560832058502
-109856	2.3914497331293605
-109824	2.0925185164881905
-109792	3.5871745996940407
-109760	0.29893121664117006
-109728	2.3914497331293605
-109696	0.29893121664117006
-109664	2.9893121664117004
-109632	2.6903809497705304
-109600	1.1957248665646802
-109568	2.3914497331293605
-109536	1.7935872998470204
-109504	1.4946560832058502
-109472	0.8967936499235102
-109440	1.4946560832058502
-109408	0.29893121664117006
-109376	0.29893121664117006
-109344	1.4946560832058502
-109312	1.1957248665646802
-109280	0.5978624332823401
-109248	2.0925185164881905
-109216	2.0925185164881905
-109184	1.1957248665646802
-109152	2.0925185164881905
-109120	1.1957248665646802
-109088	2.3914497331293605
-109056	0.5978624332823401
-109024	2.6903809497705304
-108992	2.3914497331293605
-108960	0.29893121664117006
-108928	0.5978624332823401
-108896	1.7935872998470204
-108864	2.9893121664117004
-108832	2.6903809497705304
-108800	2.3914497331293605
-108768	1.7935872998470204
-108736	1.4946560832058502
-108704	1.4946560832058502
-108672	0.5978624332823401
-108640	1.4946560832058502
-108608	2.3914497331293605
-108576	0.8967936499235102
-108544	1.1957248665646802
-108512	1.4946560832058502
-108480	2.3914497331293605
-108448	1.4946560832058502
-108416	1.7935872998470204
-108384	0.5978624332823401
-108352	0.29893121664117006
-108320	2.9893121664117004
-108288	1.4946560832058502
-108256	0.29893121664117006
-108224	3.288243383052871
-108192	0.5978624332823401
-108160	2.0925185164881905
-108128	2.9893121664117004
-108096	2.6903809497705304
-108064	1.4946560832058502
-108032	1.4946560832058502
-108000	0.5978624332823401
-107968	2.3914497331293605
-107936	1.1957248665646802
-107904	0.8967936499235102
-107872	2.0925185164881905
-107840	3.5871745996940407
-107808	1.7935872998470204
-107776	2.0925185164881905
-107744	1.7935872998470204
-107712	1.7935872998470204
-107680	2.3914497331293605
-107648	2.0925185164881905
-107616	2.0925185164881905
-107584	1.7935872998470204
-107552	0.8967936499235102
-107520	1.4946560832058502
-107488	0.8967936499235102
-107456	0.8967936499235102
-107424	0.5978624332823401
-107392	1.1957248665646802
-107360	0.5978624332823401
-107328	2.3914497331293605
-107296	0.8967936499235102
-107264	0.8967936499235102
-107232	0.29893121664117006
-107200	1.7935872998470204
-107168	0.5978624332823401
-107136	2.0925185164881905
-107104	1.7935872998470204
-107072	1.7935872998470204
-107040	2.3914497331293605
-107008	2.3914497331293605
-106976	2.3914497331293605
-106944	2.0925185164881905
-106912	1.4946560832058502
-106880	3.288243383052871
-106848	2.6903809497705304
-106816	2.3914497331293605
-106784	1.4946560832058502
-106752	0.8967936499235102
-106720	1.4946560832058502
-106688	2.0925185164881905
-106656	1.7935872998470204
-106624	1.1957248665646802
-106592	2.3914497331293605
-106560	1.1957248665646802
-106528	2.9893121664117004
-106496	1.1957248665646802
-106464	0.5978624332823401
-106432	1.4946560832058502
-106400	1.1957248665646802
-106368	2.9893121664117004
-106336	1.7935872998470204
-106304	2.3914497331293605
-106272	1.4946560832058502
-106240	0.8967936499235102
-106208	1.1957248665646802
-106176	2.0925185164881905
-106144	1.7935872998470204
-106112	0.5978624332823401
-106080	1.1957248665646802
-106048	2.3914497331293605
-106016	1.1957248665646802
-105984	2.6903809497705304
-105952	1.7935872998470204
-105920	2.3914497331293605
-105888	1.7935872998470204
-105856	2.3914497331293605
-105824	1.1957248665646802
-105792	2.0925185164881905
-105760	2.0925185164881905
-105728	1.7935872998470204
-105696	1.4946560832058502
-105664	3.5871745996940407
-105632	2.3914497331293605
-105600	1.7935872998470204
-105568	0.8967936499235102
-105536	1.7935872998470204
-105504	1.7935872998470204
-105472	2.9893121664117004
-105440	0.8967936499235102
-105408	1.1957248665646802
-105376	1.4946560832058502
-105344	0.5978624332823401
-105312	0.8967936499235102
-105280	1.1957248665646802
-105248	1.1957248665646802
-105216	1.4946560832058502
-105184	2.3914497331293605
-105152	1.1957248665646802
-105120	0.8967936499235102
-105088	1.7935872998470204
-105056	1.1957248665646802
-105024	2.0925185164881905
-104992	2.0925185164881905
-104960	0.8967936499235102
-104928	2.0925185164881905
-104896	1.1957248665646802
-104864	1.7935872998470204
-104832	2.0925185164881905
-104800	2.0925185164881905
-104768	1.7935872998470204
-104736	2.0925185164881905
-104704	2.0925185164881905
-104672	0.5978624332823401
-104640	1.7935872998470204
-104608	1.1957248665646802
-104576	1.4946560832058502
-104544	1.1957248665646802
-104512	2.0925185164881905
-104480	1.4946560832058502
-104448	1.1957248665646802
-104416	2.3914497331293605
-104384	1.4946560832058502
-104352	2.9893121664117004
-104320	0.8967936499235102
-104288	2.3914497331293605
-104256	2.6903809497705304
-104224	1.4946560832058502
-104192	1.4946560832058502
-104160	2.3914497331293605
-104128	1.4946560832058502
-104096	1.7935872998470204
-104064	2.0925185164881905
-104032	1.4946560832058502
-104000	1.7935872998470204
-103968	2.3914497331293605
-103936	2.0925185164881905
-103904	2.6903809497705304
-103872	2.0925185164881905
-103840	2.0925185164881905
-103808	0.8967936499235102
-103776	1.7935872998470204
-103744	1.4946560832058502
-103712	1.1957248665646802
-103680	2.6903809497705304
-103648	0.8967936499235102
-103616	1.4946560832058502
-103584	0.8967936499235102
-103552	1.7935872998470204
-103520	1.4946560832058502
-103488	1.4946560832058502
-103456	1.4946560832058502
-103424	2.0925185164881905
-103392	1.4946560832058502
-103360	1.4946560832058502
-103328	1.7935872998470204
-103296	1.1957248665646802
-103264	2.3914497331293605
-103232	0.8967936499235102
-103200	1.1957248665646802
-103168	1.4946560832058502
-103136	1.4946560832058502
-103104	1.1957248665646802
-103072	3.288243383052871
-103040	1.1957248665646802
-103008	1.7935872998470204
-102976	1.1957248665646802
-102944	1.7935872998470204
-102912	0.8967936499235102
-102880	1.4946560832058502
-102848	1.1957248665646802
-102816	2.9893121664117004
-102784	1.4946560832058502
-102752	0.8967936499235102
-102720	2.0925185164881905
-102688	2.0925185164881905
-102656	1.4946560832058502
-102624	2.6903809497705304
-102592	1.4946560832058502
-102560	0.8967936499235102
-102528	1.1957248665646802
-102496	1.7935872998470204
-102464	1.4946560832058502
-102432	0.8967936499235102
-102400	1.1957248665646802
-102368	0.8967936499235102
-102336	1.7935872998470204
-102304	1.1957248665646802
-102272	2.3914497331293605
-102240	2.6903809497705304
-102208	2.0925185164881905
-102176	0.29893121664117006
-102144	0.8967936499235102
-102112	2.0925185164881905
-102080	2.6903809497705304
-102048	2.3914497331293605
-102016	2.9893121664117004
-101984	3.5871745996940407
-101952	2.3914497331293605
-101920	1.4946560832058502
-101888	1.7935872998470204
-101856	0.8967936499235102
-101824	0.5978624332823401
-101792	2.6903809497705304
-101760	1.1957248665646802
-101728	1.4946560832058502
-101696	2.0925185164881905
-101664	0.8967936499235102
-101632	2.3914497331293605
-101600	2.3914497331293605
-101568	0.5978624332823401
-101536	1.7935872998470204
-101504	1.4946560832058502
-101472	1.1957248665646802
-101440	2.3914497331293605
-101408	2.0925185164881905
-101376	1.7935872998470204
-101344	1.7935872998470204
-101312	1.4946560832058502
-101280	2.0925185164881905
-101248	1.7935872998470204
-101216	0.5978624332823401
-101184	1.7935872998470204
-101152	0.5978624332823401
-101120	1.7935872998470204
-101088	1.1957248665646802
-101056	0.5978624332823401
-101024	1.1957248665646802
-100992	2.3914497331293605
-100960	1.1957248665646802
-100928	1.7935872998470204
-100896	1.4946560832058502
-100864	0.8967936499235102
-100832	0.5978624332823401
-100800	1.4946560832058502
-100768	1.7935872998470204
-100736	1.1957248665646802
-100704	2.3914497331293605
-100672	1.4946560832058502
-100640	2.9893121664117004
-100608	1.7935872998470204
-100576	1.1957248665646802
-100544	1.4946560832058502
-100512	1.7935872998470204
-100480	2.0925185164881905
-100448	2.0925185164881905
-100416	2.6903809497705304
-100384	2.6903809497705304
-100352	3.8861058163352107
-100320	1.4946560832058502
-100288	2.9893121664117004
-100256	2.3914497331293605
-100224	2.3914497331293605
-100192	0.8967936499235102
-100160	2.0925185164881905
-100128	1.7935872998470204
-100096	1.1957248665646802
-100064	0.8967936499235102
-100032	2.9893121664117004
-100000	1.7935872998470204
-99968	1.4946560832058502
-99936	3.288243383052871
-99904	2.0925185164881905
-99872	3.8861058163352107
-99840	2.3914497331293605
-99808	2.0925185164881905
-99776	1.4946560832058502
-99744	1.7935872998470204
-99712	1.4946560832058502
-99680	1.7935872998470204
-99648	3.288243383052871
-99616	1.4946560832058502
-99584	1.7935872998470204
-99552	2.0925185164881905
-99520	1.4946560832058502
-99488	1.7935872998470204
-99456	0.8967936499235102
-99424	2.0925185164881905
-99392	1.4946560832058502
-99360	2.9893121664117004
-99328	1.7935872998470204
-99296	2.6903809497705304
-99264	2.0925185164881905
-99232	2.6903809497705304
-99200	2.6903809497705304
-99168	1.7935872998470204
-99136	2.3914497331293605
-99104	0.8967936499235102
-99072	2.6903809497705304
-99040	2.6903809497705304
-99008	1.1957248665646802
-98976	1.1957248665646802
-98944	2.3914497331293605
-98912	2.3914497331293605
-98880	2.3914497331293605
-98848	2.3914497331293605
-98816	2.3914497331293605
-98784	0.5978624332823401
-98752	1.1957248665646802
-98720	1.1957248665646802
-98688	2.9893121664117004
-98656	0.8967936499235102
-98624	2.6903809497705304
-98592	2.6903809497705304
-98560	2.6903809497705304
-98528	2.0925185164881905
-98496	1.7935872998470204
-98464	1.4946560832058502
-98432	1.4946560832058502
-98400	2.3914497331293605
-98368	2.0925185164881905
-98336	2.0925185164881905
-98304	0.8967936499235102
-98272	3.8861058163352107
-98240	1.4946560832058502
-98208	0.8967936499235102
-98176	2.0925185164881905
-98144	1.7935872998470204
-98112	1.7935872998470204
-98080	1.1957248665646802
-98048	2.9893121664117004
-98016	1.4946560832058502
-97984	0.8967936499235102
-97952	0.5978624332823401
-97920	1.7935872998470204
-97888	1.7935872998470204
-97856	2.0925185164881905
-97824	0.8967936499235102
-97792	2.6903809497705304
-97760	3.288243383052871
-97728	2.0925185164881905
-97696	2.3914497331293605
-97664	1.7935872998470204
-97632	2.0925185164881905
-97600	0.5978624332823401
-97568	3.288243383052871
-97536	1.4946560832058502
-97504	0.8967936499235102
-97472	1.4946560832058502
-97440	1.4946560832058502
-97408	1.7935872998470204
-97376	2.0925185164881905
-97344	2.6903809497705304
-97312	2.0925185164881905
-97280	0.5978624332823401
-97248	1.4946560832058502
-97216	1.7935872998470204
-97184	2.0925185164881905
-97152	1.1957248665646802
-97120	0.5978624332823401
-97088	1.7935872998470204
-97056	1.1957248665646802
-97024	0.8967936499235102
-96992	0.8967936499235102
-96960	1.1957248665646802
-96928	1.7935872998470204
-96896	2.0925185164881905
-96864	2.0925185164881905
-96832	0.5978624332823401
-96800	2.6903809497705304
-96768	1.1957248665646802
-96736	2.0925185164881905
-96704	0.8967936499235102
-96672	2.0925185164881905
-96640	1.1957248665646802
-96608	0.8967936499235102
-96576	0.5978624332823401
-96544	1.4946560832058502
-96512	1.1957248665646802
-96480	2.6903809497705304
-96448	1.4946560832058502
-96416	2.0925185164881905
-96384	2.6903809497705304
-96352	2.9893121664117004
-96320	1.7935872998470204
-96288	1.4946560832058502
-96256	2.3914497331293605
-96224	2.9893121664117004
-96192	1.7935872998470204
-96160	1.1957248665646802
-96128	1.7935872998470204
-96096	2.3914497331293605
-96064	2.6903809497705304
-96032	1.4946560832058502
-96000	1.4946560832058502
-95968	0.5978624332823401
-95936	1.7935872998470204
-95904	0.8967936499235102
-95872	1.7935872998470204
-95840	0.8967936499235102
-95808	1.1957248665646802
-95776	0
-95744	2.3914497331293605
-95712	2.0925185164881905
-95680	1.4946560832058502
-95648	1.4946560832058502
-95616	0.5978624332823401
-95584	2.3914497331293605
-95552	0.8967936499235102
-95520	1.7935872998470204
-95488	1.4946560832058502
-95456	1.1957248665646802
-95424	1.4946560832058502
-95392	2.3914497331293605
-95360	2.0925185164881905
-95328	2.0925185164881905
-95296	1.4946560832058502
-95264	1.1957248665646802
-95232	2.0925185164881905
-95200	2.3914497331293605
-95168	1.7935872998470204
-95136	3.5871745996940407
-95104	0.8967936499235102
-95072	2.6903809497705304
-95040	2.6903809497705304
-95008	2.3914497331293605
-94976	1.4946560832058502
-94944	2.3914497331293605
-94912	0.5978624332823401
-94880	2.0925185164881905
-94848	1.1957248665646802
-94816	2.3914497331293605
-94784	2.6903809497705304
-94752	1.1957248665646802
-94720	0.8967936499235102
-94688	1.7935872998470204
-94656	2.0925185164881905
-94624	0.8967936499235102
-94592	1.4946560832058502
-94560	1.1957248665646802
-94528	1.7935872998470204
-94496	1.7935872998470204
-94464	0.8967936499235102
-94432	1.4946560832058502
-94400	0.5978624332823401
-94368	1.7935872998470204
-94336	2.6903809497705304
-94304	1.7935872998470204
-94272	1.1957248665646802
-94240	1.4946560832058502
-94208	1.4946560832058502
-94176	2.6903809497705304
-94144	2.6903809497705304
-94112	1.1957248665646802
-94080	1.1957248665646802
-94048	1.4946560832058502
-94016	1.7935872998470204
-93984	2.0925185164881905
-93952	1.7935872998470204
-93920	1.7935872998470204
-93888	1.1957248665646802
-93856	0.5978624332823401
-93824	2.6903809497705304
-93792	1.1957248665646802
-93760	2.6903809497705304
-93728	2.3914497331293605
-93696	0.8967936499235102
-93664	2.0925185164881905
-93632	1.7935872998470204
-93600	3.288243383052871
-93568	1.1957248665646802
-93536	2.0925185164881905
-93504	0.8967936499235102
-93472	2.6903809497705304
-93440	1.1957248665646802
-93408	1.7935872998470204
-93376	1.7935872998470204
-93344	2.0925185164881905
-93312	2.3914497331293605
-93280	2.0925185164881905
-93248	2.3914497331293605
-93216	1.4946560832058502
-93184	2.0925185164881905
-93152	1.1957248665646802
-93120	1.7935872998470204
-93088	2.0925185164881905
-93056	1.4946560832058502
-93024	0.8967936499235102
-92992	2.0925185164881905
-92960	0.8967936499235102
-92928	0.5978624332823401
-92896	2.0925185164881905
-92864	2.9893121664117004
-92832	1.7935872998470204
-92800	2.0925185164881905
-92768	2.0925185164881905
-92736	1.7935872998470204
-92704	0.29893121664117006
-92672	2.6903809497705304
-92640	2.0925185164881905
-92608	2.6903809497705304
-92576	1.7935872998470204
-92544	2.3914497331293605
-92512	1.1957248665646802
-92480	0.5978624332823401
-92448	0.8967936499235102
-92416	2.9893121664117004
-92384	1.7935872998470204
-92352	1.7935872998470204
-92320	0.5978624332823401
-92288	1.1957248665646802
-92256	0.8967936499235102
-92224	1.1957248665646802
-92192	2.6903809497705304
-92160	1.4946560832058502
-92128	2.6903809497705304
-92096	1.7935872998470204
-92064	0.8967936499235102
-92032	1.7935872998470204
-92000	0.5978624332823401
-91968	1.4946560832058502
-91936	1.1957248665646802
-91904	0.29893121664117006
-91872	3.288243383052871
-91840	2.0925185164881905
-91808	1.1957248665646802
-91776	1.7935872998470204
-91744	2.0925185164881905
-91712	2.0925185164881905
-91680	1.7935872998470204
-91648	2.0925185164881905
-91616	1.4946560832058502
-91584	1.4946560832058502
-91552	2.3914497331293605
-91520	2.3914497331293605
-91488	2.6903809497705304
-91456	2.3914497331293605
-91424	1.4946560832058502
-91392	2.0925185164881905
-91360	0.8967936499235102
-91328	1.4946560832058502
-91296	2.6903809497705304
-91264	1.7935872998470204
-91232	1.1957248665646802
-91200	1.1957248665646802
-91168	0.5978624332823401
-91136	2.6903809497705304
-91104	2.3914497331293605
-91072	1.4946560832058502
-91040	2.9893121664117004
-91008	2.0925185164881905
-90976	0.8967936499235102
-90944	3.288243383052871
-90912	1.7935872998470204
-90880	0.8967936499235102
-90848	0.5978624332823401
-90816	1.7935872998470204
-90784	1.1957248665646802
-90752	1.4946560832058502
-90720	1.4946560832058502
-90688	1.4946560832058502
-90656	2.3914497331293605
-90624	1.7935872998470204
-90592	2.6903809497705304
-90560	2.3914497331293605
-90528	1.7935872998470204
-90496	2.0925185164881905
-90464	1.4946560832058502
-90432	1.4946560832058502
-90400	1.4946560832058502
-90368	1.4946560832058502
-90336	1.7935872998470204
-90304	2.0925185164881905
-90272	1.1957248665646802
-90240	2.0925185164881905
-90208	1.1957248665646802
-90176	1.7935872998470204
-90144	0.8967936499235102
-90112	1.4946560832058502
-90080	1.4946560832058502
-90048	2.0925185164881905
-90016	0.8967936499235102
-89984	1.4946560832058502
-89952	2.0925185164881905
-89920	1.4946560832058502
-89888	1.4946560832058502
-89856	1.4946560832058502
-89824	2.3914497331293605
-89792	2.0925185164881905
-89760	1.7935872998470204
-89728	1.7935872998470204
-89696	1.4946560832058502
-89664	1.1957248665646802
-89632	1.4946560832058502
-89600	0.8967936499235102
-89568	0.8967936499235102
-89536	1.7935872998470204
-89504	1.4946560832058502
-89472	1.7935872998470204
-89440	1.7935872998470204
-89408	2.0925185164881905
-89376	1.7935872998470204
-89344	0.29893121664117006
-89312	0.29893121664117006
-89280	1.1957248665646802
-89248	1.1957248665646802
-89216	1.4946560832058502
-89184	1.1957248665646802
-89152	2.6903809497705304
-89120	1.7935872998470204
-89088	3.288243383052871
-89056	2.3914497331293605
-89024	0.5978624332823401
-88992	0.5978624332823401
-88960	1.1957248665646802
-88928	0.29893121664117006
-88896	1.4946560832058502
-88864	2.0925185164881905
-88832	0.8967936499235102
-88800	0.5978624332823401
-88768	1.4946560832058502
-88736	0.8967936499235102
-88704	1.7935872998470204
-88672	0.5978624332823401
-88640	1.7935872998470204
-88608	1.4946560832058502
-88576	1.7935872998470204
-88544	2.6903809497705304
-88512	0.8967936499235102
-88480	3.288243383052871
-88448	1.7935872998470204
-88416	0
-88384	2.0925185164881905
-88352	2.3914497331293605
-88320	1.7935872998470204
-88288	2.0925185164881905
-88256	2.3914497331293605
-88224	3.288243383052871
-88192	0.5978624332823401
-88160	0.8967936499235102
-88128	0.8967936499235102
-88096	2.0925185164881905
-88064	0.29893121664117006
-88032	2.0925185164881905
-88000	2.3914497331293605
-87968	1.4946560832058502
-87936	2.3914497331293605
-87904	0.5978624332823401
-87872	1.7935872998470204
-87840	2.0925185164881905
-87808	2.3914497331293605
-87776	1.4946560832058502
-87744	2.6903809497705304
-87712	0.8967936499235102
-87680	2.0925185164881905
-87648	2.3914497331293605
-87616	2.0925185164881905
-87584	2.0925185164881905
-87552	0.5978624332823401
-87520	2.0925185164881905
-87488	1.7935872998470204
-87456	0.8967936499235102
-87424	2.0925185164881905
-87392	2.6903809497705304
-87360	0.8967936499235102
-87328	1.7935872998470204
-87296	1.4946560832058502
-87264	1.7935872998470204
-87232	0.8967936499235102
-87200	1.1957248665646802
-87168	1.1957248665646802
-87136	0.8967936499235102
-87104	1.1957248665646802
-87072	1.7935872998470204
-87040	2.0925185164881905
-87008	2.6903809497705304
-86976	2.0925185164881905
-86944	1.4946560832058502
-86912	2.0925185164881905
-86880	2.9893121664117004
-86848	2.0925185164881905
-86816	1.7935872998470204
-86784	0.8967936499235102
-86752	0.5978624332823401
-86720	2.0925185164881905
-86688	0.8967936499235102
-86656	1.4946560832058502
-86624	1.1957248665646802
-86592	1.1957248665646802
-86560	1.7935872998470204
-86528	2.0925185164881905
-86496	2.9893121664117004
-86464	2.6903809497705304
-86432	1.1957248665646802
-86400	2.3914497331293605
-86368	0.5978624332823401
-86336	1.4946560832058502
-86304	0.8967936499235102
-86272	1.4946560832058502
-86240	2.9893121664117004
-86208	2.0925185164881905
-86176	1.1957248665646802
-86144	1.4946560832058502
-86112	0.5978624332823401
-86080	0.8967936499235102
-86048	1.4946560832058502
-86016	0.8967936499235102
-85984	1.4946560832058502
-85952	2.3914497331293605
-85920	1.7935872998470204
-85888	2.0925185164881905
-85856	1.4946560832058502
-85824	1.1957248665646802
-85792	2.0925185164881905
-85760	2.3914497331293605
-85728	1.4946560832058502
-85696	1.4946560832058502
-85664	2.0925185164881905
-85632	2.3914497331293605
-85600	1.7935872998470204
-85568	1.7935872998470204
-85536	0.8967936499235102
-85504	2.3914497331293605
-85472	1.4946560832058502
-85440	1.7935872998470204
-85408	1.4946560832058502
-85376	2.3914497331293605
-85344	2.0925185164881905
-85312	0.8967936499235102
-85280	2.9893121664117004
-85248	5.081830682899891
-85216	1.7935872998470204
-85184	2.3914497331293605
-85152	1.4946560832058502
-85120	0.8967936499235102
-85088	1.4946560832058502
-85056	2.3914497331293605
-85024	1.7935872998470204
-84992	1.4946560832058502
-84960	2.0925185164881905
-84928	1.4946560832058502
-84896	2.0925185164881905
-84864	0.5978624332823401
-84832	1.7935872998470204
-84800	1.7935872998470204
-84768	1.1957248665646802
-84736	0.8967936499235102
-84704	1.1957248665646802
-84672	1.7935872998470204
-84640	2.3914497331293605
-84608	1.4946560832058502
-84576	2.6903809497705304
-84544	1.7935872998470204
-84512	1.1957248665646802
-84480	2.3914497331293605
-84448	1.7935872998470204
-84416	2.3914497331293605
-84384	1.1957248665646802
-84352	2.3914497331293605
-84320	2.0925185164881905
-84288	1.7935872998470204
-84256	1.1957248665646802
-84224	1.1957248665646802
-84192	1.4946560832058502
-84160	2.0925185164881905
-84128	1.1957248665646802
-84096	2.0925185164881905
-84064	1.7935872998470204
-84032	2.0925185164881905
-84000	1.1957248665646802
-83968	4.185037032976381
-83936	1.1957248665646802
-83904	1.7935872998470204
-83872	1.1957248665646802
-83840	2.9893121664117004
-83808	1.4946560832058502
-83776	0.29893121664117006
-83744	2.3914497331293605
-83712	0.5978624332823401
-83680	2.0925185164881905
-83648	2.0925185164881905
-83616	2.0925185164881905
-83584	2.3914497331293605
-83552	1.7935872998470204
-83520	2.9893121664117004
-83488	2.9893121664117004
-83456	2.6903809497705304
-83424	1.4946560832058502
-83392	1.1957248665646802
-83360	0.29893121664117006
-83328	1.4946560832058502
-83296	2.0925185164881905
-83264	0.8967936499235102
-83232	0.8967936499235102
-83200	2.3914497331293605
-83168	2.0925185164881905
-83136	1.1957248665646802
-83104	2.3914497331293605
-83072	1.1957248665646802
-83040	2.3914497331293605
-83008	1.4946560832058502
-82976	1.1957248665646802
-82944	0.5978624332823401
-82912	2.9893121664117004
-82880	2.0925185164881905
-82848	1.1957248665646802
-82816	2.0925185164881905
-82784	2.0925185164881905
-82752	1.1957248665646802
-82720	1.7935872998470204
-82688	1.4946560832058502
-82656	0.5978624332823401
-82624	1.7935872998470204
-82592	0.5978624332823401
-82560	1.1957248665646802
-82528	1.4946560832058502
-82496	1.7935872998470204
-82464	2.0925185164881905
-82432	2.3914497331293605
-82400	2.9893121664117004
-82368	0.8967936499235102
-82336	0.8967936499235102
-82304	1.1957248665646802
-82272	1.4946560832058502
-82240	2.0925185164881905
-82208	2.0925185164881905
-82176	1.1957248665646802
-82144	2.0925185164881905
-82112	1.4946560832058502
-82080	0.5978624332823401
-82048	1.7935872998470204
-82016	1.1957248665646802
-81984	0.5978624332823401
-81952	1.4946560832058502
-81920	0.8967936499235102
-81888	2.3914497331293605
-81856	1.7935872998470204
-81824	0.5978624332823401
-81792	2.6903809497705304
-81760	1.7935872998470204
-81728	1.4946560832058502
-81696	1.1957248665646802
-81664	1.4946560832058502
-81632	1.7935872998470204
-81600	0.8967936499235102
-81568	1.7935872998470204
-81536	2.0925185164881905
-81504	2.3914497331293605
-81472	0.5978624332823401
-81440	2.9893121664117004
-81408	1.4946560832058502
-81376	0.8967936499235102
-81344	2.0925185164881905
-81312	1.1957248665646802
-81280	2.6903809497705304
-81248	1.1957248665646802
-81216	1.7935872998470204
-81184	0.5978624332823401
-81152	0.8967936499235102
-81120	2.0925185164881905
-81088	1.4946560832058502
-81056	0.8967936499235102
-81024	1.7935872998470204
-80992	2.3914497331293605
-80960	2.6903809497705304
-80928	2.0925185164881905
-80896	1.7935872998470204
-80864	1.7935872998470204
-80832	1.1957248665646802
-80800	2.9893121664117004
-80768	3.288243383052871
-80736	1.7935872998470204
-80704	1.4946560832058502
-80672	0.8967936499235102
-80640	1.1957248665646802
-80608	0.5978624332823401
-80576	1.1957248665646802
-80544	1.7935872998470204
-80512	1.7935872998470204
-80480	1.1957248665646802
-80448	2.0925185164881905
-80416	1.4946560832058502
-80384	2.6903809497705304
-80352	1.7935872998470204
-80320	2.6903809497705304
-80288	1.4946560832058502
-80256	2.6903809497705304
-80224	3.5871745996940407
-80192	1.7935872998470204
-80160	1.1957248665646802
-80128	1.7935872998470204
-80096	0.8967936499235102
-80064	1.7935872998470204
-80032	1.1957248665646802
-80000	2.3914497331293605
-79968	2.3914497331293605
-79936	1.7935872998470204
-79904	2.3914497331293605
-79872	2.0925185164881905
-79840	1.7935872998470204
-79808	2.0925185164881905
-79776	1.4946560832058502
-79744	0.5978624332823401
-79712	0.8967936499235102
-79680	2.0925185164881905
-79648	2.3914497331293605
-79616	2.0925185164881905
-79584	1.1957248665646802
-79552	2.0925185164881905
-79520	1.4946560832058502
-79488	2.3914497331293605
-79456	1.4946560832058502
-79424	2.3914497331293605
-79392	2.0925185164881905
-79360	2.6903809497705304
-79328	2.3914497331293605
-79296	3.5871745996940407
-79264	2.3914497331293605
-79232	2.0925185164881905
-79200	1.4946560832058502
-79168	2.6903809497705304
-79136	1.4946560832058502
-79104	2.3914497331293605
-79072	1.1957248665646802
-79040	2.0925185164881905
-79008	2.0925185164881905
-78976	2.6903809497705304
-78944	3.288243383052871
-78912	1.7935872998470204
-78880	2.0925185164881905
-78848	1.1957248665646802
-78816	1.7935872998470204
-78784	2.3914497331293605
-78752	0.5978624332823401
-78720	1.1957248665646802
-78688	2.3914497331293605
-78656	2.9893121664117004
-78624	1.7935872998470204
-78592	1.4946560832058502
-78560	2.3914497331293605
-78528	1.1957248665646802
-78496	0.5978624332823401
-78464	1.7935872998470204
-78432	0.29893121664117006
-78400	1.7935872998470204
-78368	1.7935872998470204
-78336	1.7935872998470204
-78304	2.0925185164881905
-78272	2.0925185164881905
-78240	0.8967936499235102
-78208	1.4946560832058502
-78176	0.8967936499235102
-78144	0.8967936499235102
-78112	1.1957248665646802
-78080	2.0925185164881905
-78048	1.4946560832058502
-78016	1.1957248665646802
-77984	1.1957248665646802
-77952	1.1957248665646802
-77920	1.1957248665646802
-77888	0.8967936499235102
-77856	2.6903809497705304
-77824	1.4946560832058502
-77792	1.4946560832058502
-77760	0.5978624332823401
-77728	1.7935872998470204
-77696	2.6903809497705304
-77664	1.4946560832058502
-77632	0.8967936499235102
-77600	2.6903809497705304
-77568	1.4946560832058502
-77536	1.7935872998470204
-77504	2.3914497331293605
-77472	2.6903809497705304
-77440	2.3914497331293605
-77408	1.1957248665646802
-77376	1.7935872998470204
-77344	3.288243383052871
-77312	0.8967936499235102
-77280	1.1957248665646802
-77248	1.4946560832058502
-77216	0.5978624332823401
-77184	2.6903809497705304
-77152	2.3914497331293605
-77120	1.4946560832058502
-77088	0.29893121664117006
-77056	0.5978624332823401
-77024	1.4946560832058502
-76992	1.1957248665646802
-76960	0.8967936499235102
-76928	2.0925185164881905
-76896	1.7935872998470204
-76864	2.0925185164881905
-76832	1.4946560832058502
-76800	2.3914497331293605
-76768	0.8967936499235102
-76736	2.3914497331293605
-76704	1.1957248665646802
-76672	1.7935872998470204
-76640	0.29893121664117006
-76608	2.0925185164881905
-76576	1.7935872998470204
-76544	2.9893121664117004
-76512	1.1957248665646802
-76480	1.4946560832058502
-76448	0.5978624332823401
-76416	2.0925185164881905
-76384	1.4946560832058502
-76352	2.3914497331293605
-76320	1.1957248665646802
-76288	1.1957248665646802
-76256	1.7935872998470204
-76224	2.3914497331293605
-76192	1.4946560832058502
-76160	2.9893121664117004
-76128	1.7935872998470204
-76096	1.1957248665646802
-76064	1.1957248665646802
-76032	1.1957248665646802
-76000	2.0925185164881905
-75968	2.6903809497705304
-75936	1.7935872998470204
-75904	1.1957248665646802
-75872	1.7935872998470204
-75840	1.4946560832058502
-75808	2.0925185164881905
-75776	1.4946560832058502
-75744	1.4946560832058502
-75712	1.1957248665646802
-75680	2.6903809497705304
-75648	1.4946560832058502
-75616	2.0925185164881905
-75584	1.7935872998470204
-75552	1.1957248665646802
-75520	1.1957248665646802
-75488	1.4946560832058502
-75456	2.6903809497705304
-75424	2.3914497331293605
-75392	2.0925185164881905
-75360	0.8967936499235102
-75328	1.7935872998470204
-75296	0.8967936499235102
-75264	1.7935872998470204
-75232	2.3914497331293605
-75200	1.7935872998470204
-75168	1.4946560832058502
-75136	2.3914497331293605
-75104	0.8967936499235102
-75072	1.4946560832058502
-75040	1.1957248665646802
-75008	2.0925185164881905
-74976	3.288243383052871
-74944	1.1957248665646802
-74912	1.4946560832058502
-74880	2.0925185164881905
-74848	1.7935872998470204
-74816	0.8967936499235102
-74784	2.0925185164881905
-74752	2.0925185164881905
-74720	2.9893121664117004
-74688	0.8967936499235102
-74656	1.4946560832058502
-74624	1.1957248665646802
-74592	1.4946560832058502
-74560	1.4946560832058502
-74528	0.8967936499235102
-74496	1.4946560832058502
-74464	2.6903809497705304
-74432	1.1957248665646802
-74400	1.4946560832058502
-74368	1.4946560832058502
-74336	3.5871745996940407
-74304	0.5978624332823401
-74272	1.7935872998470204
-74240	2.0925185164881905
-74208	1.7935872998470204
-74176	2.0925185164881905
-74144	2.0925185164881905
-74112	1.7935872998470204
-74080	3.288243383052871
-74048	2.0925185164881905
-74016	2.0925185164881905
-73984	1.7935872998470204
-73952	1.4946560832058502
-73920	2.3914497331293605
-73888	1.1957248665646802
-73856	1.4946560832058502
-73824	0.8967936499235102
-73792	1.7935872998470204
-73760	1.7935872998470204
-73728	1.7935872998470204
-73696	2.3914497331293605
-73664	1.7935872998470204
-73632	2.0925185164881905
-73600	2.6903809497705304
-73568	1.1957248665646802
-73536	2.0925185164881905
-73504	2.3914497331293605
-73472	1.7935872998470204
-73440	1.7935872998470204
-73408	0.5978624332823401
-73376	2.3914497331293605
-73344	1.4946560832058502
-73312	0.8967936499235102
-73280	3.5871745996940407
-73248	1.1957248665646802
-73216	1.4946560832058502
-73184	2.6903809497705304
-73152	1.7935872998470204
-73120	2.3914497331293605
-73088	1.1957248665646802
-73056	1.4946560832058502
-73024	1.7935872998470204
-72992	2.0925185164881905
-72960	0.8967936499235102
-72928	2.3914497331293605
-72896	2.0925185164881905
-72864	2.0925185164881905
-72832	1.1957248665646802
-72800	2.3914497331293605
-72768	2.0925185164881905
-72736	1.1957248665646802
-72704	3.288243383052871
-72672	2.9893121664117004
-72640	1.7935872998470204
-72608	1.4946560832058502
-72576	2.6903809497705304
-72544	1.4946560832058502
-72512	0.5978624332823401
-72480	0.5978624332823401
-72448	0.5978624332823401
-72416	1.4946560832058502
-72384	1.7935872998470204
-72352	1.4946560832058502
-72320	1.4946560832058502
-72288	1.1957248665646802
-72256	0.8967936499235102
-72224	3.288243383052871
-72192	2.0925185164881905
-72160	1.7935872998470204
-72128	0.5978624332823401
-72096	1.1957248665646802
-72064	1.4946560832058502
-72032	0.8967936499235102
-72000	0.5978624332823401
-71968	2.3914497331293605
-71936	0.5978624332823401
-71904	1.4946560832058502
-71872	1.7935872998470204
-71840	2.9893121664117004
-71808	1.7935872998470204
-71776	1.1957248665646802
-71744	2.3914497331293605
-71712	3.5871745996940407
-71680	1.1957248665646802
-71648	2.0925185164881905
-71616	1.1957248665646802
-71584	1.7935872998470204
-71552	0.8967936499235102
-71520	2.0925185164881905
-71488	2.6903809497705304
-71456	0.5978624332823401
-71424	1.1957248665646802
-71392	2.3914497331293605
-71360	1.7935872998470204
-71328	1.4946560832058502
-71296	2.0925185164881905
-71264	1.4946560832058502
-71232	1.4946560832058502
-71200	1.7935872998470204
-71168	2.3914497331293605
-71136	1.1957248665646802
-71104	2.6903809497705304
-71072	1.4946560832058502
-71040	1.1957248665646802
-71008	2.0925185164881905
-70976	1.4946560832058502
-70944	1.4946560832058502
-70912	2.3914497331293605
-70880	2.9893121664117004
-70848	2.3914497331293605
-70816	2.6903809497705304
-70784	1.1957248665646802
-70752	0.8967936499235102
-70720	1.7935872998470204
-70688	2.0925185164881905
-70656	2.0925185164881905
-70624	1.7935872998470204
-70592	1.7935872998470204
-70560	1.7935872998470204
-70528	3.288243383052871
-70496	1.7935872998470204
-70464	0.5978624332823401
-70432	2.6903809497705304
-70400	3.288243383052871
-70368	2.3914497331293605
-70336	1.7935872998470204
-70304	1.4946560832058502
-70272	2.9893121664117004
-70240	2.0925185164881905
-70208	2.0925185164881905
-70176	2.3914497331293605
-70144	0.5978624332823401
-70112	0.8967936499235102
-70080	0.8967936499235102
-70048	1.1957248665646802
-70016	2.3914497331293605
-69984	2.0925185164881905
-69952	2.3914497331293605
-69920	2.9893121664117004
-69888	2.0925185164881905
-69856	1.4946560832058502
-69824	1.1957248665646802
-69792	0.29893121664117006
-69760	1.4946560832058502
-69728	1.7935872998470204
-69696	2.0925185164881905
-69664	2.0925185164881905
-69632	2.3914497331293605
-69600	1.7935872998470204
-69568	2.6903809497705304
-69536	1.1957248665646802
-69504	2.3914497331293605
-69472	1.1957248665646802
-69440	1.7935872998470204
-69408	1.7935872998470204
-69376	1.4946560832058502
-69344	1.1957248665646802
-69312	2.0925185164881905
-69280	1.1957248665646802
-69248	2.0925185164881905
-69216	2.3914497331293605
-69184	2.3914497331293605
-69152	1.7935872998470204
-69120	0.8967936499235102
-69088	2.3914497331293605
-69056	1.7935872998470204
-69024	1.1957248665646802
-68992	1.4946560832058502
-68960	1.7935872998470204
-68928	1.1957248665646802
-68896	1.4946560832058502
-68864	2.0925185164881905
-68832	1.4946560832058502
-68800	3.288243383052871
-68768	1.1957248665646802
-68736	1.7935872998470204
-68704	1.1957248665646802
-68672	2.6903809497705304
-68640	2.3914497331293605
-68608	1.7935872998470204
-68576	2.3914497331293605
-68544	2.0925185164881905
-68512	2.6903809497705304
-68480	2.3914497331293605
-68448	2.0925185164881905
-68416	1.7935872998470204
-68384	0.29893121664117006
-68352	1.1957248665646802
-68320	2.9893121664117004
-68288	1.7935872998470204
-68256	2.9893121664117004
-68224	1.1957248665646802
-68192	2.0925185164881905
-68160	2.9893121664117004
-68128	1.7935872998470204
-68096	1.1957248665646802
-68064	2.0925185164881905
-68032	0.8967936499235102
-68000	2.3914497331293605
-67968	2.0925185164881905
-67936	1.1957248665646802
-67904	1.7935872998470204
-67872	2.0925185164881905
-67840	0.8967936499235102
-67808	2.6903809497705304
-67776	2.9893121664117004
-67744	1.1957248665646802
-67712	2.0925185164881905
-67680	0.8967936499235102
-67648	2.0925185164881905
-67616	2.6903809497705304
-67584	2.3914497331293605
-67552	1.4946560832058502
-67520	1.1957248665646802
-67488	2.0925185164881905
-67456	1.4946560832058502
-67424	1.4946560832058502
-67392	0.8967936499235102
-67360	3.288243383052871
-67328	3.5871745996940407
-67296	2.0925185164881905
-67264	0.8967936499235102
-67232	1.7935872998470204
-67200	1.7935872998470204
-67168	1.7935872998470204
-67136	2.0925185164881905
-67104	1.1957248665646802
-67072	3.5871745996940407
-67040	2.0925185164881905
-67008	1.7935872998470204
-66976	1.4946560832058502
-66944	2.6903809497705304
-66912	0.8967936499235102
-66880	1.7935872998470204
-66848	0.29893121664117006
-66816	1.4946560832058502
-66784	2.9893121664117004
-66752	2.6903809497705304
-66720	1.1957248665646802
-66688	1.1957248665646802
-66656	0.8967936499235102
-66624	1.7935872998470204
-66592	1.7935872998470204
-66560	2.0925185164881905
-66528	0.5978624332823401
-66496	1.4946560832058502
-66464	2.3914497331293605
-66432	1.4946560832058502
-66400	2.0925185164881905
-66368	1.1957248665646802
-66336	2.3914497331293605
-66304	2.3914497331293605
-66272	1.7935872998470204
-66240	2.6903809497705304
-66208	0.8967936499235102
-66176	2.3914497331293605
-66144	2.3914497331293605
-66112	1.7935872998470204
-66080	0.5978624332823401
-66048	1.7935872998470204
-66016	1.7935872998470204
-65984	0.29893121664117006
-65952	2.0925185164881905
-65920	2.3914497331293605
-65888	1.4946560832058502
-65856	0.8967936499235102
-65824	2.0925185164881905
-65792	2.0925185164881905
-65760	0.8967936499235102
-65728	1.7935872998470204
-65696	0.8967936499235102
-65664	0.29893121664117006
-65632	1.1957248665646802
-65600	1.4946560832058502
-65568	2.9893121664117004
-65536	2.0925185164881905
-65504	1.7935872998470204
-65472	0.8967936499235102
-65440	1.7935872998470204
-65408	1.4946560832058502
-65376	2.6903809497705304
-65344	1.1957248665646802
-65312	1.7935872998470204
-65280	1.4946560832058502
-65248	2.0925185164881905
-65216	1.7935872998470204
-65184	2.0925185164881905
-65152	0.8967936499235102
-65120	1.7935872998470204
-65088	2.9893121664117004
-65056	0.8967936499235102
-65024	1.4946560832058502
-64992	1.7935872998470204
-64960	2.3914497331293605
-64928	2.3914497331293605
-64896	2.3914497331293605
-64864	1.7935872998470204
-64832	2.3914497331293605
-64800	1.4946560832058502
-64768	1.7935872998470204
-64736	1.4946560832058502
-64704	2.9893121664117004
-64672	1.4946560832058502
-64640	1.7935872998470204
-64608	2.9893121664117004
-64576	2.9893121664117004
-64544	2.9893121664117004
-64512	1.7935872998470204
-64480	0.8967936499235102
-64448	0
-64416	0.8967936499235102
-64384	2.0925185164881905
-64352	0.8967936499235102
-64320	0.5978624332823401
-64288	1.1957248665646802
-64256	0.8967936499235102
-64224	2.6903809497705304
-64192	0.8967936499235102
-64160	2.6903809497705304
-64128	1.7935872998470204
-64096	2.0925185164881905
-64064	1.7935872998470204
-64032	2.3914497331293605
-64000	1.7935872998470204
-63968	1.4946560832058502
-63936	1.4946560832058502
-63904	1.4946560832058502
-63872	1.1957248665646802
-63840	0.8967936499235102
-63808	2.6903809497705304
-63776	1.1957248665646802
-63744	2.3914497331293605
-63712	0.5978624332823401
-63680	1.7935872998470204
-63648	1.4946560832058502
-63616	1.4946560832058502
-63584	1.7935872998470204
-63552	1.7935872998470204
-63520	1.1957248665646802
-63488	1.7935872998470204
-63456	1.4946560832058502
-63424	1.4946560832058502
-63392	2.9893121664117004
-63360	1.4946560832058502
-63328	1.1957248665646802
-63296	1.1957248665646802
-63264	1.7935872998470204
-63232	4.185037032976381
-63200	2.6903809497705304
-63168	2.6903809497705304
-63136	1.1957248665646802
-63104	1.4946560832058502
-63072	2.0925185164881905
-63040	2.3914497331293605
-63008	1.1957248665646802
-62976	1.7935872998470204
-62944	0.8967936499235102
-62912	2.3914497331293605
-62880	0.5978624332823401
-62848	2.3914497331293605
-62816	2.3914497331293605
-62784	1.1957248665646802
-62752	1.1957248665646802
-62720	2.6903809497705304
-62688	2.0925185164881905
-62656	1.1957248665646802
-62624	2.9893121664117004
-62592	0.8967936499235102
-62560	1.7935872998470204
-62528	2.9893121664117004
-62496	1.7935872998470204
-62464	3.5871745996940407
-62432	0.8967936499235102
-62400	2.3914497331293605
-62368	2.0925185164881905
-62336	1.4946560832058502
-62304	2.6903809497705304
-62272	3.288243383052871
-62240	0.5978624332823401
-62208	1.7935872998470204
-62176	1.7935872998470204
-62144	0.5978624332823401
-62112	0.8967936499235102
-62080	3.288243383052871
-62048	1.7935872998470204
-62016	1.7935872998470204
-61984	2.0925185164881905
-61952	0.8967936499235102
-61920	0.5978624332823401
-61888	1.7935872998470204
-61856	0.8967936499235102
-61824	1.7935872998470204
-61792	1.1957248665646802
-61760	1.1957248665646802
-61728	1.4946560832058502
-61696	2.9893121664117004
-61664	0.5978624332823401
-61632	2.3914497331293605
-61600	1.4946560832058502
-61568	2.0925185164881905
-61536	2.0925185164881905
-61504	2.0925185164881905
-61472	1.1957248665646802
-61440	0.8967936499235102
-61408	2.3914497331293605
-61376	3.288243383052871
-61344	0.29893121664117006
-61312	3.8861058163352107
-61280	2.3914497331293605
-61248	1.4946560832058502
-61216	2.3914497331293605
-61184	1.4946560832058502
-61152	1.1957248665646802
-61120	1.4946560832058502
-61088	2.9893121664117004
-61056	2.0925185164881905
-61024	2.0925185164881905
-60992	2.6903809497705304
-60960	0.8967936499235102
-60928	1.7935872998470204
-60896	2.0925185164881905
-60864	1.4946560832058502
-60832	2.6903809497705304
-60800	2.0925185164881905
-60768	1.1957248665646802
-60736	1.1957248665646802
-60704	0.5978624332823401
-60672	2.0925185164881905
-60640	1.4946560832058502
-60608	2.6903809497705304
-60576	0.5978624332823401
-60544	2.6903809497705304
-60512	2.6903809497705304
-60480	1.7935872998470204
-60448	1.7935872998470204
-60416	1.1957248665646802
-60384	1.1957248665646802
-60352	2.0925185164881905
-60320	2.6903809497705304
-60288	2.6903809497705304
-60256	1.4946560832058502
-60224	1.4946560832058502
-60192	0.8967936499235102
-60160	1.4946560832058502
-60128	1.7935872998470204
-60096	0.8967936499235102
-60064	2.3914497331293605
-60032	1.4946560832058502
-60000	1.1957248665646802
-59968	0.8967936499235102
-59936	1.4946560832058502
-59904	1.1957248665646802
-59872	2.3914497331293605
-59840	2.3914497331293605
-59808	0.29893121664117006
-59776	1.4946560832058502
-59744	2.3914497331293605
-59712	2.0925185164881905
-59680	1.1957248665646802
-59648	2.3914497331293605
-59616	1.4946560832058502
-59584	2.0925185164881905
-59552	1.4946560832058502
-59520	2.3914497331293605
-59488	1.4946560832058502
-59456	2.6903809497705304
-59424	1.1957248665646802
-59392	2.6903809497705304
-59360	2.0925185164881905
-59328	2.3914497331293605
-59296	1.7935872998470204
-59264	2.0925185164881905
-59232	1.7935872998470204
-59200	0.5978624332823401
-59168	1.7935872998470204
-59136	2.0925185164881905
-59104	1.4946560832058502
-59072	1.4946560832058502
-59040	0.29893121664117006
-59008	1.4946560832058502
-58976	1.7935872998470204
-58944	3.5871745996940407
-58912	1.1957248665646802
-58880	0.8967936499235102
-58848	1.1957248665646802
-58816	1.4946560832058502
-58784	0.8967936499235102
-58752	2.3914497331293605
-58720	1.7935872998470204
-58688	0.8967936499235102
-58656	1.1957248665646802
-58624	2.9893121664117004
-58592	2.6903809497705304
-58560	1.4946560832058502
-58528	2.0925185164881905
-58496	1.4946560832058502
-58464	0.29893121664117006
-58432	1.4946560832058502
-58400	1.1957248665646802
-58368	1.4946560832058502
-58336	1.1957248665646802
-58304	2.6903809497705304
-58272	2.0925185164881905
-58240	2.3914497331293605
-58208	2.3914497331293605
-58176	2.0925185164881905
-58144	2.3914497331293605
-58112	0.8967936499235102
-58080	3.5871745996940407
-58048	1.1957248665646802
-58016	2.3914497331293605
-57984	0.8967936499235102
-57952	1.7935872998470204
-57920	1.7935872998470204
-57888	2.0925185164881905
-57856	1.4946560832058502
-57824	2.9893121664117004
-57792	0.8967936499235102
-57760	1.7935872998470204
-57728	2.0925185164881905
-57696	1.7935872998470204
-57664	2.3914497331293605
-57632	0.8967936499235102
-57600	1.7935872998470204
-57568	1.4946560832058502
-57536	0.29893121664117006
-57504	2.6903809497705304
-57472	0.8967936499235102
-57440	2.0925185164881905
-57408	0.8967936499235102
-57376	2.3914497331293605
-57344	2.0925185164881905
-57312	0.29893121664117006
-57280	2.6903809497705304
-57248	1.7935872998470204
-57216	0.29893121664117006
-57184	0.8967936499235102
-57152	1.1957248665646802
-57120	2.9893121664117004
-57088	0.8967936499235102
-57056	2.9893121664117004
-57024	3.288243383052871
-56992	1.4946560832058502
-56960	1.4946560832058502
-56928	1.1957248665646802
-56896	1.4946560832058502
-56864	2.0925185164881905
-56832	1.1957248665646802
-56800	1.4946560832058502
-56768	2.6903809497705304
-56736	0.8967936499235102
-56704	2.0925185164881905
-56672	1.1957248665646802
-56640	0.5978624332823401
-56608	1.7935872998470204
-56576	1.7935872998470204
-56544	2.9893121664117004
-56512	1.7935872998470204
-56480	2.9893121664117004
-56448	0.8967936499235102
-56416	0.8967936499235102
-56384	0.5978624332823401
-56352	1.4946560832058502
-56320	2.3914497331293605
-56288	2.3914497331293605
-56256	1.4946560832058502
-56224	2.6903809497705304
-56192	1.1957248665646802
-56160	1.1957248665646802
-56128	2.3914497331293605
-56096	1.7935872998470204
-56064	1.7935872998470204
-56032	0.5978624332823401
-56000	0.29893121664117006
-55968	1.1957248665646802
-55936	2.0925185164881905
-55904	2.0925185164881905
-55872	2.3914497331293605
-55840	1.1957248665646802
-55808	2.3914497331293605
-55776	1.4946560832058502
-55744	0.8967936499235102
-55712	2.0925185164881905
-55680	2.3914497331293605
-55648	1.1957248665646802
-55616	1.1957248665646802
-55584	2.0925185164881905
-55552	2.3914497331293605
-55520	2.3914497331293605
-55488	2.0925185164881905
-55456	0.8967936499235102
-55424	1.7935872998470204
-55392	2.3914497331293605
-55360	0.8967936499235102
-55328	1.4946560832058502
-55296	1.1957248665646802
-55264	1.7935872998470204
-55232	0.8967936499235102
-55200	2.3914497331293605
-55168	1.7935872998470204
-55136	0.29893121664117006
-55104	2.0925185164881905
-55072	2.9893121664117004
-55040	1.1957248665646802
-55008	0.8967936499235102
-54976	0.8967936499235102
-54944	2.3914497331293605
-54912	1.1957248665646802
-54880	2.6903809497705304
-54848	2.3914497331293605
-54816	1.7935872998470204
-54784	2.6903809497705304
-54752	2.3914497331293605
-54720	2.0925185164881905
-54688	1.4946560832058502
-54656	2.9893121664117004
-54624	1.7935872998470204
-54592	0.29893121664117006
-54560	2.6903809497705304
-54528	2.0925185164881905
-54496	2.0925185164881905
-54464	1.4946560832058502
-54432	1.4946560832058502
-54400	1.7935872998470204
-54368	2.0925185164881905
-54336	3.288243383052871
-54304	1.7935872998470204
-54272	2.6903809497705304
-54240	1.4946560832058502
-54208	0.5978624332823401
-54176	0.8967936499235102
-54144	1.4946560832058502
-54112	2.0925185164881905
-54080	2.3914497331293605
-54048	0.8967936499235102
-54016	0.5978624332823401
-53984	2.6903809497705304
-53952	0.8967936499235102
-53920	2.9893121664117004
-53888	2.9893121664117004
-53856	1.1957248665646802
-53824	2.0925185164881905
-53792	1.4946560832058502
-53760	1.1957248665646802
-53728	0.5978624332823401
-53696	1.1957248665646802
-53664	0.8967936499235102
-53632	1.1957248665646802
-53600	1.7935872998470204
-53568	1.7935872998470204
-53536	0.8967936499235102
-53504	1.1957248665646802
-53472	0.8967936499235102
-53440	1.4946560832058502
-53408	0.8967936499235102
-53376	2.0925185164881905
-53344	2.0925185164881905
-53312	1.7935872998470204
-53280	1.1957248665646802
-53248	2.3914497331293605
-53216	0.5978624332823401
-53184	1.1957248665646802
-53152	1.7935872998470204
-53120	1.7935872998470204
-53088	0.8967936499235102
-53056	1.7935872998470204
-53024	0.5978624332823401
-52992	2.0925185164881905
-52960	1.1957248665646802
-52928	2.9893121664117004
-52896	2.9893121664117004
-52864	4.185037032976381
-52832	1.4946560832058502
-52800	3.288243383052871
-52768	2.0925185164881905
-52736	0.8967936499235102
-52704	2.0925185164881905
-52672	2.3914497331293605
-52640	1.7935872998470204
-52608	0.8967936499235102
-52576	0
-52544	1.4946560832058502
-52512	3.5871745996940407
-52480	2.6903809497705304
-52448	1.7935872998470204
-52416	0.8967936499235102
-52384	1.4946560832058502
-52352	0.8967936499235102
-52320	0.8967936499235102
-52288	1.7935872998470204
-52256	1.1957248665646802
-52224	2.0925185164881905
-52192	0.8967936499235102
-52160	1.4946560832058502
-52128	2.0925185164881905
-52096	1.4946560832058502
-52064	0.8967936499235102
-52032	1.1957248665646802
-52000	1.4946560832058502
-51968	2.3914497331293605
-51936	2.6903809497705304
-51904	1.4946560832058502
-51872	1.4946560832058502
-51840	1.7935872998470204
-51808	2.3914497331293605
-51776	1.4946560832058502
-51744	1.7935872998470204
-51712	1.1957248665646802
-51680	2.3914497331293605
-51648	1.4946560832058502
-51616	1.7935872998470204
-51584	1.7935872998470204
-51552	2.0925185164881905
-51520	0.8967936499235102
-51488	0.8967936499235102
-51456	0.5978624332823401
-51424	1.1957248665646802
-51392	1.4946560832058502
-51360	1.1957248665646802
-51328	1.7935872998470204
-51296	2.3914497331293605
-51264	2.0925185164881905
-51232	1.7935872998470204
-51200	1.1957248665646802
-51168	1.1957248665646802
-51136	1.4946560832058502
-51104	0.29893121664117006
-51072	0.8967936499235102
-51040	1.1957248665646802
-51008	2.0925185164881905
-50976	1.4946560832058502
-50944	2.0925185164881905
-50912	2.3914497331293605
-50880	3.288243383052871
-50848	2.3914497331293605
-50816	1.1957248665646802
-50784	1.7935872998470204
-50752	1.1957248665646802
-50720	0.8967936499235102
-50688	1.1957248665646802
-50656	1.7935872998470204
-50624	2.3914497331293605
-50592	0.5978624332823401
-50560	1.4946560832058502
-50528	0.8967936499235102
-50496	1.1957248665646802
-50464	2.0925185164881905
-50432	0.8967936499235102
-50400	2.3914497331293605
-50368	0.5978624332823401
-50336	1.4946560832058502
-50304	2.0925185164881905
-50272	2.6903809497705304
-50240	0.8967936499235102
-50208	1.1957248665646802
-50176	1.1957248665646802
-50144	0.8967936499235102
-50112	2.3914497331293605
-50080	3.8861058163352107
-50048	1.7935872998470204
-50016	1.7935872998470204
-49984	2.0925185164881905
-49952	1.7935872998470204
-49920	1.4946560832058502
-49888	1.7935872998470204
-49856	2.3914497331293605
-49824	1.7935872998470204
-49792	2.3914497331293605
-49760	1.7935872998470204
-49728	1.7935872998470204
-49696	3.288243383052871
-49664	1.7935872998470204
-49632	0
-49600	1.7935872998470204
-49568	1.1957248665646802
-49536	0.8967936499235102
-49504	2.6903809497705304
-49472	1.1957248665646802
-49440	2.3914497331293605
-49408	1.4946560832058502
-49376	2.6903809497705304
-49344	1.4946560832058502
-49312	1.1957248665646802
-49280	1.1957248665646802
-49248	0.5978624332823401
-49216	1.7935872998470204
-49184	1.4946560832058502
-49152	1.7935872998470204
-49120	1.7935872998470204
-49088	2.9893121664117004
-49056	1.1957248665646802
-49024	3.288243383052871
-48992	1.4946560832058502
-48960	2.0925185164881905
-48928	1.7935872998470204
-48896	1.1957248665646802
-48864	1.4946560832058502
-48832	1.7935872998470204
-48800	1.7935872998470204
-48768	0.5978624332823401
-48736	2.3914497331293605
-48704	1.1957248665646802
-48672	2.3914497331293605
-48640	2.3914497331293605
-48608	0.8967936499235102
-48576	1.1957248665646802
-48544	2.0925185164881905
-48512	0.8967936499235102
-48480	2.0925185164881905
-48448	2.3914497331293605
-48416	1.1957248665646802
-48384	3.288243383052871
-48352	0.8967936499235102
-48320	1.7935872998470204
-48288	2.0925185164881905
-48256	1.1957248665646802
-48224	2.6903809497705304
-48192	1.7935872998470204
-48160	2.0925185164881905
-48128	2.3914497331293605
-48096	2.3914497331293605
-48064	1.7935872998470204
-48032	0.8967936499235102
-48000	2.0925185164881905
-47968	1.7935872998470204
-47936	2.0925185164881905
-47904	2.0925185164881905
-47872	1.4946560832058502
-47840	2.6903809497705304
-47808	1.7935872998470204
-47776	0.8967936499235102
-47744	1.1957248665646802
-47712	2.9893121664117004
-47680	2.0925185164881905
-47648	1.7935872998470204
-47616	2.6903809497705304
-47584	2.0925185164881905
-47552	2.0925185164881905
-47520	0.8967936499235102
-47488	1.7935872998470204
-47456	2.6903809497705304
-47424	1.1957248665646802
-47392	2.0925185164881905
-47360	1.1957248665646802
-47328	0.5978624332823401
-47296	1.7935872998470204
-47264	3.288243383052871
-47232	1.1957248665646802
-47200	2.0925185164881905
-47168	2.0925185164881905
-47136	1.1957248665646802
-47104	2.0925185164881905
-47072	3.8861058163352107
-47040	2.0925185164881905
-47008	1.1957248665646802
-46976	1.1957248665646802
-46944	1.4946560832058502
-46912	2.0925185164881905
-46880	1.4946560832058502
-46848	2.0925185164881905
-46816	1.1957248665646802
-46784	2.3914497331293605
-46752	1.1957248665646802
-46720	3.8861058163352107
-46688	1.7935872998470204
-46656	3.5871745996940407
-46624	0.5978624332823401
-46592	2.0925185164881905
-46560	1.4946560832058502
-46528	1.7935872998470204
-46496	1.7935872998470204
-46464	0.8967936499235102
-46432	2.0925185164881905
-46400	2.0925185164881905
-46368	0.8967936499235102
-46336	1.1957248665646802
-46304	0.8967936499235102
-46272	2.9893121664117004
-46240	2.6903809497705304
-46208	1.7935872998470204
-46176	1.1957248665646802
-46144	1.7935872998470204
-46112	2.6903809497705304
-46080	1.1957248665646802
-46048	1.7935872998470204
-46016	0.5978624332823401
-45984	1.4946560832058502
-45952	1.7935872998470204
-45920	1.4946560832058502
-45888	1.7935872998470204
-45856	1.4946560832058502
-45824	2.0925185164881905
-45792	1.7935872998470204
-45760	1.7935872998470204
-45728	2.6903809497705304
-45696	0.5978624332823401
-45664	3.288243383052871
-45632	1.1957248665646802
-45600	2.6903809497705304
-45568	1.4946560832058502
-45536	2.0925185164881905
-45504	2.6903809497705304
-45472	1.1957248665646802
-45440	1.4946560832058502
-45408	1.7935872998470204
-45376	2.6903809497705304
-45344	0.8967936499235102
-45312	1.1957248665646802
-45280	1.4946560832058502
-45248	1.7935872998470204
-45216	0.8967936499235102
-45184	1.1957248665646802
-45152	2.3914497331293605
-45120	3.288243383052871
-45088	1.1957248665646802
-45056	2.3914497331293605
-45024	1.1957248665646802
-44992	1.4946560832058502
-44960	2.9893121664117004
-44928	1.7935872998470204
-44896	1.1957248665646802
-44864	2.3914497331293605
-44832	3.5871745996940407
-44800	1.4946560832058502
-44768	1.7935872998470204
-44736	1.1957248665646802
-44704	2.0925185164881905
-44672	1.1957248665646802
-44640	3.288243383052871
-44608	2.0925185164881905
-44576	1.4946560832058502
-44544	1.7935872998470204
-44512	1.7935872998470204
-44480	1.4946560832058502
-44448	0.5978624332823401
-44416	1.4946560832058502
-44384	1.4946560832058502
-44352	1.7935872998470204
-44320	2.0925185164881905
-44288	1.7935872998470204
-44256	2.0925185164881905
-44224	2.0925185164881905
-44192	1.1957248665646802
-44160	1.1957248665646802
-44128	2.3914497331293605
-44096	1.4946560832058502
-44064	1.7935872998470204
-44032	1.1957248665646802
-44000	1.1957248665646802
-43968	1.7935872998470204
-43936	1.1957248665646802
-43904	0.8967936499235102
-43872	2.6903809497705304
-43840	2.3914497331293605
-43808	1.1957248665646802
-43776	1.4946560832058502
-43744	1.1957248665646802
-43712	0.5978624332823401
-43680	2.0925185164881905
-43648	2.6903809497705304
-43616	2.6903809497705304
-43584	1.7935872998470204
-43552	1.7935872998470204
-43520	1.7935872998470204
-43488	0.8967936499235102
-43456	1.4946560832058502
-43424	1.7935872998470204
-43392	3.5871745996940407
-43360	1.1957248665646802
-43328	1.4946560832058502
-43296	1.7935872998470204
-43264	1.1957248665646802
-43232	1.4946560832058502
-43200	0.5978624332823401
-43168	1.4946560832058502
-43136	1.4946560832058502
-43104	0.5978624332823401
-43072	1.7935872998470204
-43040	1.7935872998470204
-43008	1.7935872998470204
-42976	1.1957248665646802
-42944	0.8967936499235102
-42912	2.6903809497705304
-42880	1.7935872998470204
-42848	1.7935872998470204
-42816	1.7935872998470204
-42784	2.0925185164881905
-42752	1.4946560832058502
-42720	1.7935872998470204
-42688	2.0925185164881905
-42656	1.4946560832058502
-42624	1.4946560832058502
-42592	1.1957248665646802
-42560	2.6903809497705304
-42528	1.7935872998470204
-42496	2.3914497331293605
-42464	1.7935872998470204
-42432	2.3914497331293605
-42400	1.1957248665646802
-42368	1.7935872998470204
-42336	0.5978624332823401
-42304	1.4946560832058502
-42272	1.4946560832058502
-42240	1.7935872998470204
-42208	2.0925185164881905
-42176	1.4946560832058502
-42144	1.4946560832058502
-42112	2.3914497331293605
-42080	3.8861058163352107
-42048	1.4946560832058502
-42016	2.0925185164881905
-41984	0.8967936499235102
-41952	0.8967936499235102
-41920	2.3914497331293605
-41888	1.4946560832058502
-41856	2.3914497331293605
-41824	2.9893121664117004
-41792	1.1957248665646802
-41760	2.9893121664117004
-41728	0.5978624332823401
-41696	0.8967936499235102
-41664	0.29893121664117006
-41632	1.1957248665646802
-41600	2.0925185164881905
-41568	1.1957248665646802
-41536	1.1957248665646802
-41504	2.3914497331293605
-41472	1.1957248665646802
-41440	2.0925185164881905
-41408	1.1957248665646802
-41376	0.5978624332823401
-41344	2.3914497331293605
-41312	1.1957248665646802
-41280	1.1957248665646802
-41248	1.7935872998470204
-41216	0.5978624332823401
-41184	2.0925185164881905
-41152	0.8967936499235102
-41120	1.4946560832058502
-41088	2.3914497331293605
-41056	2.0925185164881905
-41024	1.7935872998470204
-40992	2.9893121664117004
-40960	1.4946560832058502
-40928	2.0925185164881905
-40896	1.1957248665646802
-40864	3.288243383052871
-40832	1.1957248665646802
-40800	1.7935872998470204
-40768	2.3914497331293605
-40736	3.288243383052871
-40704	0.5978624332823401
-40672	0.8967936499235102
-40640	0.5978624332823401
-40608	0.8967936499235102
-40576	0.8967936499235102
-40544	1.4946560832058502
-40512	1.4946560832058502
-40480	1.7935872998470204
-40448	0.8967936499235102
-40416	1.7935872998470204
-40384	1.1957248665646802
-40352	1.1957248665646802
-40320	2.0925185164881905
-40288	1.1957248665646802
-40256	1.4946560832058502
-40224	0.5978624332823401
-40192	2.0925185164881905
-40160	1.7935872998470204
-40128	2.3914497331293605
-40096	0.8967936499235102
-40064	1.7935872998470204
-40032	1.4946560832058502
-40000	0.8967936499235102
-39968	2.0925185164881905
-39936	1.4946560832058502
-39904	1.4946560832058502
-39872	1.7935872998470204
-39840	2.3914497331293605
-39808	2.0925185164881905
-39776	3.8861058163352107
-39744	1.1957248665646802
-39712	2.3914497331293605
-39680	3.5871745996940407
-39648	1.4946560832058502
-39616	1.1957248665646802
-39584	3.288243383052871
-39552	1.7935872998470204
-39520	1.1957248665646802
-39488	2.3914497331293605
-39456	1.4946560832058502
-39424	1.4946560832058502
-39392	2.3914497331293605
-39360	1.1957248665646802
-39328	1.4946560832058502
-39296	1.1957248665646802
-39264	2.6903809497705304
-39232	1.7935872998470204
-39200	2.0925185164881905
-39168	0.8967936499235102
-39136	0.8967936499235102
-39104	2.3914497331293605
-39072	1.7935872998470204
-39040	1.7935872998470204
-39008	1.4946560832058502
-38976	2.6903809497705304
-38944	2.3914497331293605
-38912	1.4946560832058502
-38880	1.1957248665646802
-38848	0.8967936499235102
-38816	1.1957248665646802
-38784	1.7935872998470204
-38752	1.1957248665646802
-38720	1.4946560832058502
-38688	1.1957248665646802
-38656	1.4946560832058502
-38624	2.0925185164881905
-38592	1.1957248665646802
-38560	1.4946560832058502
-38528	2.3914497331293605
-38496	3.288243383052871
-38464	2.3914497331293605
-38432	1.4946560832058502
-38400	1.1957248665646802
-38368	0.8967936499235102
-38336	0.5978624332823401
-38304	2.3914497331293605
-38272	3.288243383052871
-38240	1.4946560832058502
-38208	2.3914497331293605
-38176	1.1957248665646802
-38144	0.5978624332823401
-38112	1.4946560832058502
-38080	0.8967936499235102
-38048	2.6903809497705304
-38016	1.4946560832058502
-37984	2.6903809497705304
-37952	1.4946560832058502
-37920	1.7935872998470204
-37888	1.7935872998470204
-37856	1.7935872998470204
-37824	0
-37792	1.1957248665646802
-37760	1.1957248665646802
-37728	2.3914497331293605
-37696	2.9893121664117004
-37664	2.0925185164881905
-37632	2.0925185164881905
-37600	1.7935872998470204
-37568	1.1957248665646802
-37536	0.8967936499235102
-37504	0.8967936499235102
-37472	2.9893121664117004
-37440	1.7935872998470204
-37408	2.0925185164881905
-37376	2.0925185164881905
-37344	2.9893121664117004
-37312	1.7935872998470204
-37280	2.3914497331293605
-37248	2.3914497331293605
-37216	1.7935872998470204
-37184	2.3914497331293605
-37152	1.4946560832058502
-37120	2.0925185164881905
-37088	1.7935872998470204
-37056	1.4946560832058502
-37024	0.8967936499235102
-36992	2.3914497331293605
-36960	0.5978624332823401
-36928	0.8967936499235102
-36896	1.1957248665646802
-36864	1.4946560832058502
-36832	3.288243383052871
-36800	1.4946560832058502
-36768	2.0925185164881905
-36736	2.9893121664117004
-36704	2.6903809497705304
-36672	1.1957248665646802
-36640	2.6903809497705304
-36608	0.5978624332823401
-36576	1.1957248665646802
-36544	3.5871745996940407
-36512	1.7935872998470204
-36480	0.29893121664117006
-36448	2.6903809497705304
-36416	1.7935872998470204
-36384	0.5978624332823401
-36352	1.1957248665646802
-36320	2.3914497331293605
-36288	1.7935872998470204
-36256	1.7935872998470204
-36224	0.8967936499235102
-36192	1.4946560832058502
-36160	1.4946560832058502
-36128	0.5978624332823401
-36096	1.7935872998470204
-36064	2.0925185164881905
-36032	2.3914497331293605
-36000	0.8967936499235102
-35968	2.0925185164881905
-35936	0.29893121664117006
-35904	1.4946560832058502
-35872	0.8967936499235102
-35840	1.7935872998470204
-35808	1.7935872998470204
-35776	2.6903809497705304
-35744	2.6903809497705304
-35712	1.1957248665646802
-35680	3.5871745996940407
-35648	1.1957248665646802
-35616	0.8967936499235102
-35584	0.5978624332823401
-35552	1.4946560832058502
-35520	1.1957248665646802
-35488	2.0925185164881905
-35456	0
-35424	1.1957248665646802
-35392	1.7935872998470204
-35360	2.0925185164881905
-35328	0.8967936499235102
-35296	1.1957248665646802
-35264	2.6903809497705304
-35232	2.6903809497705304
-35200	1.7935872998470204
-35168	0.8967936499235102
-35136	1.4946560832058502
-35104	1.1957248665646802
-35072	1.7935872998470204
-35040	3.8861058163352107
-35008	0.29893121664117006
-34976	2.9893121664117004
-34944	0.8967936499235102
-34912	1.4946560832058502
-34880	1.4946560832058502
-34848	1.4946560832058502
-34816	2.0925185164881905
-34784	1.4946560832058502
-34752	2.3914497331293605
-34720	1.7935872998470204
-34688	0.8967936499235102
-34656	1.7935872998470204
-34624	1.4946560832058502
-34592	1.1957248665646802
-34560	2.9893121664117004
-34528	1.1957248665646802
-34496	1.1957248665646802
-34464	1.7935872998470204
-34432	1.1957248665646802
-34400	1.4946560832058502
-34368	2.6903809497705304
-34336	2.9893121664117004
-34304	1.7935872998470204
-34272	1.7935872998470204
-34240	0.8967936499235102
-34208	2.6903809497705304
-34176	1.1957248665646802
-34144	1.7935872998470204
-34112	1.7935872998470204
-34080	2.3914497331293605
-34048	1.7935872998470204
-34016	1.4946560832058502
-33984	0.29893121664117006
-33952	2.0925185164881905
-33920	1.4946560832058502
-33888	0.8967936499235102
-33856	2.0925185164881905
-33824	2.6903809497705304
-33792	1.1957248665646802
-33760	2.3914497331293605
-33728	2.9893121664117004
-33696	1.7935872998470204
-33664	1.1957248665646802
-33632	2.0925185164881905
-33600	2.3914497331293605
-33568	0.8967936499235102
-33536	1.7935872998470204
-33504	1.4946560832058502
-33472	1.7935872998470204
-33440	0.5978624332823401
-33408	1.7935872998470204
-33376	1.7935872998470204
-33344	1.7935872998470204
-33312	1.1957248665646802
-33280	0.5978624332823401
-33248	2.3914497331293605
-33216	0.29893121664117006
-33184	2.3914497331293605
-33152	1.7935872998470204
-33120	1.7935872998470204
-33088	0.29893121664117006
-33056	1.4946560832058502
-33024	1.1957248665646802
-32992	2.9893121664117004
-32960	1.4946560832058502
-32928	1.4946560832058502
-32896	1.4946560832058502
-32864	2.3914497331293605
-32832	1.4946560832058502
-32800	1.7935872998470204
-32768	1.4946560832058502
-32736	2.0925185164881905
-32704	1.7935872998470204
-32672	2.6903809497705304
-32640	1.7935872998470204
-32608	0.5978624332823401
-32576	0.8967936499235102
-32544	1.7935872998470204
-32512	1.1957248665646802
-32480	3.288243383052871
-32448	1.4946560832058502
-32416	1.1957248665646802
-32384	1.7935872998470204
-32352	1.1957248665646802
-32320	0.8967936499235102
-32288	0.8967936499235102
-32256	2.0925185164881905
-32224	2.0925185164881905
-32192	1.1957248665646802
-32160	2.0925185164881905
-32128	0.5978624332823401
-32096	2.9893121664117004
-32064	2.3914497331293605
-32032	1.1957248665646802
-32000	2.9893121664117004
-31968	0.29893121664117006
-31936	0.8967936499235102
-31904	1.1957248665646802
-31872	1.7935872998470204
-31840	1.1957248665646802
-31808	0.8967936499235102
-31776	2.3914497331293605
-31744	1.1957248665646802
-31712	1.7935872998470204
-31680	2.0925185164881905
-31648	2.3914497331293605
-31616	1.7935872998470204
-31584	1.1957248665646802
-31552	0.8967936499235102
-31520	1.4946560832058502
-31488	1.7935872998470204
-31456	1.7935872998470204
-31424	0.29893121664117006
-31392	1.1957248665646802
-31360	1.1957248665646802
-31328	1.7935872998470204
-31296	2.3914497331293605
-31264	2.3914497331293605
-31232	1.4946560832058502
-31200	2.0925185164881905
-31168	2.9893121664117004
-31136	1.1957248665646802
-31104	1.7935872998470204
-31072	0.5978624332823401
-31040	3.288243383052871
-31008	2.0925185164881905
-30976	0.8967936499235102
-30944	1.1957248665646802
-30912	1.1957248665646802
-30880	2.0925185164881905
-30848	1.1957248665646802
-30816	1.4946560832058502
-30784	0.5978624332823401
-30752	2.3914497331293605
-30720	1.4946560832058502
-30688	1.1957248665646802
-30656	2.6903809497705304
-30624	1.1957248665646802
-30592	2.6903809497705304
-30560	2.0925185164881905
-30528	2.0925185164881905
-30496	2.0925185164881905
-30464	1.7935872998470204
-30432	1.1957248665646802
-30400	1.4946560832058502
-30368	0.8967936499235102
-30336	2.3914497331293605
-30304	0.8967936499235102
-30272	1.7935872998470204
-30240	0.8967936499235102
-30208	2.9893121664117004
-30176	0.8967936499235102
-30144	2.9893121664117004
-30112	2.0925185164881905
-30080	1.1957248665646802
-30048	0.8967936499235102
-30016	2.0925185164881905
-29984	2.9893121664117004
-29952	1.7935872998470204
-29920	1.1957248665646802
-29888	1.4946560832058502
-29856	3.5871745996940407
-29824	0.8967936499235102
-29792	0.8967936499235102
-29760	1.4946560832058502
-29728	2.6903809497705304
-29696	2.0925185164881905
-29664	1.4946560832058502
-29632	1.7935872998470204
-29600	0.8967936499235102
-29568	0.8967936499235102
-29536	1.7935872998470204
-29504	1.4946560832058502
-29472	1.1957248665646802
-29440	2.3914497331293605
-29408	2.0925185164881905
-29376	0.5978624332823401
-29344	1.7935872998470204
-29312	0.8967936499235102
-29280	1.7935872998470204
-29248	1.1957248665646802
-29216	1.1957248665646802
-29184	1.1957248665646802
-29152	0.8967936499235102
-29120	2.0925185164881905
-29088	1.1957248665646802
-29056	1.4946560832058502
-29024	2.6903809497705304
-28992	2.0925185164881905
-28960	1.7935872998470204
-28928	0.29893121664117006
-28896	1.4946560832058502
-28864	1.7935872998470204
-28832	0.5978624332823401
-28800	1.7935872998470204
-28768	2.0925185164881905
-28736	1.4946560832058502
-28704	3.5871745996940407
-28672	1.1957248665646802
-28640	0.29893121664117006
-28608	1.4946560832058502
-28576	1.4946560832058502
-28544	1.7935872998470204
-28512	2.0925185164881905
-28480	0.8967936499235102
-28448	3.8861058163352107
-28416	2.6903809497705304
-28384	2.0925185164881905
-28352	1.1957248665646802
-28320	2.0925185164881905
-28288	2.3914497331293605
-28256	2.0925185164881905
-28224	0.8967936499235102
-28192	1.1957248665646802
-28160	2.9893121664117004
-28128	1.4946560832058502
-28096	1.7935872998470204
-28064	1.4946560832058502
-28032	0.8967936499235102
-28000	2.0925185164881905
-27968	2.6903809497705304
-27936	1.7935872998470204
-27904	2.3914497331293605
-27872	1.4946560832058502
-27840	0.8967936499235102
-27808	1.7935872998470204
-27776	2.0925185164881905
-27744	2.0925185164881905
-27712	2.3914497331293605
-27680	1.1957248665646802
-27648	2.6903809497705304
-27616	0.8967936499235102
-27584	1.4946560832058502
-27552	2.0925185164881905
-27520	1.4946560832058502
-27488	0.5978624332823401
-27456	2.9893121664117004
-27424	1.4946560832058502
-27392	1.7935872998470204
-27360	1.4946560832058502
-27328	1.1957248665646802
-27296	1.4946560832058502
-27264	2.0925185164881905
-27232	2.6903809497705304
-27200	1.7935872998470204
-27168	1.1957248665646802
-27136	1.7935872998470204
-27104	0.5978624332823401
-27072	2.6903809497705304
-27040	2.6903809497705304
-27008	0.8967936499235102
-26976	1.4946560832058502
-26944	2.3914497331293605
-26912	0.8967936499235102
-26880	1.7935872998470204
-26848	2.9893121664117004
-26816	1.4946560832058502
-26784	2.6903809497705304
-26752	1.7935872998470204
-26720	2.3914497331293605
-26688	1.1957248665646802
-26656	3.5871745996940407
-26624	1.1957248665646802
-26592	1.7935872998470204
-26560	2.0925185164881905
-26528	2.0925185164881905
-26496	2.0925185164881905
-26464	0.29893121664117006
-26432	1.1957248665646802
-26400	1.1957248665646802
-26368	0.5978624332823401
-26336	1.1957248665646802
-26304	2.0925185164881905
-26272	0.5978624332823401
-26240	3.288243383052871
-26208	2.0925185164881905
-26176	2.0925185164881905
-26144	2.0925185164881905
-26112	1.7935872998470204
-26080	0.8967936499235102
-26048	2.9893121664117004
-26016	3.288243383052871
-25984	1.7935872998470204
-25952	0.8967936499235102
-25920	0.8967936499235102
-25888	1.7935872998470204
-25856	1.1957248665646802
-25824	2.3914497331293605
-25792	2.0925185164881905
-25760	1.4946560832058502
-25728	1.4946560832058502
-25696	1.7935872998470204
-25664	2.0925185164881905
-25632	1.1957248665646802
-25600	0.5978624332823401
-25568	1.7935872998470204
-25536	1.7935872998470204
-25504	2.6903809497705304
-25472	1.4946560832058502
-25440	1.7935872998470204
-25408	0.8967936499235102
-25376	1.4946560832058502
-25344	1.1957248665646802
-25312	2.6903809497705304
-25280	1.7935872998470204
-25248	0.8967936499235102
-25216	2.3914497331293605
-25184	1.4946560832058502
-25152	2.0925185164881905
-25120	1.7935872998470204
-25088	0.29893121664117006
-25056	0.5978624332823401
-25024	2.0925185164881905
-24992	1.4946560832058502
-24960	1.7935872998470204
-24928	1.7935872998470204
-24896	0.8967936499235102
-24864	0.5978624332823401
-24832	0.5978624332823401
-24800	1.4946560832058502
-24768	1.1957248665646802
-24736	1.4946560832058502
-24704	1.1957248665646802
-24672	1.7935872998470204
-24640	0.8967936499235102
-24608	0.8967936499235102
-24576	1.1957248665646802
-24544	2.6903809497705304
-24512	1.1957248665646802
-24480	1.7935872998470204
-24448	2.0925185164881905
-24416	2.6903809497705304
-24384	0.8967936499235102
-24352	2.6903809497705304
-24320	2.3914497331293605
-24288	1.7935872998470204
-24256	1.7935872998470204
-24224	1.7935872998470204
-24192	0.29893121664117006
-24160	2.0925185164881905
-24128	1.7935872998470204
-24096	2.3914497331293605
-24064	1.4946560832058502
-24032	0.5978624332823401
-24000	2.0925185164881905
-23968	1.1957248665646802
-23936	1.4946560832058502
-23904	2.0925185164881905
-23872	1.1957248665646802
-23840	1.7935872998470204
-23808	3.288243383052871
-23776	0.29893121664117006
-23744	2.3914497331293605
-23712	2.0925185164881905
-23680	2.3914497331293605
-23648	1.4946560832058502
-23616	1.1957248665646802
-23584	1.4946560832058502
-23552	2.6903809497705304
-23520	2.0925185164881905
-23488	2.9893121664117004
-23456	0.8967936499235102
-23424	1.1957248665646802
-23392	0.8967936499235102
-23360	2.0925185164881905
-23328	2.0925185164881905
-23296	2.6903809497705304
-23264	0.8967936499235102
-23232	1.4946560832058502
-23200	2.0925185164881905
-23168	1.7935872998470204
-23136	2.9893121664117004
-23104	1.4946560832058502
-23072	2.6903809497705304
-23040	2.0925185164881905
-23008	1.4946560832058502
-22976	1.7935872998470204
-22944	0.8967936499235102
-22912	0.8967936499235102
-22880	2.0925185164881905
-22848	1.4946560832058502
-22816	2.3914497331293605
-22784	1.4946560832058502
-22752	1.7935872998470204
-22720	1.1957248665646802
-22688	2.0925185164881905
-22656	1.7935872998470204
-22624	0.8967936499235102
-22592	1.1957248665646802
-22560	0.8967936499235102
-22528	1.7935872998470204
-22496	1.1957248665646802
-22464	1.4946560832058502
-22432	2.6903809497705304
-22400	1.1957248665646802
-22368	1.7935872998470204
-22336	1.4946560832058502
-22304	0.5978624332823401
-22272	1.1957248665646802
-22240	1.4946560832058502
-22208	0.8967936499235102
-22176	1.7935872998470204
-22144	1.7935872998470204
-22112	1.7935872998470204
-22080	1.1957248665646802
-22048	2.3914497331293605
-22016	0.29893121664117006
-21984	1.1957248665646802
-21952	1.7935872998470204
-21920	1.1957248665646802
-21888	2.0925185164881905
-21856	1.4946560832058502
-21824	1.1957248665646802
-21792	3.288243383052871
-21760	0.29893121664117006
-21728	1.1957248665646802
-21696	1.4946560832058502
-21664	0.8967936499235102
-21632	2.0925185164881905
-21600	2.0925185164881905
-21568	2.6903809497705304
-21536	2.3914497331293605
-21504	1.1957248665646802
-21472	2.0925185164881905
-21440	0.8967936499235102
-21408	0.5978624332823401
-21376	0.5978624332823401
-21344	0.8967936499235102
-21312	0.29893121664117006
-21280	0.8967936499235102
-21248	2.9893121664117004
-21216	2.0925185164881905
-21184	1.1957248665646802
-21152	1.7935872998470204
-21120	2.0925185164881905
-21088	2.9893121664117004
-21056	0.29893121664117006
-21024	1.4946560832058502
-20992	1.4946560832058502
-20960	1.7935872998470204
-20928	1.7935872998470204
-20896	1.7935872998470204
-20864	1.1957248665646802
-20832	2.0925185164881905
-20800	1.1957248665646802
-20768	1.7935872998470204
-20736	0
-20704	3.288243383052871
-20672	1.1957248665646802
-20640	1.4946560832058502
-20608	1.1957248665646802
-20576	1.1957248665646802
-20544	2.0925185164881905
-20512	0.8967936499235102
-20480	2.0925185164881905
-20448	1.1957248665646802
-20416	2.9893121664117004
-20384	2.3914497331293605
-20352	2.0925185164881905
-20320	2.0925185164881905
-20288	0.8967936499235102
-20256	2.0925185164881905
-20224	1.7935872998470204
-20192	2.9893121664117004
-20160	2.3914497331293605
-20128	3.5871745996940407
-20096	0.8967936499235102
-20064	2.0925185164881905
-20032	1.4946560832058502
-20000	2.3914497331293605
-19968	2.9893121664117004
-19936	1.4946560832058502
-19904	1.7935872998470204
-19872	2.0925185164881905
-19840	1.1957248665646802
-19808	2.0925185164881905
-19776	2.6903809497705304
-19744	2.3914497331293605
-19712	1.4946560832058502
-19680	0.5978624332823401
-19648	1.7935872998470204
-19616	2.0925185164881905
-19584	1.7935872998470204
-19552	0.8967936499235102
-19520	1.7935872998470204
-19488	1.1957248665646802
-19456	1.7935872998470204
-19424	1.4946560832058502
-19392	2.6903809497705304
-19360	3.5871745996940407
-19328	2.0925185164881905
-19296	2.3914497331293605
-19264	0.8967936499235102
-19232	0.8967936499235102
-19200	1.1957248665646802
-19168	2.6903809497705304
-19136	2.0925185164881905
-19104	0.8967936499235102
-19072	2.3914497331293605
-19040	3.288243383052871
-19008	2.3914497331293605
-18976	2.6903809497705304
-18944	1.1957248665646802
-18912	3.288243383052871
-18880	2.0925185164881905
-18848	2.0925185164881905
-18816	0.5978624332823401
-18784	1.4946560832058502
-18752	1.4946560832058502
-18720	1.4946560832058502
-18688	1.1957248665646802
-18656	1.4946560832058502
-18624	2.6903809497705304
-18592	2.9893121664117004
-18560	3.5871745996940407
-18528	1.4946560832058502
-18496	1.7935872998470204
-18464	1.7935872998470204
-18432	1.7935872998470204
-18400	2.3914497331293605
-18368	0.5978624332823401
-18336	2.3914497331293605
-18304	2.0925185164881905
-18272	1.4946560832058502
-18240	1.7935872998470204
-18208	1.7935872998470204
-18176	1.4946560832058502
-18144	1.4946560832058502
-18112	1.4946560832058502
-18080	1.1957248665646802
-18048	1.4946560832058502
-18016	1.4946560832058502
-17984	0.8967936499235102
-17952	1.7935872998470204
-17920	1.1957248665646802
-17888	1.7935872998470204
-17856	0.8967936499235102
-17824	1.4946560832058502
-17792	1.4946560832058502
-17760	1.7935872998470204
-17728	2.3914497331293605
-17696	2.0925185164881905
-17664	1.1957248665646802
-17632	3.288243383052871
-17600	1.7935872998470204
-17568	1.7935872998470204
-17536	2.0925185164881905
-17504	1.1957248665646802
-17472	0.8967936499235102
-17440	1.1957248665646802
-17408	2.0925185164881905
-17376	1.7935872998470204
-17344	1.7935872998470204
-17312	2.6903809497705304
-17280	2.0925185164881905
-17248	1.1957248665646802
-17216	2.6903809497705304
-17184	1.7935872998470204
-17152	1.7935872998470204
-17120	2.0925185164881905
-17088	3.288243383052871
-17056	2.0925185164881905
-17024	1.4946560832058502
-16992	0.5978624332823401
-16960	1.4946560832058502
-16928	2.0925185164881905
-16896	1.7935872998470204
-16864	2.0925185164881905
-16832	1.4946560832058502
-16800	1.1957248665646802
-16768	1.4946560832058502
-16736	1.4946560832058502
-16704	0.5978624332823401
-16672	2.0925185164881905
-16640	0.8967936499235102
-16608	2.0925185164881905
-16576	0.8967936499235102
-16544	1.7935872998470204
-16512	1.1957248665646802
-16480	1.7935872998470204
-16448	2.3914497331293605
-16416	0.8967936499235102
-16384	2.0925185164881905
-16352	1.4946560832058502
-16320	1.4946560832058502
-16288	1.4946560832058502
-16256	2.6903809497705304
-16224	0.8967936499235102
-16192	1.1957248665646802
-16160	0.8967936499235102
-16128	1.7935872998470204
-16096	1.4946560832058502
-16064	1.7935872998470204
-16032	2.0925185164881905
-16000	2.3914497331293605
-15968	2.9893121664117004
-15936	1.4946560832058502
-15904	1.4946560832058502
-15872	1.7935872998470204
-15840	0.5978624332823401
-15808	1.1957248665646802
-15776	0.8967936499235102
-15744	1.4946560832058502
-15712	1.4946560832058502
-15680	1.7935872998470204
-15648	1.4946560832058502
-15616	2.9893121664117004
-15584	0.8967936499235102
-15552	1.4946560832058502
-15520	2.3914497331293605
-15488	1.4946560832058502
-15456	2.9893121664117004
-15424	1.1957248665646802
-15392	1.4946560832058502
-15360	2.6903809497705304
-15328	1.1957248665646802
-15296	0.8967936499235102
-15264	2.0925185164881905
-15232	2.0925185164881905
-15200	2.6903809497705304
-15168	0.8967936499235102
-15136	1.4946560832058502
-15104	1.7935872998470204
-15072	3.5871745996940407
-15040	0.8967936499235102
-15008	0.8967936499235102
-14976	0.5978624332823401
-14944	1.7935872998470204
-14912	2.0925185164881905
-14880	2.9893121664117004
-14848	2.3914497331293605
-14816	1.1957248665646802
-14784	0.8967936499235102
-14752	2.3914497331293605
-14720	1.1957248665646802
-14688	0.8967936499235102
-14656	2.0925185164881905
-14624	1.7935872998470204
-14592	1.1957248665646802
-14560	1.4946560832058502
-14528	1.7935872998470204
-14496	2.0925185164881905
-14464	0.8967936499235102
-14432	0.8967936499235102
-14400	1.4946560832058502
-14368	0.8967936499235102
-14336	1.4946560832058502
-14304	1.4946560832058502
-14272	0.8967936499235102
-14240	1.7935872998470204
-14208	2.3914497331293605
-14176	2.0925185164881905
-14144	2.0925185164881905
-14112	2.6903809497705304
-14080	1.1957248665646802
-14048	0.5978624332823401
-14016	1.4946560832058502
-13984	2.3914497331293605
-13952	2.9893121664117004
-13920	0.8967936499235102
-13888	0.5978624332823401
-13856	0.8967936499235102
-13824	2.3914497331293605
-13792	2.0925185164881905
-13760	0.8967936499235102
-13728	1.1957248665646802
-13696	2.0925185164881905
-13664	1.4946560832058502
-13632	1.7935872998470204
-13600	1.7935872998470204
-13568	1.1957248665646802
-13536	2.3914497331293605
-13504	1.1957248665646802
-13472	2.0925185164881905
-13440	2.3914497331293605
-13408	1.1957248665646802
-13376	1.4946560832058502
-13344	1.1957248665646802
-13312	2.3914497331293605
-13280	2.6903809497705304
-13248	1.1957248665646802
-13216	2.3914497331293605
-13184	2.3914497331293605
-13152	1.4946560832058502
-13120	1.7935872998470204
-13088	2.3914497331293605
-13056	1.4946560832058502
-13024	0.29893121664117006
-12992	2.0925185164881905
-12960	0.8967936499235102
-12928	1.1957248665646802
-12896	1.4946560832058502
-12864	1.4946560832058502
-12832	2.3914497331293605
-12800	1.7935872998470204
-12768	2.3914497331293605
-12736	2.3914497331293605
-12704	1.7935872998470204
-12672	2.0925185164881905
-12640	1.1957248665646802
-12608	1.1957248665646802
-12576	2.3914497331293605
-12544	1.7935872998470204
-12512	1.1957248665646802
-12480	1.1957248665646802
-12448	1.1957248665646802
-12416	3.8861058163352107
-12384	0.5978624332823401
-12352	2.0925185164881905
-12320	0.8967936499235102
-12288	2.0925185164881905
-12256	2.3914497331293605
-12224	2.3914497331293605
-12192	1.7935872998470204
-12160	1.4946560832058502
-12128	1.7935872998470204
-12096	3.5871745996940407
-12064	1.4946560832058502
-12032	1.4946560832058502
-12000	2.9893121664117004
-11968	1.4946560832058502
-11936	1.7935872998470204
-11904	1.7935872998470204
-11872	2.3914497331293605
-11840	2.0925185164881905
-11808	2.3914497331293605
-11776	1.4946560832058502
-11744	1.7935872998470204
-11712	1.1957248665646802
-11680	2.9893121664117004
-11648	1.4946560832058502
-11616	2.6903809497705304
-11584	1.7935872998470204
-11552	1.7935872998470204
-11520	1.7935872998470204
-11488	2.3914497331293605
-11456	2.0925185164881905
-11424	2.0925185164881905
-11392	1.4946560832058502
-11360	2.6903809497705304
-11328	1.1957248665646802
-11296	2.0925185164881905
-11264	2.0925185164881905
-11232	1.7935872998470204
-11200	2.0925185164881905
-11168	1.1957248665646802
-11136	1.1957248665646802
-11104	2.3914497331293605
-11072	1.7935872998470204
-11040	1.7935872998470204
-11008	1.7935872998470204
-10976	2.3914497331293605
-10944	0.8967936499235102
-10912	1.1957248665646802
-10880	1.7935872998470204
-10848	1.7935872998470204
-10816	1.7935872998470204
-10784	0.8967936499235102
-10752	0.8967936499235102
-10720	1.1957248665646802
-10688	1.7935872998470204
-10656	1.1957248665646802
-10624	2.3914497331293605
-10592	1.4946560832058502
-10560	1.4946560832058502
-10528	0.5978624332823401
-10496	2.0925185164881905
-10464	1.7935872998470204
-10432	1.4946560832058502
-10400	1.4946560832058502
-10368	1.4946560832058502
-10336	1.1957248665646802
-10304	2.3914497331293605
-10272	1.4946560832058502
-10240	3.5871745996940407
-10208	0.8967936499235102
-10176	2.0925185164881905
-10144	1.4946560832058502
-10112	2.0925185164881905
-10080	2.0925185164881905
-10048	2.9893121664117004
-10016	1.4946560832058502
-9984	0.8967936499235102
-9952	2.3914497331293605
-9920	0.8967936499235102
-9888	2.9893121664117004
-9856	0.29893121664117006
-9824	1.4946560832058502
-9792	0.8967936499235102
-9760	1.7935872998470204
-9728	1.7935872998470204
-9696	2.0925185164881905
-9664	1.4946560832058502
-9632	2.3914497331293605
-9600	2.3914497331293605
-9568	2.6903809497705304
-9536	1.1957248665646802
-9504	2.0925185164881905
-9472	0.8967936499235102
-9440	1.7935872998470204
-9408	1.1957248665646802
-9376	2.0925185164881905
-9344	1.7935872998470204
-9312	2.0925185164881905
-9280	2.6903809497705304
-9248	0.5978624332823401
-9216	2.3914497331293605
-9184	0.8967936499235102
-9152	1.4946560832058502
-9120	2.6903809497705304
-9088	1.1957248665646802
-9056	1.4946560832058502
-9024	2.6903809497705304
-8992	0.5978624332823401
-8960	1.7935872998470204
-8928	0.8967936499235102
-8896	1.7935872998470204
-8864	1.7935872998470204
-8832	1.4946560832058502
-8800	0.5978624332823401
-8768	0.5978624332823401
-8736	3.288243383052871
-8704	1.4946560832058502
-8672	1.1957248665646802
-8640	1.7935872998470204
-8608	1.1957248665646802
-8576	1.1957248665646802
-8544	1.1957248665646802
-8512	0.5978624332823401
-8480	1.1957248665646802
-8448	3.5871745996940407
-8416	1.7935872998470204
-8384	1.7935872998470204
-8352	1.7935872998470204
-8320	1.1957248665646802
-8288	1.7935872998470204
-8256	1.4946560832058502
-8224	1.1957248665646802
-8192	2.0925185164881905
-8160	2.3914497331293605
-8128	2.0925185164881905
-8096	1.1957248665646802
-8064	2.3914497331293605
-8032	2.0925185164881905
-8000	1.4946560832058502
-7968	1.4946560832058502
-7936	1.1957248665646802
-7904	1.1957248665646802
-7872	0.5978624332823401
-7840	1.4946560832058502
-7808	2.3914497331293605
-7776	1.1957248665646802
-7744	1.7935872998470204
-7712	0.5978624332823401
-7680	2.6903809497705304
-7648	1.4946560832058502
-7616	1.1957248665646802
-7584	1.4946560832058502
-7552	2.0925185164881905
-7520	1.7935872998470204
-7488	0.8967936499235102
-7456	1.4946560832058502
-7424	2.6903809497705304
-7392	2.3914497331293605
-7360	1.7935872998470204
-7328	1.4946560832058502
-7296	2.0925185164881905
-7264	1.4946560832058502
-7232	2.6903809497705304
-7200	2.0925185164881905
-7168	1.1957248665646802
-7136	2.0925185164881905
-7104	1.7935872998470204
-7072	1.1957248665646802
-7040	0.8967936499235102
-7008	1.1957248665646802
-6976	1.7935872998470204
-6944	1.4946560832058502
-6912	2.3914497331293605
-6880	0.5978624332823401
-6848	2.0925185164881905
-6816	1.1957248665646802
-6784	1.7935872998470204
-6752	0.29893121664117006
-6720	2.6903809497705304
-6688	2.3914497331293605
-6656	1.4946560832058502
-6624	0.8967936499235102
-6592	2.6903809497705304
-6560	1.4946560832058502
-6528	2.6903809497705304
-6496	2.0925185164881905
-6464	2.3914497331293605
-6432	2.3914497331293605
-6400	1.4946560832058502
-6368	2.3914497331293605
-6336	1.4946560832058502
-6304	0.5978624332823401
-6272	2.3914497331293605
-6240	3.8861058163352107
-6208	1.4946560832058502
-6176	1.7935872998470204
-6144	2.0925185164881905
-6112	2.3914497331293605
-6080	2.6903809497705304
-6048	2.9893121664117004
-6016	2.3914497331293605
-5984	2.6903809497705304
-5952	1.4946560832058502
-5920	2.0925185164881905
-5888	2.0925185164881905
-5856	1.4946560832058502
-5824	2.0925185164881905
-5792	1.4946560832058502
-5760	1.7935872998470204
-5728	1.1957248665646802
-5696	1.4946560832058502
-5664	1.1957248665646802
-5632	0.8967936499235102
-5600	0.5978624332823401
-5568	1.4946560832058502
-5536	1.7935872998470204
-5504	2.9893121664117004
-5472	1.7935872998470204
-5440	0.8967936499235102
-5408	1.7935872998470204
-5376	0.8967936499235102
-5344	1.1957248665646802
-5312	0.8967936499235102
-5280	2.0925185164881905
-5248	1.4946560832058502
-5216	1.4946560832058502
-5184	1.4946560832058502
-5152	2.6903809497705304
-5120	2.3914497331293605
-5088	2.0925185164881905
-5056	2.0925185164881905
-5024	2.9893121664117004
-4992	1.7935872998470204
-4960	1.4946560832058502
-4928	1.1957248665646802
-4896	3.288243383052871
-4864	1.1957248665646802
-4832	0.8967936499235102
-4800	2.6903809497705304
-4768	2.6903809497705304
-4736	0.8967936499235102
-4704	2.3914497331293605
-4672	1.1957248665646802
-4640	2.3914497331293605
-4608	1.7935872998470204
-4576	2.6903809497705304
-4544	1.4946560832058502
-4512	1.7935872998470204
-4480	1.4946560832058502
-4448	1.1957248665646802
-4416	1.7935872998470204
-4384	2.3914497331293605
-4352	0.5978624332823401
-4320	1.1957248665646802
-4288	2.3914497331293605
-4256	1.4946560832058502
-4224	2.0925185164881905
-4192	1.7935872998470204
-4160	1.7935872998470204
-4128	2.0925185164881905
-4096	1.7935872998470204
-4064	2.0925185164881905
-4032	1.4946560832058502
-4000	1.7935872998470204
-3968	1.1957248665646802
-3936	2.0925185164881905
-3904	0.8967936499235102
-3872	2.0925185164881905
-3840	1.1957248665646802
-3808	0.8967936499235102
-3776	1.1957248665646802
-3744	2.6903809497705304
-3712	2.3914497331293605
-3680	2.3914497331293605
-3648	2.6903809497705304
-3616	2.6903809497705304
-3584	1.4946560832058502
-3552	1.7935872998470204
-3520	1.4946560832058502
-3488	1.4946560832058502
-3456	1.1957248665646802
-3424	2.9893121664117004
-3392	0.29893121664117006
-3360	1.4946560832058502
-3328	2.0925185164881905
-3296	1.1957248665646802
-3264	0.8967936499235102
-3232	0.5978624332823401
-3200	0.5978624332823401
-3168	1.1957248665646802
-3136	2.0925185164881905
-3104	1.4946560832058502
-3072	2.0925185164881905
-3040	1.7935872998470204
-3008	1.4946560832058502
-2976	1.7935872998470204
-2944	2.6903809497705304
-2912	1.7935872998470204
-2880	1.1957248665646802
-2848	2.6903809497705304
-2816	1.1957248665646802
-2784	2.3914497331293605
-2752	1.7935872998470204
-2720	1.1957248665646802
-2688	2.0925185164881905
-2656	2.6903809497705304
-2624	1.7935872998470204
-2592	2.0925185164881905
-2560	1.1957248665646802
-2528	1.1957248665646802
-2496	2.3914497331293605
-2464	2.0925185164881905
-2432	2.0925185164881905
-2400	2.0925185164881905
-2368	3.5871745996940407
-2336	1.4946560832058502
-2304	2.3914497331293605
-2272	2.9893121664117004
-2240	1.4946560832058502
-2208	1.1957248665646802
-2176	0.8967936499235102
-2144	3.5871745996940407
-2112	2.3914497331293605
-2080	1.4946560832058502
-2048	0.8967936499235102
-2016	2.3914497331293605
-1984	1.4946560832058502
-1952	1.4946560832058502
-1920	2.3914497331293605
-1888	1.1957248665646802
-1856	0.5978624332823401
-1824	2.9893121664117004
-1792	0.29893121664117006
-1760	1.4946560832058502
-1728	1.4946560832058502
-1696	1.7935872998470204
-1664	2.3914497331293605
-1632	2.3914497331293605
-1600	0.29893121664117006
-1568	1.1957248665646802
-1536	2.3914497331293605
-1504	0.8967936499235102
-1472	1.7935872998470204
-1440	1.1957248665646802
-1408	2.3914497331293605
-1376	2.0925185164881905
-1344	1.4946560832058502
-1312	1.1957248665646802
-1280	2.9893121664117004
-1248	3.8861058163352107
-1216	0.8967936499235102
-1184	1.4946560832058502
-1152	0.8967936499235102
-1120	1.4946560832058502
-1088	2.0925185164881905
-1056	0.8967936499235102
-1024	1.7935872998470204
-992	2.3914497331293605
-960	2.3914497331293605
-928	2.6903809497705304
-896	1.7935872998470204
-864	2.9893121664117004
-832	1.1957248665646802
-800	1.1957248665646802
-768	1.4946560832058502
-736	2.0925185164881905
-704	1.7935872998470204
-672	1.4946560832058502
-640	0.8967936499235102
-608	1.4946560832058502
-576	1.4946560832058502
-544	2.9893121664117004
-512	0.8967936499235102
-480	1.4946560832058502
-448	1.1957248665646802
-416	1.7935872998470204
-384	2.6903809497705304
-352	1.1957248665646802
-320	2.6903809497705304
-288	2.0925185164881905
-256	1.1957248665646802
-224	1.4946560832058502
-192	2.0925185164881905
-160	2.6903809497705304
-128	2.3914497331293605
-96	2.6903809497705304
-64	2.0925185164881905
-32	2.9893121664117004
0	0.8967936499235102
32	1.7935872998470204
64	1.4946560832058502
96	0.8967936499235102
128	0.5978624332823401
160	1.4946560832058502
192	2.3914497331293605
224	3.288243383052871
256	0.8967936499235102
288	2.0925185164881905
320	2.0925185164881905
352	0.5978624332823401
384	1.1957248665646802
416	1.1957248665646802
448	2.9893121664117004
480	1.4946560832058502
512	2.3914497331293605
544	1.7935872998470204
576	3.288243383052871
608	1.4946560832058502
640	1.7935872998470204
672	2.0925185164881905
704	1.1957248665646802
736	0.29893121664117006
768	0.8967936499235102
800	1.1957248665646802
832	1.4946560832058502
864	0.8967936499235102
896	2.6903809497705304
928	2.0925185164881905
960	2.0925185164881905
992	1.1957248665646802
1024	0.8967936499235102
1056	0.5978624332823401
1088	1.7935872998470204
1120	1.7935872998470204
1152	1.4946560832058502
1184	1.4946560832058502
1216	2.9893121664117004
1248	2.0925185164881905
1280	1.7935872998470204
1312	0.8967936499235102
1344	0.8967936499235102
1376	1.7935872998470204
1408	1.7935872998470204
1440	1.1957248665646802
1472	2.6903809497705304
1504	0.8967936499235102
1536	1.1957248665646802
1568	3.5871745996940407
1600	1.7935872998470204
1632	0.5978624332823401
1664	2.0925185164881905
1696	2.3914497331293605
1728	1.4946560832058502
1760	1.7935872998470204
1792	2.0925185164881905
1824	1.1957248665646802
1856	0.8967936499235102
1888	1.1957248665646802
1920	0
1952	1.7935872998470204
1984	1.4946560832058502
2016	1.4946560832058502
2048	1.4946560832058502
2080	1.1957248665646802
2112	1.1957248665646802
2144	1.1957248665646802
2176	0.5978624332823401
2208	2.3914497331293605
2240	3.288243383052871
2272	0.29893121664117006
2304	0.8967936499235102
2336	2.0925185164881905
2368	1.4946560832058502
2400	1.1957248665646802
2432	2.9893121664117004
2464	0.8967936499235102
2496	1.4946560832058502
2528	1.4946560832058502
2560	0.5978624332823401
2592	0.8967936499235102
2624	0.8967936499235102
2656	1.1957248665646802
2688	1.7935872998470204
2720	2.0925185164881905
2752	2.6903809497705304
2784	2.3914497331293605
2816	1.7935872998470204
2848	2.6903809497705304
2880	1.1957248665646802
2912	0.8967936499235102
2944	1.4946560832058502
2976	2.3914497331293605
3008	0.5978624332823401
3040	1.1957248665646802
3072	0.8967936499235102
3104	2.3914497331293605
3136	1.4946560832058502
3168	2.9893121664117004
3200	2.3914497331293605
3232	0.5978624332823401
3264	0.8967936499235102
3296	1.4946560832058502
3328	2.6903809497705304
3360	3.288243383052871
3392	1.7935872998470204
3424	2.0925185164881905
3456	2.0925185164881905
3488	2.9893121664117004
3520	0.5978624332823401
3552	1.7935872998470204
3584	2.3914497331293605
3616	2.0925185164881905
3648	0.8967936499235102
3680	1.7935872998470204
3712	1.1957248665646802
3744	1.1957248665646802
3776	3.5871745996940407
3808	2.0925185164881905
3840	0.8967936499235102
3872	0.8967936499235102
3904	2.9893121664117004
3936	2.3914497331293605
3968	1.7935872998470204
4000	1.4946560832058502
4032	2.0925185164881905
4064	1.7935872998470204
4096	1.1957248665646802
4128	2.0925185164881905
4160	2.9893121664117004
4192	1.1957248665646802
4224	1.7935872998470204
4256	1.4946560832058502
4288	1.4946560832058502
4320	2.9893121664117004
4352	2.3914497331293605
4384	0.8967936499235102
4416	0.8967936499235102
4448	1.1957248665646802
4480	1.1957248665646802
4512	0.8967936499235102
4544	1.7935872998470204
4576	2.9893121664117004
4608	2.9893121664117004
4640	2.6903809497705304
4672	1.7935872998470204
4704	1.1957248665646802
4736	2.0925185164881905
4768	2.3914497331293605
4800	1.7935872998470204
4832	1.7935872998470204
4864	2.6903809497705304
4896	2.0925185164881905
4928	1.7935872998470204
4960	1.1957248665646802
4992	0.8967936499235102
5024	2.3914497331293605
5056	2.0925185164881905
5088	1.7935872998470204
5120	2.3914497331293605
5152	1.4946560832058502
5184	1.1957248665646802
5216	1.7935872998470204
5248	1.1957248665646802
5280	2.3914497331293605
5312	2.0925185164881905
5344	1.1957248665646802
5376	1.4946560832058502
5408	1.4946560832058502
5440	0.8967936499235102
5472	2.6903809497705304
5504	2.0925185164881905
5536	1.4946560832058502
5568	1.4946560832058502
5600	2.0925185164881905
5632	2.3914497331293605
5664	2.3914497331293605
5696	2.0925185164881905
5728	1.1957248665646802
5760	0.8967936499235102
5792	2.3914497331293605
5824	0.8967936499235102
5856	2.0925185164881905
5888	0.8967936499235102
5920	1.4946560832058502
5952	1.4946560832058502
5984	2.0925185164881905
6016	1.1957248665646802
6048	2.9893121664117004
6080	1.4946560832058502
6112	1.7935872998470204
6144	1.4946560832058502
6176	3.5871745996940407
6208	1.1957248665646802
6240	1.4946560832058502
6272	2.3914497331293605
6304	2.0925185164881905
6336	1.4946560832058502
6368	0.8967936499235102
6400	1.7935872998470204
6432	1.4946560832058502
6464	1.1957248665646802
6496	1.4946560832058502
6528	2.0925185164881905
6560	1.4946560832058502
6592	0.5978624332823401
6624	1.1957248665646802
6656	1.1957248665646802
6688	1.4946560832058502
6720	1.4946560832058502
6752	1.7935872998470204
6784	1.4946560832058502
6816	2.9893121664117004
6848	2.3914497331293605
6880	1.1957248665646802
6912	1.1957248665646802
6944	1.7935872998470204
6976	2.6903809497705304
7008	2.3914497331293605
7040	1.1957248665646802
7072	2.6903809497705304
7104	1.1957248665646802
7136	1.1957248665646802
7168	2.3914497331293605
7200	2.0925185164881905
7232	1.1957248665646802
7264	2.0925185164881905
7296	3.288243383052871
7328	1.4946560832058502
7360	1.7935872998470204
7392	2.0925185164881905
7424	0.8967936499235102
7456	2.6903809497705304
7488	1.4946560832058502
7520	1.7935872998470204
7552	1.7935872998470204
7584	3.288243383052871
7616	3.288243383052871
7648	2.3914497331293605
7680	1.7935872998470204
7712	1.7935872998470204
7744	1.4946560832058502
7776	1.4946560832058502
7808	1.7935872998470204
7840	0.8967936499235102
7872	1.7935872998470204
7904	1.1957248665646802
7936	1.7935872998470204
7968	0.8967936499235102
8000	0.8967936499235102
8032	1.4946560832058502
8064	2.0925185164881905
8096	3.288243383052871
8128	1.1957248665646802
8160	1.4946560832058502
8192	0.8967936499235102
8224	2.0925185164881905
8256	0.8967936499235102
8288	1.1957248665646802
8320	1.4946560832058502
8352	1.7935872998470204
8384	0.8967936499235102
8416	1.7935872998470204
8448	1.4946560832058502
8480	2.9893121664117004
8512	2.3914497331293605
8544	1.4946560832058502
8576	1.1957248665646802
8608	2.0925185164881905
8640	2.3914497331293605
8672	2.0925185164881905
8704	2.3914497331293605
8736	2.6903809497705304
8768	0.8967936499235102
8800	1.7935872998470204
8832	1.7935872998470204
8864	2.3914497331293605
8896	1.1957248665646802
8928	2.6903809497705304
8960	1.7935872998470204
8992	1.4946560832058502
9024	1.1957248665646802
9056	1.1957248665646802
9088	2.3914497331293605
9120	2.3914497331293605
9152	1.4946560832058502
9184	1.1957248665646802
9216	1.4946560832058502
9248	1.1957248665646802
9280	1.1957248665646802
9312	1.1957248665646802
9344	1.1957248665646802
9376	2.0925185164881905
9408	0.8967936499235102
9440	2.3914497331293605
9472	2.9893121664117004
9504	0.8967936499235102
9536	2.6903809497705304
9568	2.3914497331293605
9600	1.7935872998470204
9632	1.4946560832058502
9664	2.6903809497705304
9696	0.8967936499235102
9728	1.1957248665646802
9760	1.1957248665646802
9792	1.4946560832058502
9824	1.7935872998470204
9856	1.1957248665646802
9888	1.1957248665646802
9920	2.0925185164881905
9952	1.1957248665646802
9984	1.7935872998470204
10016	1.1957248665646802
10048	2.3914497331293605
10080	1.4946560832058502
10112	0.5978624332823401
10144	1.7935872998470204
10176	0.8967936499235102
10208	0.8967936499235102
10240	1.7935872998470204
10272	1.7935872998470204
10304	1.4946560832058502
10336	0.8967936499235102
10368	2.6903809497705304
10400	2.3914497331293605
10432	3.8861058163352107
10464	0.8967936499235102
10496	2.0925185164881905
10528	1.7935872998470204
10560	1.1957248665646802
10592	2.0925185164881905
10624	2.0925185164881905
10656	1.4946560832058502
10688	0.8967936499235102
10720	1.1957248665646802
10752	3.8861058163352107
10784	1.1957248665646802
10816	1.4946560832058502
10848	1.1957248665646802
10880	0.8967936499235102
10912	1.7935872998470204
10944	1.4946560832058502
10976	2.0925185164881905
11008	1.1957248665646802
11040	1.7935872998470204
11072	2.6903809497705304
11104	1.4946560832058502
11136	1.7935872998470204
11168	1.7935872998470204
11200	2.3914497331293605
11232	1.7935872998470204
11264	1.1957248665646802
11296	2.3914497331293605
11328	0.8967936499235102
11360	1.7935872998470204
11392	0.8967936499235102
11424	2.0925185164881905
11456	0.8967936499235102
11488	2.3914497331293605
11520	1.4946560832058502
11552	0.29893121664117006
11584	1.4946560832058502
11616	2.9893121664117004
11648	1.1957248665646802
11680	0.8967936499235102
11712	1.1957248665646802
11744	1.1957248665646802
11776	2.3914497331293605
11808	1.4946560832058502
11840	0.8967936499235102
11872	1.4946560832058502
11904	1.7935872998470204
11936	2.9893121664117004
11968	1.7935872998470204
12000	3.288243383052871
12032	1.7935872998470204
12064	0.8967936499235102
12096	1.1957248665646802
12128	0.8967936499235102
12160	1.4946560832058502
12192	0.8967936499235102
12224	2.0925185164881905
12256	1.7935872998470204
12288	2.3914497331293605
12320	1.4946560832058502
12352	2.0925185164881905
12384	2.6903809497705304
12416	1.7935872998470204
12448	2.0925185164881905
12480	0.8967936499235102
12512	1.1957248665646802
12544	3.5871745996940407
12576	1.7935872998470204
12608	2.0925185164881905
12640	1.4946560832058502
12672	2.0925185164881905
12704	1.4946560832058502
12736	2.0925185164881905
12768	0.5978624332823401
12800	0
12832	3.288243383052871
12864	3.5871745996940407
12896	0.5978624332823401
12928	2.0925185164881905
12960	1.4946560832058502
12992	0.29893121664117006
13024	1.1957248665646802
13056	1.4946560832058502
13088	2.3914497331293605
13120	1.7935872998470204
13152	1.1957248665646802
13184	0.29893121664117006
13216	1.4946560832058502
13248	3.5871745996940407
13280	1.1957248665646802
13312	0.5978624332823401
13344	1.7935872998470204
13376	2.3914497331293605
13408	2.6903809497705304
13440	1.1957248665646802
13472	2.9893121664117004
13504	0.29893121664117006
13536	1.1957248665646802
13568	1.4946560832058502
13600	2.6903809497705304
13632	2.6903809497705304
13664	1.1957248665646802
13696	1.4946560832058502
13728	1.7935872998470204
13760	2.6903809497705304
13792	2.6903809497705304
13824	1.4946560832058502
13856	1.1957248665646802
13888	0.8967936499235102
13920	1.4946560832058502
13952	0.8967936499235102
13984	0.8967936499235102
14016	3.5871745996940407
14048	2.0925185164881905
14080	1.1957248665646802
14112	0.5978624332823401
14144	2.3914497331293605
14176	2.6903809497705304
14208	1.1957248665646802
14240	2.3914497331293605
14272	1.7935872998470204
14304	2.0925185164881905
14336	1.7935872998470204
14368	1.4946560832058502
14400	1.7935872998470204
14432	2.3914497331293605
14464	1.4946560832058502
14496	2.6903809497705304
14528	2.6903809497705304
14560	0.5978624332823401
14592	2.0925185164881905
14624	2.3914497331293605
14656	2.0925185164881905
14688	2.0925185164881905
14720	2.3914497331293605
14752	1.1957248665646802
14784	1.7935872998470204
14816	1.1957248665646802
14848	2.3914497331293605
14880	0.8967936499235102
14912	0.5978624332823401
14944	2.6903809497705304
14976	1.4946560832058502
15008	1.7935872998470204
15040	1.1957248665646802
15072	1.1957248665646802
15104	1.1957248665646802
15136	2.3914497331293605
15168	1.1957248665646802
15200	2.6903809497705304
15232	1.7935872998470204
15264	2.0925185164881905
15296	1.4946560832058502
15328	0.5978624332823401
15360	1.4946560832058502
15392	2.3914497331293605
15424	1.4946560832058502
15456	1.1957248665646802
15488	1.4946560832058502
15520	0.29893121664117006
15552	0.8967936499235102
15584	2.0925185164881905
15616	1.1957248665646802
15648	1.1957248665646802
15680	2.3914497331293605
15712	1.7935872998470204
15744	1.1957248665646802
15776	2.9893121664117004
15808	1.7935872998470204
15840	1.4946560832058502
15872	3.288243383052871
15904	1.4946560832058502
15936	1.1957248665646802
15968	2.3914497331293605
16000	2.3914497331293605
16032	0.29893121664117006
16064	1.7935872998470204
16096	1.1957248665646802
16128	2.0925185164881905
16160	1.4946560832058502
16192	1.4946560832058502
16224	1.4946560832058502
16256	0.8967936499235102
16288	2.0925185164881905
16320	0.8967936499235102
16352	1.4946560832058502
16384	2.0925185164881905
16416	2.6903809497705304
16448	2.6903809497705304
16480	2.6903809497705304
16512	1.7935872998470204
16544	2.3914497331293605
16576	2.3914497331293605
16608	2.3914497331293605
16640	1.4946560832058502
16672	1.7935872998470204
16704	1.1957248665646802
16736	0.8967936499235102
16768	1.1957248665646802
16800	0.8967936499235102
16832	1.1957248665646802
16864	1.7935872998470204
16896	1.1957248665646802
16928	1.7935872998470204
16960	1.1957248665646802
16992	1.1957248665646802
17024	2.0925185164881905
17056	2.0925185164881905
17088	1.4946560832058502
17120	1.4946560832058502
17152	2.3914497331293605
17184	2.6903809497705304
17216	1.1957248665646802
17248	1.1957248665646802
17280	0.8967936499235102
17312	1.7935872998470204
17344	2.6903809497705304
17376	2.0925185164881905
17408	1.7935872998470204
17440	1.1957248665646802
17472	3.5871745996940407
17504	1.1957248665646802
17536	0.5978624332823401
17568	1.1957248665646802
17600	1.1957248665646802
17632	0.5978624332823401
17664	1.7935872998470204
17696	0.8967936499235102
17728	1.7935872998470204
17760	1.7935872998470204
17792	2.0925185164881905
17824	0.8967936499235102
17856	1.4946560832058502
17888	2.3914497331293605
17920	1.1957248665646802
17952	1.7935872998470204
17984	0.8967936499235102
18016	1.4946560832058502
18048	2.0925185164881905
18080	0.5978624332823401
18112	3.8861058163352107
18144	1.1957248665646802
18176	1.7935872998470204
18208	2.0925185164881905
18240	2.3914497331293605
18272	2.0925185164881905
18304	4.185037032976381
18336	1.7935872998470204
18368	1.7935872998470204
18400	0.8967936499235102
18432	1.1957248665646802
18464	2.0925185164881905
18496	2.3914497331293605
18528	2.9893121664117004
18560	2.6903809497705304
18592	1.1957248665646802
18624	1.7935872998470204
18656	2.0925185164881905
18688	1.1957248665646802
18720	1.7935872998470204
18752	1.7935872998470204
18784	1.1957248665646802
18816	1.1957248665646802
18848	2.3914497331293605
18880	1.7935872998470204
18912	2.6903809497705304
18944	2.0925185164881905
18976	1.1957248665646802
19008	2.0925185164881905
19040	2.0925185164881905
19072	0.5978624332823401
19104	0.8967936499235102
19136	1.7935872998470204
19168	1.1957248665646802
19200	1.4946560832058502
19232	0.8967936499235102
19264	0.8967936499235102
19296	1.1957248665646802
19328	1.1957248665646802
19360	1.1957248665646802
19392	1.7935872998470204
19424	1.1957248665646802
19456	0.8967936499235102
19488	0.8967936499235102
19520	1.1957248665646802
19552	1.7935872998470204
19584	1.4946560832058502
19616	0.29893121664117006
19648	1.4946560832058502
19680	0.5978624332823401
19712	0.8967936499235102
19744	1.4946560832058502
19776	2.0925185164881905
19808	3.288243383052871
19840	2.9893121664117004
19872	2.0925185164881905
19904	1.4946560832058502
19936	2.3914497331293605
19968	1.1957248665646802
20000	2.0925185164881905
20032	1.7935872998470204
20064	2.0925185164881905
20096	2.0925185164881905
20128	2.6903809497705304
20160	3.288243383052871
20192	0.29893121664117006
20224	1.7935872998470204
20256	1.4946560832058502
20288	2.0925185164881905
20320	1.4946560832058502
20352	2.3914497331293605
20384	2.0925185164881905
20416	0.8967936499235102
20448	2.3914497331293605
20480	1.1957248665646802
20512	1.1957248665646802
20544	3.288243383052871
20576	2.0925185164881905
20608	0.8967936499235102
20640	1.7935872998470204
20672	2.9893121664117004
20704	1.1957248665646802
20736	3.288243383052871
20768	3.5871745996940407
20800	1.4946560832058502
20832	1.1957248665646802
20864	1.4946560832058502
20896	0.8967936499235102
20928	1.1957248665646802
20960	1.7935872998470204
20992	1.7935872998470204
21024	1.7935872998470204
21056	2.0925185164881905
21088	0.8967936499235102
21120	2.0925185164881905
21152	1.4946560832058502
21184	0.8967936499235102
21216	1.7935872998470204
21248	2.0925185164881905
21280	0.8967936499235102
21312	1.1957248665646802
21344	1.1957248665646802
21376	2.0925185164881905
21408	3.288243383052871
21440	0.8967936499235102
21472	0.8967936499235102
21504	1.4946560832058502
21536	2.6903809497705304
21568	0.8967936499235102
21600	2.3914497331293605
21632	1.7935872998470204
21664	0.8967936499235102
21696	2.0925185164881905
21728	2.9893121664117004
21760	1.7935872998470204
21792	1.7935872998470204
21824	1.4946560832058502
21856	1.7935872998470204
21888	1.4946560832058502
21920	2.0925185164881905
21952	2.3914497331293605
21984	2.0925185164881905
22016	0.8967936499235102
22048	2.3914497331293605
22080	2.0925185164881905
22112	1.1957248665646802
22144	1.4946560832058502
22176	1.4946560832058502
22208	1.7935872998470204
22240	2.9893121664117004
22272	1.7935872998470204
22304	2.3914497331293605
22336	1.7935872998470204
22368	1.4946560832058502
22400	1.7935872998470204
22432	3.8861058163352107
22464	2.6903809497705304
22496	2.0925185164881905
22528	2.6903809497705304
22560	2.6903809497705304
22592	0.8967936499235102
22624	2.9893121664117004
22656	2.6903809497705304
22688	1.1957248665646802
22720	2.3914497331293605
22752	2.0925185164881905
22784	1.4946560832058502
22816	1.7935872998470204
22848	0.8967936499235102
22880	2.3914497331293605
22912	1.4946560832058502
22944	1.4946560832058502
22976	1.1957248665646802
23008	2.6903809497705304
23040	1.1957248665646802
23072	1.4946560832058502
23104	0.5978624332823401
23136	1.7935872998470204
23168	0.5978624332823401
23200	1.7935872998470204
23232	2.3914497331293605
23264	1.1957248665646802
23296	3.288243383052871
23328	0.5978624332823401
23360	1.1957248665646802
23392	1.4946560832058502
23424	2.0925185164881905
23456	1.1957248665646802
23488	1.7935872998470204
23520	2.9893121664117004
23552	1.7935872998470204
23584	2.0925185164881905
23616	1.1957248665646802
23648	1.1957248665646802
23680	1.7935872998470204
23712	1.7935872998470204
23744	1.7935872998470204
23776	2.0925185164881905
23808	1.7935872998470204
23840	1.4946560832058502
23872	2.3914497331293605
23904	2.3914497331293605
23936	1.4946560832058502
23968	2.3914497331293605
24000	1.7935872998470204
24032	1.1957248665646802
24064	0.8967936499235102
24096	1.4946560832058502
24128	2.9893121664117004
24160	0.5978624332823401
24192	2.9893121664117004
24224	2.9893121664117004
24256	2.0925185164881905
24288	3.5871745996940407
24320	2.0925185164881905
24352	2.0925185164881905
24384	0.8967936499235102
24416	2.0925185164881905
24448	1.7935872998470204
24480	1.4946560832058502
24512	2.3914497331293605
24544	0.5978624332823401
24576	2.3914497331293605
24608	1.7935872998470204
24640	2.0925185164881905
24672	1.1957248665646802
24704	1.1957248665646802
24736	1.4946560832058502
24768	0.8967936499235102
24800	1.4946560832058502
24832	2.0925185164881905
24864	1.4946560832058502
24896	2.0925185164881905
24928	2.3914497331293605
24960	2.6903809497705304
24992	0.8967936499235102
25024	1.4946560832058502
25056	2.6903809497705304
25088	1.1957248665646802
25120	0.8967936499235102
25152	1.4946560832058502
25184	2.3914497331293605
25216	0.8967936499235102
25248	0.29893121664117006
25280	1.4946560832058502
25312	2.6903809497705304
25344	1.7935872998470204
25376	1.1957248665646802
25408	1.1957248665646802
25440	1.1957248665646802
25472	0.8967936499235102
25504	0.8967936499235102
25536	2.9893121664117004
25568	0.5978624332823401
25600	2.3914497331293605
25632	0.8967936499235102
25664	0.8967936499235102
25696	1.1957248665646802
25728	0.8967936499235102
25760	0.5978624332823401
25792	2.6903809497705304
25824	3.5871745996940407
25856	1.1957248665646802
25888	0.8967936499235102
25920	1.4946560832058502
25952	2.0925185164881905
25984	1.4946560832058502
26016	1.7935872998470204
26048	2.0925185164881905
26080	1.1957248665646802
26112	2.0925185164881905
26144	2.0925185164881905
26176	2.3914497331293605
26208	1.1957248665646802
26240	2.9893121664117004
26272	2.0925185164881905
26304	1.1957248665646802
26336	0.5978624332823401
26368	2.3914497331293605
26400	1.7935872998470204
26432	2.0925185164881905
26464	2.6903809497705304
26496	1.1957248665646802
26528	2.0925185164881905
26560	2.0925185164881905
26592	1.7935872998470204
26624	1.7935872998470204
26656	1.7935872998470204
26688	2.3914497331293605
26720	2.6903809497705304
26752	0.5978624332823401
26784	1.7935872998470204
26816	2.9893121664117004
26848	1.1957248665646802
26880	1.7935872998470204
26912	1.4946560832058502
26944	1.7935872998470204
26976	0.8967936499235102
27008	2.0925185164881905
27040	2.6903809497705304
27072	2.0925185164881905
27104	1.1957248665646802
27136	1.4946560832058502
27168	2.0925185164881905
27200	2.6903809497705304
27232	1.4946560832058502
27264	1.1957248665646802
27296	1.1957248665646802
27328	1.1957248665646802
27360	1.7935872998470204
27392	2.0925185164881905
27424	0.8967936499235102
27456	1.1957248665646802
27488	1.4946560832058502
27520	1.1957248665646802
27552	1.7935872998470204
27584	2.3914497331293605
27616	1.4946560832058502
27648	1.1957248665646802
27680	2.3914497331293605
27712	1.1957248665646802
27744	2.3914497331293605
27776	1.1957248665646802
27808	2.6903809497705304
27840	1.4946560832058502
27872	1.4946560832058502
27904	1.4946560832058502
27936	2.0925185164881905
27968	1.1957248665646802
28000	1.4946560832058502
28032	1.4946560832058502
28064	0.8967936499235102
28096	2.0925185164881905
28128	1.4946560832058502
28160	1.4946560832058502
28192	2.6903809497705304
28224	1.7935872998470204
28256	4.185037032976381
28288	1.4946560832058502
28320	2.0925185164881905
28352	1.1957248665646802
28384	2.0925185164881905
28416	2.0925185164881905
28448	0.5978624332823401
28480	1.7935872998470204
28512	0.8967936499235102
28544	1.4946560832058502
28576	1.4946560832058502
28608	1.7935872998470204
28640	2.9893121664117004
28672	0.29893121664117006
28704	1.4946560832058502
28736	2.3914497331293605
28768	2.6903809497705304
28800	1.7935872998470204
28832	0.8967936499235102
28864	1.4946560832058502
28896	1.7935872998470204
28928	1.7935872998470204
28960	2.0925185164881905
28992	1.4946560832058502
29024	0.8967936499235102
29056	1.7935872998470204
29088	1.1957248665646802
29120	1.4946560832058502
29152	1.7935872998470204
29184	2.3914497331293605
29216	0.5978624332823401
29248	2.0925185164881905
29280	2.0925185164881905
29312	2.3914497331293605
29344	0.8967936499235102
29376	2.3914497331293605
29408	1.4946560832058502
29440	1.7935872998470204
29472	1.4946560832058502
29504	1.7935872998470204
29536	2.3914497331293605
29568	0.8967936499235102
29600	0.8967936499235102
29632	1.7935872998470204
29664	1.1957248665646802
29696	1.1957248665646802
29728	0.8967936499235102
29760	2.3914497331293605
29792	1.1957248665646802
29824	2.0925185164881905
29856	1.4946560832058502
29888	1.7935872998470204
29920	1.7935872998470204
29952	1.7935872998470204
29984	2.0925185164881905
30016	1.4946560832058502
30048	2.3914497331293605
30080	1.4946560832058502
30112	1.4946560832058502
30144	2.3914497331293605
30176	1.1957248665646802
30208	2.0925185164881905
30240	2.3914497331293605
30272	2.0925185164881905
30304	1.4946560832058502
30336	2.9893121664117004
30368	1.1957248665646802
30400	2.9893121664117004
30432	2.6903809497705304
30464	1.4946560832058502
30496	2.0925185164881905
30528	3.288243383052871
30560	0.8967936499235102
30592	1.4946560832058502
30624	1.4946560832058502
30656	2.3914497331293605
30688	2.0925185164881905
30720	2.3914497331293605
30752	2.3914497331293605
30784	2.9893121664117004
30816	1.1957248665646802
30848	2.0925185164881905
30880	2.0925185164881905
30912	1.4946560832058502
30944	2.3914497331293605
30976	3.288243383052871
31008	1.7935872998470204
31040	1.4946560832058502
31072	1.4946560832058502
31104	1.7935872998470204
31136	2.0925185164881905
31168	1.7935872998470204
31200	2.9893121664117004
31232	1.7935872998470204
31264	2.3914497331293605
31296	0.5978624332823401
31328	2.3914497331293605
31360	2.6903809497705304
31392	0.8967936499235102
31424	1.1957248665646802
31456	2.0925185164881905
31488	1.4946560832058502
31520	0.5978624332823401
31552	3.288243383052871
31584	1.7935872998470204
31616	2.0925185164881905
31648	2.0925185164881905
31680	2.3914497331293605
31712	2.6903809497705304
31744	1.7935872998470204
31776	1.7935872998470204
31808	1.1957248665646802
31840	2.3914497331293605
31872	1.7935872998470204
31904	1.4946560832058502
31936	2.0925185164881905
31968	2.0925185164881905
32000	0.8967936499235102
32032	1.4946560832058502
32064	1.1957248665646802
32096	2.0925185164881905
32128	1.4946560832058502
32160	0.8967936499235102
32192	0.8967936499235102
32224	1.1957248665646802
32256	1.4946560832058502
32288	2.6903809497705304
32320	2.0925185164881905
32352	2.0925185164881905
32384	0.8967936499235102
32416	1.4946560832058502
32448	2.3914497331293605
32480	1.4946560832058502
32512	1.1957248665646802
32544	2.0925185164881905
32576	1.7935872998470204
32608	3.288243383052871
32640	2.6903809497705304
32672	2.3914497331293605
32704	2.9893121664117004
32736	0.5978624332823401
32768	2.0925185164881905
32800	2.6903809497705304
32832	1.4946560832058502
32864	1.4946560832058502
32896	1.7935872998470204
32928	0.8967936499235102
32960	1.4946560832058502
32992	0.5978624332823401
33024	1.7935872998470204
33056	1.7935872998470204
33088	2.3914497331293605
33120	3.5871745996940407
33152	2.6903809497705304
33184	2.9893121664117004
33216	1.7935872998470204
33248	1.7935872998470204
33280	2.9893121664117004
33312	2.0925185164881905
33344	1.1957248665646802
33376	0
33408	2.6903809497705304
33440	1.1957248665646802
33472	1.7935872998470204
33504	2.9893121664117004
33536	1.4946560832058502
33568	2.0925185164881905
33600	0.8967936499235102
33632	1.7935872998470204
33664	1.1957248665646802
33696	1.7935872998470204
33728	0.29893121664117006
33760	2.0925185164881905
33792	1.1957248665646802
33824	1.4946560832058502
33856	2.0925185164881905
33888	2.6903809497705304
33920	1.7935872998470204
33952	1.4946560832058502
33984	1.1957248665646802
34016	2.6903809497705304
34048	2.0925185164881905
34080	1.4946560832058502
34112	1.4946560832058502
34144	1.7935872998470204
34176	1.1957248665646802
34208	1.1957248665646802
34240	1.7935872998470204
34272	1.4946560832058502
34304	1.1957248665646802
34336	1.4946560832058502
34368	2.0925185164881905
34400	0.5978624332823401
34432	1.1957248665646802
34464	1.7935872998470204
34496	1.7935872998470204
34528	2.3914497331293605
34560	0.8967936499235102
34592	0.29893121664117006
34624	1.7935872998470204
34656	1.4946560832058502
34688	1.4946560832058502
34720	2.0925185164881905
34752	2.0925185164881905
34784	0.5978624332823401
34816	2.3914497331293605
34848	2.3914497331293605
34880	0.5978624332823401
34912	2.3914497331293605
34944	1.1957248665646802
34976	1.7935872998470204
35008	1.7935872998470204
35040	2.6903809497705304
35072	1.4946560832058502
35104	2.6903809497705304
35136	4.483968249617551
35168	0
35200	1.1957248665646802
35232	1.7935872998470204
35264	2.6903809497705304
35296	2.0925185164881905
35328	0.8967936499235102
35360	2.0925185164881905
35392	1.7935872998470204
35424	0
35456	1.4946560832058502
35488	2.6903809497705304
35520	1.4946560832058502
35552	0.29893121664117006
35584	2.3914497331293605
35616	2.6903809497705304
35648	1.1957248665646802
35680	0.8967936499235102
35712	2.6903809497705304
35744	0.5978624332823401
35776	2.0925185164881905
35808	3.288243383052871
35840	1.1957248665646802
35872	2.9893121664117004
35904	2.9893121664117004
35936	1.7935872998470204
35968	1.1957248665646802
36000	0.29893121664117006
36032	2.0925185164881905
36064	2.6903809497705304
36096	2.9893121664117004
36128	0.5978624332823401
36160	1.1957248665646802
36192	2.6903809497705304
36224	2.6903809497705304
36256	2.0925185164881905
36288	1.4946560832058502
36320	1.4946560832058502
36352	1.7935872998470204
36384	2.0925185164881905
36416	1.1957248665646802
36448	0.29893121664117006
36480	3.288243383052871
36512	0.8967936499235102
36544	0.8967936499235102
36576	0.8967936499235102
36608	0.5978624332823401
36640	2.0925185164881905
36672	1.7935872998470204
36704	1.7935872998470204
36736	1.4946560832058502
36768	2.9893121664117004
36800	2.0925185164881905
36832	1.1957248665646802
36864	1.7935872998470204
36896	1.7935872998470204
36928	1.1957248665646802
36960	1.1957248665646802
36992	1.1957248665646802
37024	2.6903809497705304
37056	1.4946560832058502
37088	0.8967936499235102
37120	2.0925185164881905
37152	1.7935872998470204
37184	3.288243383052871
37216	1.7935872998470204
37248	2.0925185164881905
37280	3.5871745996940407
37312	1.1957248665646802
37344	2.0925185164881905
37376	1.7935872998470204
37408	3.5871745996940407
37440	0.8967936499235102
37472	1.4946560832058502
37504	2.0925185164881905
37536	1.4946560832058502
37568	0.5978624332823401
37600	1.7935872998470204
37632	1.4946560832058502
37664	1.7935872998470204
37696	1.7935872998470204
37728	2.3914497331293605
37760	2.3914497331293605
37792	2.0925185164881905
37824	2.9893121664117004
37856	0.8967936499235102
37888	1.7935872998470204
37920	2.0925185164881905
37952	1.7935872998470204
37984	1.1957248665646802
38016	1.7935872998470204
38048	1.1957248665646802
38080	1.7935872998470204
38112	2.6903809497705304
38144	2.6903809497705304
38176	1.7935872998470204
38208	1.1957248665646802
38240	0.8967936499235102
38272	1.4946560832058502
38304	0.5978624332823401
38336	0.5978624332823401
38368	0.8967936499235102
38400	1.4946560832058502
38432	2.0925185164881905
38464	1.7935872998470204
38496	2.0925185164881905
38528	1.4946560832058502
38560	2.0925185164881905
38592	1.1957248665646802
38624	2.3914497331293605
38656	2.9893121664117004
38688	1.1957248665646802
38720	0.8967936499235102
38752	2.3914497331293605
38784	2.3914497331293605
38816	2.6903809497705304
38848	3.288243383052871
38880	1.7935872998470204
38912	1.1957248665646802
38944	1.4946560832058502
38976	0.8967936499235102
39008	1.7935872998470204
39040	1.4946560832058502
39072	0.5978624332823401
39104	2.3914497331293605
39136	2.0925185164881905
39168	1.1957248665646802
39200	2.0925185164881905
39232	2.3914497331293605
39264	2.0925185164881905
39296	1.7935872998470204
39328	2.0925185164881905
39360	0.5978624332823401
39392	1.7935872998470204
39424	0.5978624332823401
39456	1.1957248665646802
39488	2.3914497331293605
39520	2.6903809497705304
39552	2.3914497331293605
39584	2.3914497331293605
39616	0.5978624332823401
39648	0.8967936499235102
39680	2.6903809497705304
39712	2.0925185164881905
39744	1.4946560832058502
39776	1.1957248665646802
39808	2.0925185164881905
39840	1.1957248665646802
39872	1.4946560832058502
39904	1.4946560832058502
39936	1.7935872998470204
39968	1.7935872998470204
40000	2.0925185164881905
40032	1.1957248665646802
40064	0.5978624332823401
40096	2.0925185164881905
40128	1.4946560832058502
40160	2.3914497331293605
40192	1.4946560832058502
40224	0.5978624332823401
40256	0.29893121664117006
40288	0.8967936499235102
40320	1.4946560832058502
40352	2.6903809497705304
40384	1.4946560832058502
40416	0.29893121664117006
40448	1.4946560832058502
40480	1.1957248665646802
40512	1.4946560832058502
40544	2.9893121664117004
40576	2.0925185164881905
40608	2.6903809497705304
40640	0.8967936499235102
40672	2.0925185164881905
40704	2.9893121664117004
40736	2.0925185164881905
40768	1.7935872998470204
40800	2.3914497331293605
40832	1.7935872998470204
40864	0.29893121664117006
40896	3.288243383052871
40928	1.1957248665646802
40960	2.9893121664117004
40992	1.7935872998470204
41024	2.6903809497705304
41056	2.0925185164881905
41088	1.4946560832058502
41120	2.6903809497705304
41152	2.9893121664117004
41184	2.0925185164881905
41216	1.4946560832058502
41248	2.6903809497705304
41280	2.6903809497705304
41312	2.0925185164881905
41344	0.29893121664117006
41376	2.3914497331293605
41408	2.3914497331293605
41440	1.1957248665646802
41472	1.4946560832058502
41504	3.288243383052871
41536	2.3914497331293605
41568	1.1957248665646802
41600	1.1957248665646802
41632	2.0925185164881905
41664	2.6903809497705304
41696	1.4946560832058502
41728	2.3914497331293605
41760	2.9893121664117004
41792	2.0925185164881905
41824	0.5978624332823401
41856	1.1957248665646802
41888	0.29893121664117006
41920	1.7935872998470204
41952	1.1957248665646802
41984	0.5978624332823401
42016	1.4946560832058502
42048	2.0925185164881905
42080	1.1957248665646802
42112	2.0925185164881905
42144	1.1957248665646802
42176	2.3914497331293605
42208	2.3914497331293605
42240	1.7935872998470204
42272	1.4946560832058502
42304	0
42336	2.6903809497705304
42368	0.5978624332823401
42400	0.8967936499235102
42432	0.8967936499235102
42464	2.9893121664117004
42496	1.1957248665646802
42528	2.0925185164881905
42560	2.3914497331293605
42592	0.8967936499235102
42624	0.8967936499235102
42656	1.1957248665646802
42688	1.1957248665646802
42720	2.0925185164881905
42752	1.4946560832058502
42784	2.0925185164881905
42816	2.3914497331293605
42848	0.8967936499235102
42880	1.1957248665646802
42912	1.7935872998470204
42944	1.4946560832058502
42976	2.0925185164881905
43008	2.0925185164881905
43040	1.4946560832058502
43072	0.5978624332823401
43104	0.8967936499235102
43136	2.6903809497705304
43168	2.0925185164881905
43200	1.7935872998470204
43232	2.3914497331293605
43264	2.9893121664117004
43296	2.0925185164881905
43328	1.7935872998470204
43360	1.1957248665646802
43392	2.3914497331293605
43424	2.0925185164881905
43456	1.7935872998470204
43488	1.1957248665646802
43520	0.8967936499235102
43552	1.1957248665646802
43584	1.4946560832058502
43616	0.8967936499235102
43648	2.0925185164881905
43680	2.0925185164881905
43712	2.6903809497705304
43744	2.0925185164881905
43776	2.3914497331293605
43808	1.4946560832058502
43840	2.0925185164881905
43872	3.288243383052871
43904	2.0925185164881905
43936	3.288243383052871
43968	2.9893121664117004
44000	2.0925185164881905
44032	1.1957248665646802
44064	2.9893121664117004
44096	3.288243383052871
44128	1.4946560832058502
44160	1.7935872998470204
44192	2.3914497331293605
44224	1.1957248665646802
44256	1.4946560832058502
44288	0.5978624332823401
44320	2.3914497331293605
44352	1.7935872998470204
44384	1.4946560832058502
44416	0.5978624332823401
44448	1.4946560832058502
44480	1.1957248665646802
44512	1.7935872998470204
44544	1.7935872998470204
44576	1.7935872998470204
44608	1.7935872998470204
44640	2.3914497331293605
44672	1.1957248665646802
44704	0.8967936499235102
44736	3.288243383052871
44768	3.5871745996940407
44800	2.6903809497705304
44832	2.3914497331293605
44864	1.1957248665646802
44896	1.4946560832058502
44928	2.0925185164881905
44960	1.7935872998470204
44992	1.4946560832058502
45024	1.7935872998470204
45056	1.7935872998470204
45088	2.0925185164881905
45120	1.7935872998470204
45152	2.0925185164881905
45184	0.8967936499235102
45216	2.0925185164881905
45248	1.4946560832058502
45280	0.5978624332823401
45312	1.1957248665646802
45344	1.4946560832058502
45376	1.4946560832058502
45408	2.0925185164881905
45440	2.3914497331293605
45472	1.4946560832058502
45504	1.7935872998470204
45536	1.4946560832058502
45568	1.4946560832058502
45600	0
45632	1.7935872998470204
45664	2.6903809497705304
45696	2.0925185164881905
45728	1.7935872998470204
45760	2.6903809497705304
45792	0.8967936499235102
45824	2.3914497331293605
45856	1.1957248665646802
45888	1.7935872998470204
45920	1.4946560832058502
45952	1.4946560832058502
45984	1.4946560832058502
46016	0.8967936499235102
46048	1.7935872998470204
46080	1.1957248665646802
46112	2.3914497331293605
46144	0.8967936499235102
46176	2.6903809497705304
46208	1.1957248665646802
46240	2.0925185164881905
46272	1.7935872998470204
46304	1.1957248665646802
46336	1.4946560832058502
46368	1.4946560832058502
46400	1.1957248665646802
46432	2.9893121664117004
46464	2.0925185164881905
46496	2.0925185164881905
46528	1.1957248665646802
46560	1.7935872998470204
46592	2.3914497331293605
46624	1.7935872998470204
46656	1.7935872998470204
46688	0.5978624332823401
46720	1.4946560832058502
46752	2.6903809497705304
46784	1.4946560832058502
46816	1.7935872998470204
46848	1.4946560832058502
46880	1.4946560832058502
46912	2.0925185164881905
46944	2.3914497331293605
46976	1.7935872998470204
47008	2.0925185164881905
47040	0.5978624332823401
47072	1.7935872998470204
47104	1.7935872998470204
47136	2.3914497331293605
47168	1.7935872998470204
47200	1.4946560832058502
47232	1.7935872998470204
47264	3.288243383052871
47296	2.9893121664117004
47328	0.8967936499235102
47360	1.1957248665646802
47392	1.7935872998470204
47424	0.29893121664117006
47456	2.0925185164881905
47488	0.8967936499235102
47520	1.4946560832058502
47552	0.5978624332823401
47584	2.0925185164881905
47616	1.4946560832058502
47648	1.1957248665646802
47680	2.0925185164881905
47712	3.5871745996940407
47744	2.3914497331293605
47776	1.4946560832058502
47808	1.4946560832058502
47840	2.3914497331293605
47872	1.4946560832058502
47904	0.5978624332823401
47936	1.4946560832058502
47968	1.7935872998470204
48000	1.4946560832058502
48032	0.5978624332823401
48064	1.4946560832058502
48096	1.7935872998470204
48128	0.8967936499235102
48160	1.7935872998470204
48192	2.3914497331293605
48224	2.6903809497705304
48256	1.1957248665646802
48288	0.29893121664117006
48320	2.0925185164881905
48352	0.8967936499235102
48384	1.4946560832058502
48416	2.9893121664117004
48448	1.4946560832058502
48480	2.9893121664117004
48512	3.288243383052871
48544	0.5978624332823401
48576	2.6903809497705304
48608	1.1957248665646802
48640	1.7935872998470204
48672	1.4946560832058502
48704	0.5978624332823401
48736	2.0925185164881905
48768	1.1957248665646802
48800	0.8967936499235102
48832	1.1957248665646802
48864	2.6903809497705304
48896	1.4946560832058502
48928	2.6903809497705304
48960	0.8967936499235102
48992	0.8967936499235102
49024	0.8967936499235102
49056	1.7935872998470204
49088	0.5978624332823401
49120	1.7935872998470204
49152	0.5978624332823401
49184	1.4946560832058502
49216	2.6903809497705304
49248	1.7935872998470204
49280	1.4946560832058502
49312	0.8967936499235102
49344	2.9893121664117004
49376	1.7935872998470204
49408	1.7935872998470204
49440	2.6903809497705304
49472	1.1957248665646802
49504	1.1957248665646802
49536	1.4946560832058502
49568	0.5978624332823401
49600	1.7935872998470204
49632	0.8967936499235102
49664	0.8967936499235102
49696	1.7935872998470204
49728	2.3914497331293605
49760	1.7935872998470204
49792	2.3914497331293605
49824	2.3914497331293605
49856	2.0925185164881905
49888	1.7935872998470204
49920	1.4946560832058502
49952	1.7935872998470204
49984	0.8967936499235102
50016	0.8967936499235102
50048	1.7935872998470204
50080	2.0925185164881905
50112	1.7935872998470204
50144	1.1957248665646802
50176	1.1957248665646802
50208	1.7935872998470204
50240	1.1957248665646802
50272	2.9893121664117004
50304	1.4946560832058502
50336	3.5871745996940407
50368	2.9893121664117004
50400	2.0925185164881905
50432	1.1957248665646802
50464	0.29893121664117006
50496	1.7935872998470204
50528	1.7935872998470204
50560	1.7935872998470204
50592	1.1957248665646802
50624	0.8967936499235102
50656	1.4946560832058502
50688	0.8967936499235102
50720	1.7935872998470204
50752	1.1957248665646802
50784	1.7935872998470204
50816	1.1957248665646802
50848	1.4946560832058502
50880	2.0925185164881905
50912	2.0925185164881905
50944	2.0925185164881905
50976	2.3914497331293605
51008	2.0925185164881905
51040	1.7935872998470204
51072	1.7935872998470204
51104	1.4946560832058502
51136	2.3914497331293605
51168	3.5871745996940407
51200	1.7935872998470204
51232	3.288243383052871
51264	0.8967936499235102
51296	1.7935872998470204
51328	2.6903809497705304
51360	1.1957248665646802
51392	0.8967936499235102
51424	1.7935872998470204
51456	2.0925185164881905
51488	1.4946560832058502
51520	2.0925185164881905
51552	1.4946560832058502
51584	1.1957248665646802
51616	1.4946560832058502
51648	1.7935872998470204
51680	1.4946560832058502
51712	1.4946560832058502
51744	2.0925185164881905
51776	2.0925185164881905
51808	1.7935872998470204
51840	2.6903809497705304
51872	2.0925185164881905
51904	2.3914497331293605
51936	0.29893121664117006
51968	2.0925185164881905
52000	2.0925185164881905
52032	1.1957248665646802
52064	1.1957248665646802
52096	2.9893121664117004
52128	2.3914497331293605
52160	1.1957248665646802
52192	1.1957248665646802
52224	0.8967936499235102
52256	1.4946560832058502
52288	0.5978624332823401
52320	1.7935872998470204
52352	2.9893121664117004
52384	1.7935872998470204
52416	1.7935872998470204
52448	1.1957248665646802
52480	2.3914497331293605
52512	1.4946560832058502
52544	1.7935872998470204
52576	2.6903809497705304
52608	2.9893121664117004
52640	1.4946560832058502
52672	0.8967936499235102
52704	1.4946560832058502
52736	2.3914497331293605
52768	1.7935872998470204
52800	3.288243383052871
52832	1.4946560832058502
52864	1.7935872998470204
52896	1.4946560832058502
52928	1.7935872998470204
52960	2.3914497331293605
52992	2.6903809497705304
53024	1.1957248665646802
53056	1.7935872998470204
53088	1.1957248665646802
53120	2.3914497331293605
53152	1.7935872998470204
53184	2.0925185164881905
53216	1.1957248665646802
53248	2.0925185164881905
53280	0.29893121664117006
53312	2.0925185164881905
53344	1.7935872998470204
53376	2.3914497331293605
53408	2.9893121664117004
53440	0.5978624332823401
53472	2.0925185164881905
53504	0.8967936499235102
53536	2.9893121664117004
53568	0.8967936499235102
53600	1.7935872998470204
53632	1.4946560832058502
53664	0.8967936499235102
53696	1.4946560832058502
53728	2.0925185164881905
53760	1.7935872998470204
53792	1.4946560832058502
53824	0.5978624332823401
53856	2.0925185164881905
53888	2.0925185164881905
53920	1.4946560832058502
53952	1.4946560832058502
53984	0.29893121664117006
54016	1.4946560832058502
54048	1.1957248665646802
54080	1.4946560832058502
54112	2.0925185164881905
54144	1.4946560832058502
54176	1.4946560832058502
54208	1.4946560832058502
54240	2.3914497331293605
54272	2.6903809497705304
54304	2.3914497331293605
54336	2.0925185164881905
54368	2.3914497331293605
54400	2.0925185164881905
54432	1.4946560832058502
54464	3.5871745996940407
54496	1.7935872998470204
54528	1.7935872998470204
54560	3.288243383052871
54592	0.8967936499235102
54624	1.4946560832058502
54656	2.3914497331293605
54688	0.8967936499235102
54720	1.7935872998470204
54752	3.288243383052871
54784	1.1957248665646802
54816	1.7935872998470204
54848	2.6903809497705304
54880	2.3914497331293605
54912	2.9893121664117004
54944	0.5978624332823401
54976	2.6903809497705304
55008	0.5978624332823401
55040	0.8967936499235102
55072	1.7935872998470204
55104	1.4946560832058502
55136	3.288243383052871
55168	1.1957248665646802
55200	1.7935872998470204
55232	1.1957248665646802
55264	1.4946560832058502
55296	1.4946560832058502
55328	1.4946560832058502
55360	1.7935872998470204
55392	1.7935872998470204
55424	1.7935872998470204
55456	1.4946560832058502
55488	2.3914497331293605
55520	1.7935872998470204
55552	0.8967936499235102
55584	0.8967936499235102
55616	1.1957248665646802
55648	2.9893121664117004
55680	2.9893121664117004
55712	2.0925185164881905
55744	1.1957248665646802
55776	1.7935872998470204
55808	1.7935872998470204
55840	1.4946560832058502
55872	0.8967936499235102
55904	1.1957248665646802
55936	1.1957248665646802
55968	2.0925185164881905
56000	1.4946560832058502
56032	1.1957248665646802
56064	2.0925185164881905
56096	0.8967936499235102
56128	0.5978624332823401
56160	2.0925185164881905
56192	2.3914497331293605
56224	1.1957248665646802
56256	0.8967936499235102
56288	3.5871745996940407
56320	0.5978624332823401
56352	1.1957248665646802
56384	1.7935872998470204
56416	2.9893121664117004
56448	1.4946560832058502
56480	2.6903809497705304
56512	0.8967936499235102
56544	1.4946560832058502
56576	1.7935872998470204
56608	0.29893121664117006
56640	1.7935872998470204
56672	2.3914497331293605
56704	1.4946560832058502
56736	2.0925185164881905
56768	1.7935872998470204
56800	3.8861058163352107
56832	2.0925185164881905
56864	2.3914497331293605
56896	2.3914497331293605
56928	1.4946560832058502
56960	0.8967936499235102
56992	1.1957248665646802
57024	1.4946560832058502
57056	2.9893121664117004
57088	2.3914497331293605
57120	1.7935872998470204
57152	2.3914497331293605
57184	0.8967936499235102
57216	1.7935872998470204
57248	1.7935872998470204
57280	2.3914497331293605
57312	1.4946560832058502
57344	2.0925185164881905
57376	1.7935872998470204
57408	1.4946560832058502
57440	1.1957248665646802
57472	0.8967936499235102
57504	3.288243383052871
57536	2.9893121664117004
57568	2.3914497331293605
57600	2.6903809497705304
57632	2.0925185164881905
57664	2.3914497331293605
57696	1.4946560832058502
57728	1.1957248665646802
57760	1.1957248665646802
57792	2.0925185164881905
57824	1.7935872998470204
57856	2.0925185164881905
57888	0.8967936499235102
57920	0.8967936499235102
57952	1.1957248665646802
57984	0.8967936499235102
58016	0.8967936499235102
58048	1.7935872998470204
58080	1.7935872998470204
58112	0.8967936499235102
58144	1.7935872998470204
58176	1.4946560832058502
58208	1.1957248665646802
58240	1.4946560832058502
58272	2.0925185164881905
58304	0.29893121664117006
58336	1.7935872998470204
58368	2.6903809497705304
58400	3.288243383052871
58432	1.7935872998470204
58464	1.4946560832058502
58496	2.3914497331293605
58528	1.4946560832058502
58560	1.4946560832058502
58592	1.4946560832058502
58624	3.288243383052871
58656	1.1957248665646802
58688	2.9893121664117004
58720	0.8967936499235102
58752	1.7935872998470204
58784	1.7935872998470204
58816	0.8967936499235102
58848	1.4946560832058502
58880	1.4946560832058502
58912	2.9893121664117004
58944	3.288243383052871
58976	2.0925185164881905
59008	2.6903809497705304
59040	3.288243383052871
59072	2.9893121664117004
59104	1.4946560832058502
59136	1.1957248665646802
59168	1.4946560832058502
59200	1.7935872998470204
59232	4.185037032976381
59264	2.0925185164881905
59296	2.3914497331293605
59328	2.9893121664117004
59360	0.5978624332823401
59392	1.4946560832058502
59424	1.4946560832058502
59456	1.7935872998470204
59488	1.4946560832058502
59520	1.7935872998470204
59552	2.3914497331293605
59584	0.8967936499235102
59616	2.0925185164881905
59648	1.4946560832058502
59680	1.4946560832058502
59712	2.3914497331293605
59744	1.1957248665646802
59776	3.288243383052871
59808	1.1957248665646802
59840	2.6903809497705304
59872	2.0925185164881905
59904	1.7935872998470204
59936	2.0925185164881905
59968	1.7935872998470204
60000	1.1957248665646802
60032	1.1957248665646802
60064	2.0925185164881905
60096	2.0925185164881905
60128	1.4946560832058502
60160	1.1957248665646802
60192	1.7935872998470204
60224	1.7935872998470204
60256	1.7935872998470204
60288	1.1957248665646802
60320	2.0925185164881905
60352	2.6903809497705304
60384	1.7935872998470204
60416	3.8861058163352107
60448	0.8967936499235102
60480	2.6903809497705304
60512	1.4946560832058502
60544	2.0925185164881905
60576	1.4946560832058502
60608	2.0925185164881905
60640	2.9893121664117004
60672	2.9893121664117004
60704	1.7935872998470204
60736	1.1957248665646802
60768	2.6903809497705304
60800	0.8967936499235102
60832	1.4946560832058502
60864	1.1957248665646802
60896	0.5978624332823401
60928	1.1957248665646802
60960	2.0925185164881905
60992	0.8967936499235102
61024	1.7935872998470204
61056	2.3914497331293605
61088	2.0925185164881905
61120	0.8967936499235102
61152	1.1957248665646802
61184	2.9893121664117004
61216	1.7935872998470204
61248	1.1957248665646802
61280	1.1957248665646802
61312	2.6903809497705304
61344	2.0925185164881905
61376	1.1957248665646802
61408	1.4946560832058502
61440	1.4946560832058502
61472	2.6903809497705304
61504	1.1957248665646802
61536	1.7935872998470204
61568	0.8967936499235102
61600	1.7935872998470204
61632	1.4946560832058502
61664	0.5978624332823401
61696	0.5978624332823401
61728	1.1957248665646802
61760	1.1957248665646802
61792	2.3914497331293605
61824	1.1957248665646802
61856	1.4946560832058502
61888	1.7935872998470204
61920	1.1957248665646802
61952	2.0925185164881905
61984	0.8967936499235102
62016	1.4946560832058502
62048	1.4946560832058502
62080	2.0925185164881905
62112	2.3914497331293605
62144	2.0925185164881905
62176	2.0925185164881905
62208	2.3914497331293605
62240	1.1957248665646802
62272	0.8967936499235102
62304	2.6903809497705304
62336	0.8967936499235102
62368	2.3914497331293605
62400	1.4946560832058502
62432	1.7935872998470204
62464	0.8967936499235102
62496	2.0925185164881905
62528	1.7935872998470204
62560	1.4946560832058502
62592	0.5978624332823401
62624	2.0925185164881905
62656	2.9893121664117004
62688	1.7935872998470204
62720	2.3914497331293605
62752	1.7935872998470204
62784	1.1957248665646802
62816	2.6903809497705304
62848	1.4946560832058502
62880	1.1957248665646802
62912	2.6903809497705304
62944	1.1957248665646802
62976	2.0925185164881905
63008	1.4946560832058502
63040	2.0925185164881905
63072	2.6903809497705304
63104	1.1957248665646802
63136	1.4946560832058502
63168	2.0925185164881905
63200	2.6903809497705304
63232	0.5978624332823401
63264	1.4946560832058502
63296	2.0925185164881905
63328	2.6903809497705304
63360	2.0925185164881905
63392	0.8967936499235102
63424	3.288243383052871
63456	1.7935872998470204
63488	0.5978624332823401
63520	1.7935872998470204
63552	1.4946560832058502
63584	1.7935872998470204
63616	2.0925185164881905
63648	0.8967936499235102
63680	0.8967936499235102
63712	2.6903809497705304
63744	1.7935872998470204
63776	2.3914497331293605
63808	0.5978624332823401
63840	1.4946560832058502
63872	1.4946560832058502
63904	0.5978624332823401
63936	2.0925185164881905
63968	1.7935872998470204
64000	2.3914497331293605
64032	0.8967936499235102
64064	1.7935872998470204
64096	2.6903809497705304
64128	1.1957248665646802
64160	1.1957248665646802
64192	1.4946560832058502
64224	1.7935872998470204
64256	1.4946560832058502
64288	1.1957248665646802
64320	1.1957248665646802
64352	1.1957248665646802
64384	2.3914497331293605
64416	2.3914497331293605
64448	1.7935872998470204
64480	2.3914497331293605
64512	0.8967936499235102
64544	2.3914497331293605
64576	1.4946560832058502
64608	2.3914497331293605
64640	1.7935872998470204
64672	2.0925185164881905
64704	0.5978624332823401
64736	1.7935872998470204
64768	1.7935872998470204
64800	1.4946560832058502
64832	1.7935872998470204
64864	1.4946560832058502
64896	2.0925185164881905
64928	1.7935872998470204
64960	1.1957248665646802
64992	2.0925185164881905
65024	0.29893121664117006
65056	2.0925185164881905
65088	2.0925185164881905
65120	1.4946560832058502
65152	1.4946560832058502
65184	2.6903809497705304
65216	0.5978624332823401
65248	2.3914497331293605
65280	1.1957248665646802
65312	1.4946560832058502
65344	0.5978624332823401
65376	2.0925185164881905
65408	0.5978624332823401
65440	0.8967936499235102
65472	2.0925185164881905
65504	2.3914497331293605
65536	1.1957248665646802
65568	1.1957248665646802
65600	2.0925185164881905
65632	1.7935872998470204
65664	4.185037032976381
65696	1.7935872998470204
65728	0.8967936499235102
65760	2.6903809497705304
65792	0.8967936499235102
65824	2.3914497331293605
65856	2.0925185164881905
65888	0.8967936499235102
65920	1.1957248665646802
65952	1.4946560832058502
65984	0.5978624332823401
66016	0.5978624332823401
66048	1.7935872998470204
66080	2.3914497331293605
66112	1.4946560832058502
66144	1.1957248665646802
66176	2.6903809497705304
66208	2.3914497331293605
66240	2.6903809497705304
66272	1.4946560832058502
66304	1.1957248665646802
66336	1.1957248665646802
66368	2.9893121664117004
66400	1.4946560832058502
66432	1.7935872998470204
66464	1.1957248665646802
66496	2.0925185164881905
66528	1.7935872998470204
66560	2.3914497331293605
66592	2.3914497331293605
66624	1.7935872998470204
66656	2.6903809497705304
66688	1.7935872998470204
66720	2.3914497331293605
66752	1.4946560832058502
66784	2.0925185164881905
66816	1.4946560832058502
66848	1.4946560832058502
66880	2.0925185164881905
66912	2.6903809497705304
66944	0.8967936499235102
66976	1.4946560832058502
67008	0.5978624332823401
67040	1.4946560832058502
67072	1.7935872998470204
67104	1.1957248665646802
67136	2.6903809497705304
67168	1.1957248665646802
67200	1.7935872998470204
67232	2.6903809497705304
67264	0.29893121664117006
67296	1.7935872998470204
67328	0.8967936499235102
67360	2.6903809497705304
67392	1.7935872998470204
67424	1.1957248665646802
67456	2.0925185164881905
67488	0.8967936499235102
67520	1.4946560832058502
67552	1.7935872998470204
67584	2.9893121664117004
67616	2.9893121664117004
67648	2.6903809497705304
67680	1.7935872998470204
67712	1.7935872998470204
67744	0.29893121664117006
67776	2.3914497331293605
67808	2.3914497331293605
67840	1.7935872998470204
67872	2.6903809497705304
67904	0.5978624332823401
67936	2.6903809497705304
67968	0.8967936499235102
68000	1.7935872998470204
68032	1.4946560832058502
68064	0.5978624332823401
68096	3.288243383052871
68128	2.0925185164881905
68160	1.1957248665646802
68192	1.4946560832058502
68224	1.4946560832058502
68256	1.1957248665646802
68288	1.7935872998470204
68320	1.4946560832058502
68352	2.9893121664117004
68384	2.3914497331293605
68416	2.0925185164881905
68448	4.185037032976381
68480	0.5978624332823401
68512	2.6903809497705304
68544	1.1957248665646802
68576	2.0925185164881905
68608	1.4946560832058502
68640	2.0925185164881905
68672	0.8967936499235102
68704	0.8967936499235102
68736	1.7935872998470204
68768	2.6903809497705304
68800	1.1957248665646802
68832	1.4946560832058502
68864	2.0925185164881905
68896	1.4946560832058502
68928	0.29893121664117006
68960	2.0925185164881905
68992	1.7935872998470204
69024	1.7935872998470204
69056	2.0925185164881905
69088	1.4946560832058502
69120	2.0925185164881905
69152	2.3914497331293605
69184	0.8967936499235102
69216	0.29893121664117006
69248	2.9893121664117004
69280	3.5871745996940407
69312	2.6903809497705304
69344	2.3914497331293605
69376	0.8967936499235102
69408	1.1957248665646802
69440	1.7935872998470204
69472	0.8967936499235102
69504	1.7935872998470204
69536	2.0925185164881905
69568	2.3914497331293605
69600	1.7935872998470204
69632	3.288243383052871
69664	1.1957248665646802
69696	1.7935872998470204
69728	1.4946560832058502
69760	1.7935872998470204
69792	1.1957248665646802
69824	0.8967936499235102
69856	0.5978624332823401
69888	2.6903809497705304
69920	0.8967936499235102
69952	3.288243383052871
69984	1.7935872998470204
70016	1.4946560832058502
70048	1.1957248665646802
70080	1.4946560832058502
70112	0.5978624332823401
70144	1.7935872998470204
70176	1.4946560832058502
70208	0.8967936499235102
70240	1.4946560832058502
70272	2.0925185164881905
70304	1.4946560832058502
70336	1.4946560832058502
70368	0.8967936499235102
70400	1.7935872998470204
70432	2.0925185164881905
70464	1.7935872998470204
70496	1.7935872998470204
70528	1.1957248665646802
70560	0.8967936499235102
70592	1.4946560832058502
70624	2.3914497331293605
70656	1.7935872998470204
70688	2.6903809497705304
70720	1.7935872998470204
70752	2.6903809497705304
70784	1.4946560832058502
70816	0.29893121664117006
70848	1.4946560832058502
70880	1.1957248665646802
70912	2.6903809497705304
70944	2.3914497331293605
70976	1.4946560832058502
71008	2.9893121664117004
71040	0.8967936499235102
71072	2.0925185164881905
71104	1.1957248665646802
71136	1.4946560832058502
71168	2.6903809497705304
71200	1.1957248665646802
71232	4.185037032976381
71264	1.4946560832058502
71296	0.5978624332823401
71328	0.8967936499235102
71360	2.0925185164881905
71392	2.0925185164881905
71424	0.29893121664117006
71456	3.8861058163352107
71488	2.0925185164881905
71520	2.3914497331293605
71552	3.288243383052871
71584	1.1957248665646802
71616	2.6903809497705304
71648	2.0925185164881905
71680	0.8967936499235102
71712	1.7935872998470204
71744	2.0925185164881905
71776	0.8967936499235102
71808	1.4946560832058502
71840	3.8861058163352107
71872	2.0925185164881905
71904	0.5978624332823401
71936	1.7935872998470204
71968	1.4946560832058502
72000	1.1957248665646802
72032	1.7935872998470204
72064	1.1957248665646802
72096	2.6903809497705304
72128	1.7935872998470204
72160	0.8967936499235102
72192	0.5978624332823401
72224	2.9893121664117004
72256	1.4946560832058502
72288	1.4946560832058502
72320	2.6903809497705304
72352	0.8967936499235102
72384	0.29893121664117006
72416	0.8967936499235102
72448	1.7935872998470204
72480	1.4946560832058502
72512	1.4946560832058502
72544	2.6903809497705304
72576	0.5978624332823401
72608	0
72640	1.7935872998470204
72672	2.0925185164881905
72704	1.7935872998470204
72736	2.3914497331293605
72768	2.0925185164881905
72800	1.4946560832058502
72832	1.7935872998470204
72864	2.6903809497705304
72896	2.0925185164881905
72928	1.7935872998470204
72960	1.7935872998470204
72992	2.0925185164881905
73024	2.6903809497705304
73056	1.4946560832058502
73088	2.3914497331293605
73120	1.4946560832058502
73152	1.4946560832058502
73184	1.7935872998470204
73216	1.4946560832058502
73248	2.3914497331293605
73280	0.29893121664117006
73312	1.7935872998470204
73344	2.9893121664117004
73376	1.4946560832058502
73408	2.6903809497705304
73440	2.0925185164881905
73472	2.3914497331293605
73504	2.6903809497705304
73536	1.4946560832058502
73568	2.0925185164881905
73600	0.29893121664117006
73632	1.1957248665646802
73664	1.4946560832058502
73696	1.4946560832058502
73728	1.7935872998470204
73760	2.6903809497705304
73792	2.3914497331293605
73824	2.0925185164881905
73856	2.3914497331293605
73888	2.0925185164881905
73920	0.5978624332823401
73952	0.8967936499235102
73984	1.7935872998470204
74016	0.8967936499235102
74048	2.0925185164881905
74080	2.0925185164881905
74112	1.4946560832058502
74144	1.4946560832058502
74176	0.5978624332823401
74208	1.1957248665646802
74240	1.4946560832058502
74272	1.4946560832058502
74304	2.0925185164881905
74336	1.4946560832058502
74368	1.7935872998470204
74400	1.1957248665646802
74432	1.7935872998470204
74464	1.4946560832058502
74496	2.0925185164881905
74528	1.7935872998470204
74560	1.1957248665646802
74592	1.4946560832058502
74624	2.0925185164881905
74656	1.1957248665646802
74688	2.6903809497705304
74720	1.7935872998470204
74752	2.0925185164881905
74784	2.0925185164881905
74816	2.0925185164881905
74848	2.3914497331293605
74880	1.1957248665646802
74912	0
74944	1.7935872998470204
74976	2.3914497331293605
75008	0.5978624332823401
75040	1.4946560832058502
75072	1.7935872998470204
75104	1.7935872998470204
75136	2.6903809497705304
75168	2.9893121664117004
75200	2.3914497331293605
75232	0.8967936499235102
75264	2.0925185164881905
75296	2.0925185164881905
75328	2.3914497331293605
75360	1.7935872998470204
75392	2.6903809497705304
75424	1.1957248665646802
75456	2.6903809497705304
75488	2.6903809497705304
75520	1.4946560832058502
75552	2.3914497331293605
75584	1.1957248665646802
75616	2.3914497331293605
75648	0.29893121664117006
75680	1.4946560832058502
75712	3.5871745996940407
75744	2.3914497331293605
75776	0.8967936499235102
75808	1.7935872998470204
75840	1.4946560832058502
75872	2.0925185164881905
75904	1.7935872998470204
75936	1.4946560832058502
75968	1.4946560832058502
76000	3.8861058163352107
76032	1.7935872998470204
76064	2.0925185164881905
76096	1.4946560832058502
76128	1.7935872998470204
76160	2.0925185164881905
76192	1.4946560832058502
76224	0.5978624332823401
76256	2.6903809497705304
76288	5.081830682899891
76320	1.1957248665646802
76352	1.1957248665646802
76384	1.7935872998470204
76416	2.0925185164881905
76448	1.4946560832058502
76480	2.0925185164881905
76512	1.1957248665646802
76544	1.7935872998470204
76576	2.6903809497705304
76608	2.0925185164881905
76640	1.1957248665646802
76672	1.4946560832058502
76704	1.4946560832058502
76736	1.7935872998470204
76768	2.3914497331293605
76800	0.29893121664117006
76832	1.4946560832058502
76864	1.4946560832058502
76896	2.0925185164881905
76928	2.3914497331293605
76960	2.0925185164881905
76992	1.7935872998470204
77024	1.1957248665646802
77056	0.8967936499235102
77088	1.4946560832058502
77120	1.7935872998470204
77152	3.288243383052871
77184	2.0925185164881905
77216	1.7935872998470204
77248	0.8967936499235102
77280	0.5978624332823401
77312	2.0925185164881905
77344	3.8861058163352107
77376	1.1957248665646802
77408	0.8967936499235102
77440	1.1957248665646802
77472	2.3914497331293605
77504	1.7935872998470204
77536	1.7935872998470204
77568	1.1957248665646802
77600	1.7935872998470204
77632	2.0925185164881905
77664	2.0925185164881905
77696	2.0925185164881905
77728	0.8967936499235102
77760	2.3914497331293605
77792	2.0925185164881905
77824	2.9893121664117004
77856	0.8967936499235102
77888	1.4946560832058502
77920	2.0925185164881905
77952	0.8967936499235102
77984	2.3914497331293605
78016	0.8967936499235102
78048	0.5978624332823401
78080	1.4946560832058502
78112	2.6903809497705304
78144	2.3914497331293605
78176	1.4946560832058502
78208	1.1957248665646802
78240	1.1957248665646802
78272	2.9893121664117004
78304	1.4946560832058502
78336	1.4946560832058502
78368	1.1957248665646802
78400	0.8967936499235102
78432	2.3914497331293605
78464	1.7935872998470204
78496	1.7935872998470204
78528	2.6903809497705304
78560	1.4946560832058502
78592	0.5978624332823401
78624	0.29893121664117006
78656	0.5978624332823401
78688	1.1957248665646802
78720	1.1957248665646802
78752	1.4946560832058502
78784	0.8967936499235102
78816	2.0925185164881905
78848	1.1957248665646802
78880	1.1957248665646802
78912	1.1957248665646802
78944	2.0925185164881905
78976	1.7935872998470204
79008	2.0925185164881905
79040	1.1957248665646802
79072	2.0925185164881905
79104	0.5978624332823401
79136	1.4946560832058502
79168	1.7935872998470204
79200	1.7935872998470204
79232	1.7935872998470204
79264	3.288243383052871
79296	1.1957248665646802
79328	1.7935872998470204
79360	1.4946560832058502
79392	2.3914497331293605
79424	1.4946560832058502
79456	1.4946560832058502
79488	3.288243383052871
79520	3.288243383052871
79552	3.5871745996940407
79584	0.8967936499235102
79616	1.7935872998470204
79648	1.7935872998470204
79680	1.1957248665646802
79712	0.5978624332823401
79744	1.1957248665646802
79776	2.0925185164881905
79808	2.0925185164881905
79840	2.0925185164881905
79872	1.1957248665646802
79904	1.4946560832058502
79936	1.4946560832058502
79968	1.4946560832058502
80000	2.0925185164881905
80032	0.5978624332823401
80064	0.8967936499235102
80096	2.3914497331293605
80128	2.0925185164881905
80160	1.1957248665646802
80192	1.4946560832058502
80224	2.0925185164881905
80256	1.7935872998470204
80288	0.8967936499235102
80320	1.7935872998470204
80352	1.7935872998470204
80384	1.4946560832058502
80416	2.0925185164881905
80448	2.3914497331293605
80480	0.5978624332823401
80512	0.8967936499235102
80544	2.0925185164881905
80576	1.7935872998470204
80608	1.7935872998470204
80640	1.4946560832058502
80672	1.7935872998470204
80704	2.0925185164881905
80736	1.7935872998470204
80768	0.8967936499235102
80800	1.4946560832058502
80832	2.3914497331293605
80864	1.1957248665646802
80896	2.9893121664117004
80928	2.0925185164881905
80960	1.7935872998470204
80992	2.0925185164881905
81024	2.0925185164881905
81056	1.1957248665646802
81088	1.7935872998470204
81120	2.0925185164881905
81152	1.4946560832058502
81184	2.9893121664117004
81216	2.0925185164881905
81248	1.1957248665646802
81280	2.3914497331293605
81312	0.5978624332823401
81344	0.8967936499235102
81376	3.288243383052871
81408	2.3914497331293605
81440	1.1957248665646802
81472	1.7935872998470204
81504	2.6903809497705304
81536	0.8967936499235102
81568	0.5978624332823401
81600	2.3914497331293605
81632	2.0925185164881905
81664	0.8967936499235102
81696	0.29893121664117006
81728	2.3914497331293605
81760	1.4946560832058502
81792	1.4946560832058502
81824	2.3914497331293605
81856	2.6903809497705304
81888	1.7935872998470204
81920	2.6903809497705304
81952	1.7935872998470204
81984	2.3914497331293605
82016	1.7935872998470204
82048	1.1957248665646802
82080	0.5978624332823401
82112	1.1957248665646802
82144	3.5871745996940407
82176	1.7935872998470204
82208	2.6903809497705304
82240	1.7935872998470204
82272	1.4946560832058502
82304	0.8967936499235102
82336	2.9893121664117004
82368	2.0925185164881905
82400	2.6903809497705304
82432	1.4946560832058502
82464	2.0925185164881905
82496	2.0925185164881905
82528	1.7935872998470204
82560	0.8967936499235102
82592	0.8967936499235102
82624	2.6903809497705304
82656	3.288243383052871
82688	1.1957248665646802
82720	0.5978624332823401
82752	1.7935872998470204
82784	1.7935872998470204
82816	1.1957248665646802
82848	2.3914497331293605
82880	1.7935872998470204
82912	2.0925185164881905
82944	2.6903809497705304
82976	2.9893121664117004
83008	1.7935872998470204
83040	0.29893121664117006
83072	1.4946560832058502
83104	2.3914497331293605
83136	1.1957248665646802
83168	0.8967936499235102
83200	2.3914497331293605
83232	2.3914497331293605
83264	1.4946560832058502
83296	2.6903809497705304
83328	1.7935872998470204
83360	2.0925185164881905
83392	2.9893121664117004
83424	1.1957248665646802
83456	1.1957248665646802
83488	3.288243383052871
83520	1.1957248665646802
83552	1.1957248665646802
83584	2.0925185164881905
83616	1.1957248665646802
83648	1.4946560832058502
83680	0.29893121664117006
83712	0.5978624332823401
83744	1.4946560832058502
83776	1.4946560832058502
83808	0.8967936499235102
83840	2.3914497331293605
83872	0.29893121664117006
83904	1.7935872998470204
83936	3.288243383052871
83968	1.7935872998470204
84000	1.1957248665646802
84032	1.1957248665646802
84064	0.5978624332823401
84096	1.1957248665646802
84128	1.7935872998470204
84160	0.8967936499235102
84192	0.8967936499235102
84224	1.7935872998470204
84256	0.8967936499235102
84288	2.3914497331293605
84320	1.7935872998470204
84352	1.7935872998470204
84384	2.0925185164881905
84416	2.6903809497705304
84448	1.1957248665646802
84480	2.0925185164881905
84512	1.1957248665646802
84544	1.4946560832058502
84576	1.4946560832058502
84608	1.7935872998470204
84640	0.5978624332823401
84672	2.3914497331293605
84704	1.4946560832058502
84736	2.0925185164881905
84768	2.3914497331293605
84800	2.6903809497705304
84832	0.29893121664117006
84864	0.8967936499235102
84896	1.7935872998470204
84928	1.4946560832058502
84960	1.4946560832058502
84992	0.8967936499235102
85024	1.1957248665646802
85056	1.1957248665646802
85088	2.3914497331293605
85120	0.5978624332823401
85152	2.0925185164881905
85184	0.5978624332823401
85216	0.8967936499235102
85248	1.7935872998470204
85280	1.1957248665646802
85312	0.8967936499235102
85344	0.8967936499235102
85376	2.3914497331293605
85408	1.4946560832058502
85440	1.7935872998470204
85472	2.6903809497705304
85504	0.8967936499235102
85536	2.3914497331293605
85568	2.0925185164881905
85600	0.5978624332823401
85632	1.4946560832058502
85664	1.7935872998470204
85696	0.8967936499235102
85728	4.483968249617551
85760	2.3914497331293605
85792	2.0925185164881905
85824	1.1957248665646802
85856	2.6903809497705304
85888	2.0925185164881905
85920	1.7935872998470204
85952	1.7935872998470204
85984	1.1957248665646802
86016	1.7935872998470204
86048	1.4946560832058502
86080	2.3914497331293605
86112	2.0925185164881905
86144	2.0925185164881905
86176	3.288243383052871
86208	1.1957248665646802
86240	1.7935872998470204
86272	0.8967936499235102
86304	1.4946560832058502
86336	0.8967936499235102
86368	1.7935872998470204
86400	1.1957248665646802
86432	1.1957248665646802
86464	0.29893121664117006
86496	2.6903809497705304
86528	2.0925185164881905
86560	2.0925185164881905
86592	1.1957248665646802
86624	1.7935872998470204
86656	2.0925185164881905
86688	2.0925185164881905
86720	0.8967936499235102
86752	1.7935872998470204
86784	2.3914497331293605
86816	1.1957248665646802
86848	0.5978624332823401
86880	1.7935872998470204
86912	2.6903809497705304
86944	0.5978624332823401
86976	2.6903809497705304
87008	2.6903809497705304
87040	0.8967936499235102
87072	1.7935872998470204
87104	2.6903809497705304
87136	1.1957248665646802
87168	1.4946560832058502
87200	2.3914497331293605
87232	1.4946560832058502
87264	2.0925185164881905
87296	1.1957248665646802
87328	2.9893121664117004
87360	2.6903809497705304
87392	1.4946560832058502
87424	1.7935872998470204
87456	0.8967936499235102
87488	2.0925185164881905
87520	0.5978624332823401
87552	2.6903809497705304
87584	1.4946560832058502
87616	1.4946560832058502
87648	2.3914497331293605
87680	1.7935872998470204
87712	2.0925185164881905
87744	1.1957248665646802
87776	2.0925185164881905
87808	2.6903809497705304
87840	1.7935872998470204
87872	3.288243383052871
87904	1.7935872998470204
87936	0.8967936499235102
87968	0.8967936499235102
88000	1.4946560832058502
88032	2.6903809497705304
88064	2.6903809497705304
88096	0.8967936499235102
88128	1.4946560832058502
88160	1.7935872998470204
88192	1.1957248665646802
88224	2.3914497331293605
88256	3.288243383052871
88288	1.1957248665646802
88320	1.4946560832058502
88352	1.4946560832058502
88384	1.7935872998470204
88416	3.288243383052871
88448	2.0925185164881905
88480	3.288243383052871
88512	3.288243383052871
88544	2.0925185164881905
88576	2.3914497331293605
88608	2.3914497331293605
88640	2.0925185164881905
88672	0.8967936499235102
88704	2.0925185164881905
88736	0.8967936499235102
88768	2.9893121664117004
88800	0.8967936499235102
88832	1.7935872998470204
88864	1.1957248665646802
88896	1.4946560832058502
88928	1.1957248665646802
88960	0.29893121664117006
88992	1.7935872998470204
89024	2.0925185164881905
89056	1.4946560832058502
89088	0.8967936499235102
89120	2.3914497331293605
89152	2.0925185164881905
89184	1.4946560832058502
89216	2.0925185164881905
89248	1.4946560832058502
89280	2.3914497331293605
89312	2.3914497331293605
89344	3.5871745996940407
89376	1.4946560832058502
89408	2.3914497331293605
89440	0.29893121664117006
89472	2.9893121664117004
89504	1.7935872998470204
89536	1.4946560832058502
89568	1.1957248665646802
89600	1.1957248665646802
89632	0.8967936499235102
89664	0.8967936499235102
89696	1.7935872998470204
89728	1.4946560832058502
89760	1.7935872998470204
89792	1.1957248665646802
89824	0.8967936499235102
89856	1.7935872998470204
89888	1.7935872998470204
89920	2.0925185164881905
89952	2.3914497331293605
89984	1.7935872998470204
90016	0.8967936499235102
90048	1.4946560832058502
90080	1.4946560832058502
90112	1.4946560832058502
90144	2.0925185164881905
90176	1.1957248665646802
90208	2.0925185164881905
90240	1.7935872998470204
90272	0.29893121664117006
90304	2.9893121664117004
90336	2.0925185164881905
90368	1.7935872998470204
90400	1.4946560832058502
90432	1.1957248665646802
90464	2.9893121664117004
90496	1.4946560832058502
90528	0.8967936499235102
90560	1.1957248665646802
90592	1.4946560832058502
90624	3.288243383052871
90656	3.5871745996940407
90688	2.0925185164881905
90720	1.4946560832058502
90752	1.1957248665646802
90784	1.7935872998470204
90816	3.288243383052871
90848	1.7935872998470204
90880	2.3914497331293605
90912	2.0925185164881905
90944	1.7935872998470204
90976	1.1957248665646802
91008	3.288243383052871
91040	1.7935872998470204
91072	2.6903809497705304
91104	2.0925185164881905
91136	2.0925185164881905
91168	2.6903809497705304
91200	2.6903809497705304
91232	1.4946560832058502
91264	1.4946560832058502
91296	1.4946560832058502
91328	1.7935872998470204
91360	1.4946560832058502
91392	3.288243383052871
91424	1.7935872998470204
91456	1.7935872998470204
91488	2.0925185164881905
91520	1.1957248665646802
91552	2.0925185164881905
91584	1.7935872998470204
91616	1.7935872998470204
91648	1.4946560832058502
91680	2.0925185164881905
91712	2.0925185164881905
91744	0.8967936499235102
91776	1.1957248665646802
91808	1.7935872998470204
91840	0.8967936499235102
91872	1.1957248665646802
91904	2.0925185164881905
91936	0.8967936499235102
91968	0.29893121664117006
92000	1.4946560832058502
92032	0.8967936499235102
92064	2.6903809497705304
92096	0.8967936499235102
92128	2.0925185164881905
92160	2.0925185164881905
92192	2.3914497331293605
92224	1.7935872998470204
92256	1.7935872998470204
92288	2.6903809497705304
92320	0.8967936499235102
92352	1.4946560832058502
92384	2.3914497331293605
92416	0.29893121664117006
92448	2.0925185164881905
92480	0.8967936499235102
92512	1.4946560832058502
92544	2.3914497331293605
92576	2.6903809497705304
92608	2.0925185164881905
92640	1.7935872998470204
92672	2.0925185164881905
92704	1.1957248665646802
92736	1.7935872998470204
92768	1.1957248665646802
92800	1.1957248665646802
92832	2.3914497331293605
92864	2.6903809497705304
92896	2.0925185164881905
92928	1.7935872998470204
92960	2.3914497331293605
92992	1.4946560832058502
93024	2.6903809497705304
93056	1.7935872998470204
93088	1.1957248665646802
93120	1.7935872998470204
93152	1.7935872998470204
93184	0.29893121664117006
93216	1.7935872998470204
93248	0.5978624332823401
93280	1.7935872998470204
93312	2.3914497331293605
93344	0.8967936499235102
93376	1.1957248665646802
93408	2.0925185164881905
93440	1.1957248665646802
93472	2.9893121664117004
93504	1.4946560832058502
93536	2.6903809497705304
93568	2.6903809497705304
93600	2.3914497331293605
93632	1.7935872998470204
93664	2.0925185164881905
93696	2.6903809497705304
93728	1.4946560832058502
93760	1.7935872998470204
93792	1.7935872998470204
93824	2.0925185164881905
93856	1.4946560832058502
93888	1.1957248665646802
93920	2.0925185164881905
93952	2.3914497331293605
93984	0.8967936499235102
94016	1.4946560832058502
94048	1.7935872998470204
94080	1.4946560832058502
94112	1.7935872998470204
94144	1.4946560832058502
94176	2.0925185164881905
94208	0.8967936499235102
94240	0.8967936499235102
94272	2.0925185164881905
94304	1.4946560832058502
94336	3.288243383052871
94368	1.1957248665646802
94400	0.8967936499235102
94432	1.4946560832058502
94464	2.0925185164881905
94496	2.6903809497705304
94528	2.0925185164881905
94560	0.8967936499235102
94592	1.1957248665646802
94624	0.5978624332823401
94656	1.1957248665646802
94688	1.4946560832058502
94720	2.0925185164881905
94752	1.7935872998470204
94784	1.7935872998470204
94816	1.1957248665646802
94848	2.0925185164881905
94880	0.29893121664117006
94912	2.3914497331293605
94944	2.0925185164881905
94976	0.5978624332823401
95008	1.4946560832058502
95040	2.0925185164881905
95072	1.1957248665646802
95104	0.5978624332823401
95136	2.3914497331293605
95168	2.0925185164881905
95200	1.4946560832058502
95232	1.4946560832058502
95264	0.29893121664117006
95296	2.3914497331293605
95328	1.4946560832058502
95360	1.1957248665646802
95392	1.7935872998470204
95424	1.1957248665646802
95456	1.7935872998470204
95488	2.6903809497705304
95520	3.288243383052871
95552	2.3914497331293605
95584	2.9893121664117004
95616	1.7935872998470204
95648	1.4946560832058502
95680	1.4946560832058502
95712	1.1957248665646802
95744	1.4946560832058502
95776	1.1957248665646802
95808	1.7935872998470204
95840	2.0925185164881905
95872	3.5871745996940407
95904	0.8967936499235102
95936	1.4946560832058502
95968	3.288243383052871
96000	2.0925185164881905
96032	2.3914497331293605
96064	2.0925185164881905
96096	0.5978624332823401
96128	1.1957248665646802
96160	1.1957248665646802
96192	1.1957248665646802
96224	0.5978624332823401
96256	1.7935872998470204
96288	1.1957248665646802
96320	1.4946560832058502
96352	0
96384	1.4946560832058502
96416	2.0925185164881905
96448	2.0925185164881905
96480	2.0925185164881905
96512	2.0925185164881905
96544	0.5978624332823401
96576	2.3914497331293605
96608	2.0925185164881905
96640	2.6903809497705304
96672	1.7935872998470204
96704	2.9893121664117004
96736	1.7935872998470204
96768	1.4946560832058502
96800	2.3914497331293605
96832	1.1957248665646802
96864	1.7935872998470204
96896	1.1957248665646802
96928	1.4946560832058502
96960	1.7935872998470204
96992	1.1957248665646802
97024	3.5871745996940407
97056	1.7935872998470204
97088	1.1957248665646802
97120	2.0925185164881905
97152	3.5871745996940407
97184	3.288243383052871
97216	1.1957248665646802
97248	1.1957248665646802
97280	0.8967936499235102
97312	1.4946560832058502
97344	2.0925185164881905
97376	1.7935872998470204
97408	1.7935872998470204
97440	2.0925185164881905
97472	2.3914497331293605
97504	0.8967936499235102
97536	2.3914497331293605
97568	2.3914497331293605
97600	1.4946560832058502
97632	1.1957248665646802
97664	1.1957248665646802
97696	2.9893121664117004
97728	1.7935872998470204
97760	1.7935872998470204
97792	2.6903809497705304
97824	1.4946560832058502
97856	1.4946560832058502
97888	1.7935872998470204
97920	1.7935872998470204
97952	0.5978624332823401
97984	2.0925185164881905
98016	1.4946560832058502
98048	0.5978624332823401
98080	1.4946560832058502
98112	1.1957248665646802
98144	1.1957248665646802
98176	1.7935872998470204
98208	1.4946560832058502
98240	2.0925185164881905
98272	1.4946560832058502
98304	1.1957248665646802
98336	2.0925185164881905
98368	1.7935872998470204
98400	2.3914497331293605
98432	1.4946560832058502
98464	1.1957248665646802
98496	2.0925185164881905
98528	1.4946560832058502
98560	2.0925185164881905
98592	3.288243383052871
98624	2.9893121664117004
98656	1.1957248665646802
98688	1.7935872998470204
98720	2.0925185164881905
98752	2.0925185164881905
98784	1.7935872998470204
98816	2.9893121664117004
98848	1.1957248665646802
98880	1.1957248665646802
98912	2.0925185164881905
98944	1.7935872998470204
98976	1.4946560832058502
99008	1.7935872998470204
99040	1.7935872998470204
99072	0.5978624332823401
99104	1.7935872998470204
99136	0.5978624332823401
99168	2.3914497331293605
99200	2.0925185164881905
99232	0.8967936499235102
99264	0.8967936499235102
99296	0.29893121664117006
99328	0.8967936499235102
99360	2.3914497331293605
99392	2.0925185164881905
99424	0.8967936499235102
99456	0.5978624332823401
99488	1.1957248665646802
99520	1.1957248665646802
99552	2.0925185164881905
99584	0.5978624332823401
99616	1.1957248665646802
99648	1.1957248665646802
99680	2.6903809497705304
99712	1.7935872998470204
99744	1.4946560832058502
99776	3.5871745996940407
99808	2.6903809497705304
99840	1.4946560832058502
99872	2.3914497331293605
99904	1.7935872998470204
99936	1.4946560832058502
99968	1.4946560832058502
100000	1.7935872998470204
100032	2.0925185164881905
100064	2.0925185164881905
100096	1.4946560832058502
100128	0.8967936499235102
100160	1.1957248665646802
100192	0.8967936499235102
100224	0.5978624332823401
100256	2.6903809497705304
100288	1.4946560832058502
100320	1.7935872998470204
100352	1.7935872998470204
100384	0.29893121664117006
100416	1.1957248665646802
100448	1.1957248665646802
100480	0.8967936499235102
100512	0.8967936499235102
100544	0.8967936499235102
100576	1.1957248665646802
100608	2.3914497331293605
100640	0.5978624332823401
100672	2.3914497331293605
100704	1.4946560832058502
100736	1.7935872998470204
100768	0.8967936499235102
100800	2.0925185164881905
100832	2.3914497331293605
100864	2.3914497331293605
100896	1.4946560832058502
100928	1.7935872998470204
100960	1.7935872998470204
100992	0.8967936499235102
101024	2.3914497331293605
101056	1.7935872998470204
101088	1.1957248665646802
101120	0.29893121664117006
101152	3.5871745996940407
101184	2.6903809497705304
101216	1.1957248665646802
101248	1.4946560832058502
101280	1.1957248665646802
101312	2.6903809497705304
101344	1.4946560832058502
101376	0.8967936499235102
101408	0.8967936499235102
101440	2.0925185164881905
101472	1.1957248665646802
101504	1.1957248665646802
101536	1.1957248665646802
101568	1.4946560832058502
101600	1.7935872998470204
101632	1.4946560832058502
101664	1.1957248665646802
101696	0.8967936499235102
101728	1.1957248665646802
101760	2.9893121664117004
101792	1.4946560832058502
101824	2.0925185164881905
101856	1.4946560832058502
101888	1.1957248665646802
101920	0.8967936499235102
101952	1.7935872998470204
101984	1.4946560832058502
102016	0.8967936499235102
102048	1.7935872998470204
102080	1.7935872998470204
102112	1.1957248665646802
102144	2.0925185164881905
102176	1.7935872998470204
102208	0.5978624332823401
102240	0.5978624332823401
102272	2.9893121664117004
102304	2.0925185164881905
102336	0.8967936499235102
102368	1.4946560832058502
102400	2.6903809497705304
102432	1.7935872998470204
102464	1.1957248665646802
102496	1.1957248665646802
102528	0.8967936499235102
102560	0.29893121664117006
102592	2.6903809497705304
102624	2.6903809497705304
102656	1.1957248665646802
102688	2.0925185164881905
102720	2.0925185164881905
102752	2.3914497331293605
102784	2.3914497331293605
102816	4.483968249617551
102848	2.0925185164881905
102880	1.1957248665646802
102912	1.4946560832058502
102944	1.1957248665646802
102976	2.9893121664117004
103008	2.0925185164881905
103040	1.1957248665646802
103072	1.1957248665646802
103104	2.0925185164881905
103136	1.4946560832058502
103168	1.1957248665646802
103200	0.5978624332823401
103232	2.0925185164881905
103264	1.1957248665646802
103296	1.1957248665646802
103328	1.4946560832058502
103360	0.8967936499235102
103392	1.7935872998470204
103424	0.8967936499235102
103456	2.0925185164881905
103488	1.4946560832058502
103520	1.7935872998470204
103552	2.0925185164881905
103584	1.1957248665646802
103616	2.0925185164881905
103648	2.0925185164881905
103680	2.9893121664117004
103712	2.9893121664117004
103744	2.6903809497705304
103776	1.4946560832058502
103808	2.9893121664117004
103840	2.3914497331293605
103872	2.0925185164881905
103904	1.1957248665646802
103936	2.0925185164881905
103968	1.7935872998470204
104000	0.5978624332823401
104032	2.0925185164881905
104064	0.8967936499235102
104096	2.9893121664117004
104128	0.5978624332823401
104160	1.4946560832058502
104192	0.8967936499235102
104224	2.0925185164881905
104256	1.4946560832058502
104288	2.0925185164881905
104320	2.0925185164881905
104352	1.4946560832058502
104384	1.1957248665646802
104416	2.0925185164881905
104448	0.29893121664117006
104480	2.0925185164881905
104512	2.0925185164881905
104544	1.1957248665646802
104576	0.29893121664117006
104608	2.9893121664117004
104640	1.7935872998470204
104672	2.3914497331293605
104704	1.4946560832058502
104736	2.0925185164881905
104768	0.5978624332823401
104800	1.4946560832058502
104832	1.4946560832058502
104864	1.7935872998470204
104896	1.4946560832058502
104928	1.1957248665646802
104960	1.4946560832058502
104992	2.0925185164881905
105024	2.3914497331293605
105056	1.1957248665646802
105088	0.8967936499235102
105120	1.7935872998470204
105152	3.288243383052871
105184	2.0925185164881905
105216	0.8967936499235102
105248	1.4946560832058502
105280	2.6903809497705304
105312	2.0925185164881905
105344	2.6903809497705304
105376	2.6903809497705304
105408	2.3914497331293605
105440	1.7935872998470204
105472	0.8967936499235102
105504	1.7935872998470204
105536	0.8967936499235102
105568	1.7935872998470204
105600	1.7935872998470204
105632	1.4946560832058502
105664	1.1957248665646802
105696	2.0925185164881905
105728	2.9893121664117004
105760	1.4946560832058502
105792	1.7935872998470204
105824	1.7935872998470204
105856	1.1957248665646802
105888	1.1957248665646802
105920	1.7935872998470204
105952	1.7935872998470204
105984	2.3914497331293605
106016	1.7935872998470204
106048	1.7935872998470204
106080	2.0925185164881905
106112	1.4946560832058502
106144	2.0925185164881905
106176	1.4946560832058502
106208	1.1957248665646802
106240	1.7935872998470204
106272	2.0925185164881905
106304	0.29893121664117006
106336	0.8967936499235102
106368	1.7935872998470204
106400	0.8967936499235102
106432	2.0925185164881905
106464	1.7935872998470204
106496	2.3914497331293605
106528	1.1957248665646802
106560	2.3914497331293605
106592	0.5978624332823401
106624	1.1957248665646802
106656	0.5978624332823401
106688	1.1957248665646802
106720	1.7935872998470204
106752	2.9893121664117004
106784	4.185037032976381
106816	2.0925185164881905
106848	1.4946560832058502
106880	1.4946560832058502
106912	1.4946560832058502
106944	1.1957248665646802
106976	0.5978624332823401
107008	1.7935872998470204
107040	2.3914497331293605
107072	2.3914497331293605
107104	2.9893121664117004
107136	1.7935872998470204
107168	1.7935872998470204
107200	1.7935872998470204
107232	2.0925185164881905
107264	3.288243383052871
107296	1.1957248665646802
107328	0.8967936499235102
107360	2.3914497331293605
107392	1.4946560832058502
107424	1.7935872998470204
107456	2.0925185164881905
107488	0.8967936499235102
107520	2.9893121664117004
107552	1.7935872998470204
107584	0.8967936499235102
107616	1.4946560832058502
107648	1.4946560832058502
107680	2.0925185164881905
107712	1.7935872998470204
107744	1.7935872998470204
107776	2.0925185164881905
107808	1.4946560832058502
107840	1.1957248665646802
107872	1.4946560832058502
107904	3.288243383052871
107936	0.8967936499235102
107968	1.4946560832058502
108000	0.8967936499235102
108032	2.0925185164881905
108064	2.9893121664117004
108096	1.7935872998470204
108128	2.0925185164881905
108160	1.7935872998470204
108192	0.8967936499235102
108224	0.5978624332823401
108256	1.1957248665646802
108288	1.1957248665646802
108320	1.1957248665646802
108352	2.3914497331293605
108384	2.0925185164881905
108416	1.7935872998470204
108448	3.288243383052871
108480	2.9893121664117004
108512	0.29893121664117006
108544	1.4946560832058502
108576	2.0925185164881905
108608	1.7935872998470204
108640	1.1957248665646802
108672	1.1957248665646802
108704	0.8967936499235102
108736	1.7935872998470204
108768	1.4946560832058502
108800	1.4946560832058502
108832	1.7935872998470204
108864	1.1957248665646802
108896	1.7935872998470204
108928	0.8967936499235102
108960	2.6903809497705304
108992	1.1957248665646802
109024	2.3914497331293605
109056	2.0925185164881905
109088	1.4946560832058502
109120	1.4946560832058502
109152	2.0925185164881905
109184	1.4946560832058502
109216	0.5978624332823401
109248	2.0925185164881905
109280	1.4946560832058502
109312	1.4946560832058502
109344	2.6903809497705304
109376	1.1957248665646802
109408	1.4946560832058502
109440	2.9893121664117004
109472	0.5978624332823401
109504	1.1957248665646802
109536	1.1957248665646802
109568	0.8967936499235102
109600	0.5978624332823401
109632	1.7935872998470204
109664	2.9893121664117004
109696	2.3914497331293605
109728	1.7935872998470204
109760	1.4946560832058502
109792	2.9893121664117004
109824	1.7935872998470204
109856	2.6903809497705304
109888	2.0925185164881905
109920	0.5978624332823401
109952	0.8967936499235102
109984	1.4946560832058502
110016	1.4946560832058502
110048	2.0925185164881905
110080	2.9893121664117004
110112	0.8967936499235102
110144	1.7935872998470204
110176	1.4946560832058502
110208	1.4946560832058502
110240	2.0925185164881905
110272	2.3914497331293605
110304	2.6903809497705304
110336	1.4946560832058502
110368	0.8967936499235102
110400	2.0925185164881905
110432	2.0925185164881905
110464	1.1957248665646802
110496	2.0925185164881905
110528	1.4946560832058502
110560	1.7935872998470204
110592	1.1957248665646802
110624	0.8967936499235102
110656	1.7935872998470204
110688	2.3914497331293605
110720	3.288243383052871
110752	2.6903809497705304
110784	1.1957248665646802
110816	1.7935872998470204
110848	1.7935872998470204
110880	1.7935872998470204
110912	2.3914497331293605
110944	2.0925185164881905
110976	2.0925185164881905
111008	1.1957248665646802
111040	1.7935872998470204
111072	1.1957248665646802
111104	1.7935872998470204
111136	1.1957248665646802
111168	2.3914497331293605
111200	1.4946560832058502
111232	0.8967936499235102
111264	1.1957248665646802
111296	2.3914497331293605
111328	2.3914497331293605
111360	1.1957248665646802
111392	1.1957248665646802
111424	2.0925185164881905
111456	1.7935872998470204
111488	1.7935872998470204
111520	1.4946560832058502
111552	2.3914497331293605
111584	2.0925185164881905
111616	2.3914497331293605
111648	1.7935872998470204
111680	2.3914497331293605
111712	1.7935872998470204
111744	0.8967936499235102
111776	1.7935872998470204
111808	3.5871745996940407
111840	2.0925185164881905
111872	0.8967936499235102
111904	0.5978624332823401
111936	0.8967936499235102
111968	1.4946560832058502
112000	2.6903809497705304
112032	2.0925185164881905
112064	1.7935872998470204
112096	2.3914497331293605
112128	2.0925185164881905
112160	2.3914497331293605
112192	2.9893121664117004
112224	1.7935872998470204
112256	1.4946560832058502
112288	0.8967936499235102
112320	2.3914497331293605
112352	2.3914497331293605
112384	2.3914497331293605
112416	2.0925185164881905
112448	1.7935872998470204
112480	1.1957248665646802
112512	2.0925185164881905
112544	2.0925185164881905
112576	1.7935872998470204
112608	2.0925185164881905
112640	2.3914497331293605
112672	1.7935872998470204
112704	0.8967936499235102
112736	2.0925185164881905
112768	1.7935872998470204
112800	1.4946560832058502
112832	0.5978624332823401
112864	2.0925185164881905
112896	2.6903809497705304
112928	1.7935872998470204
112960	0.8967936499235102
112992	2.3914497331293605
113024	1.7935872998470204
113056	1.4946560832058502
113088	0.8967936499235102
113120	1.1957248665646802
113152	3.288243383052871
113184	1.1957248665646802
113216	2.0925185164881905
113248	2.3914497331293605
113280	4.483968249617551
113312	1.1957248665646802
113344	1.4946560832058502
113376	1.4946560832058502
113408	2.3914497331293605
113440	3.288243383052871
113472	0.5978624332823401
113504	0
113536	0.8967936499235102
113568	0.8967936499235102
113600	0.8967936499235102
113632	1.4946560832058502
113664	2.6903809497705304
113696	2.6903809497705304
113728	0.8967936499235102
113760	1.7935872998470204
113792	1.4946560832058502
113824	2.0925185164881905
113856	2.0925185164881905
113888	1.7935872998470204
113920	1.4946560832058502
113952	1.4946560832058502
113984	2.9893121664117004
114016	2.9893121664117004
114048	1.1957248665646802
114080	0.8967936499235102
114112	1.7935872998470204
114144	1.4946560832058502
114176	0.5978624332823401
114208	0.5978624332823401
114240	1.7935872998470204
114272	1.1957248665646802
114304	1.7935872998470204
114336	1.7935872998470204
114368	0.8967936499235102
114400	1.7935872998470204
114432	1.7935872998470204
114464	2.0925185164881905
114496	1.1957248665646802
114528	0.8967936499235102
114560	1.4946560832058502
114592	0.8967936499235102
114624	1.1957248665646802
114656	0.8967936499235102
114688	1.1957248665646802
114720	2.0925185164881905
114752	1.7935872998470204
114784	1.4946560832058502
114816	0.5978624332823401
114848	0.5978624332823401
114880	0.8967936499235102
114912	2.0925185164881905
114944	0.8967936499235102
114976	2.0925185164881905
115008	2.6903809497705304
115040	2.0925185164881905
115072	0.8967936499235102
115104	2.9893121664117004
115136	1.1957248665646802
115168	0.8967936499235102
115200	1.4946560832058502
115232	1.7935872998470204
115264	2.9893121664117004
115296	1.7935872998470204
115328	1.4946560832058502
115360	1.7935872998470204
115392	2.3914497331293605
115424	1.4946560832058502
115456	1.7935872998470204
115488	1.4946560832058502
115520	1.1957248665646802
115552	2.3914497331293605
115584	1.1957248665646802
115616	1.4946560832058502
115648	2.3914497331293605
115680	1.4946560832058502
115712	1.4946560832058502
115744	2.0925185164881905
115776	1.1957248665646802
115808	2.9893121664117004
115840	1.1957248665646802
115872	2.0925185164881905
115904	2.0925185164881905
115936	1.4946560832058502
115968	2.3914497331293605
116000	0.8967936499235102
116032	0.5978624332823401
116064	2.9893121664117004
116096	1.7935872998470204
116128	1.4946560832058502
116160	3.8861058163352107
116192	1.4946560832058502
116224	2.6903809497705304
116256	2.6903809497705304
116288	1.4946560832058502
116320	2.6903809497705304
116352	1.1957248665646802
116384	1.1957248665646802
116416	1.1957248665646802
116448	1.1957248665646802
116480	1.1957248665646802
116512	1.4946560832058502
116544	1.7935872998470204
116576	1.4946560832058502
116608	0.8967936499235102
116640	1.7935872998470204
116672	1.7935872998470204
116704	2.0925185164881905
116736	2.0925185164881905
116768	2.6903809497705304
116800	1.1957248665646802
116832	2.9893121664117004
116864	2.0925185164881905
116896	2.0925185164881905
116928	2.0925185164881905
116960	0.8967936499235102
116992	1.1957248665646802
117024	2.0925185164881905
117056	2.3914497331293605
117088	2.3914497331293605
117120	2.0925185164881905
117152	1.4946560832058502
117184	1.1957248665646802
117216	1.7935872998470204
117248	1.7935872998470204
117280	0.5978624332823401
117312	1.1957248665646802
117344	2.6903809497705304
117376	0.5978624332823401
117408	1.7935872998470204
117440	1.7935872998470204
117472	0.5978624332823401
117504	0.8967936499235102
117536	2.6903809497705304
117568	1.4946560832058502
117600	2.6903809497705304
117632	1.1957248665646802
117664	0.8967936499235102
117696	2.3914497331293605
117728	1.7935872998470204
117760	2.6903809497705304
117792	2.6903809497705304
117824	1.4946560832058502
117856	2.0925185164881905
117888	1.7935872998470204
117920	4.185037032976381
117952	1.1957248665646802
117984	1.1957248665646802
118016	1.7935872998470204
118048	1.4946560832058502
118080	1.4946560832058502
118112	4.185037032976381
118144	0.5978624332823401
118176	1.1957248665646802
118208	1.1957248665646802
118240	1.4946560832058502
118272	1.7935872998470204
118304	1.7935872998470204
118336	1.4946560832058502
118368	2.9893121664117004
118400	2.3914497331293605
118432	2.3914497331293605
118464	2.0925185164881905
118496	2.0925185164881905
118528	2.0925185164881905
118560	2.0925185164881905
118592	0.29893121664117006
118624	0.8967936499235102
118656	0.8967936499235102
118688	2.3914497331293605
118720	2.3914497331293605
118752	0.8967936499235102
118784	0.8967936499235102
118816	2.0925185164881905
118848	3.5871745996940407
118880	1.1957248665646802
118912	2.6903809497705304
118944	1.7935872998470204
118976	2.6903809497705304
119008	1.1957248665646802
119040	2.6903809497705304
119072	1.7935872998470204
119104	1.7935872998470204
119136	1.4946560832058502
119168	1.1957248665646802
119200	1.4946560832058502
119232	1.7935872998470204
119264	0.5978624332823401
119296	2.6903809497705304
119328	2.0925185164881905
119360	0.5978624332823401
119392	2.6903809497705304
119424	1.1957248665646802
119456	0.8967936499235102
119488	2.3914497331293605
119520	3.288243383052871
119552	1.4946560832058502
119584	1.7935872998470204
119616	2.6903809497705304
119648	1.4946560832058502
119680	1.4946560832058502
119712	2.0925185164881905
119744	2.6903809497705304
119776	0.8967936499235102
119808	2.0925185164881905
119840	1.7935872998470204
119872	2.3914497331293605
119904	0.8967936499235102
119936	2.0925185164881905
119968	1.1957248665646802
120000	2.3914497331293605
120032	1.4946560832058502
120064	1.1957248665646802
120096	1.7935872998470204
120128	1.4946560832058502
120160	0.5978624332823401
120192	1.7935872998470204
120224	2.0925185164881905
120256	2.9893121664117004
120288	1.1957248665646802
120320	2.6903809497705304
120352	1.1957248665646802
120384	0.8967936499235102
120416	1.1957248665646802
120448	1.7935872998470204
120480	1.1957248665646802
120512	0.8967936499235102
120544	0.29893121664117006
120576	1.1957248665646802
120608	1.7935872998470204
120640	1.1957248665646802
120672	2.0925185164881905
120704	2.3914497331293605
120736	2.6903809497705304
120768	2.0925185164881905
120800	1.4946560832058502
120832	0.8967936499235102
120864	2.6903809497705304
120896	2.6903809497705304
120928	2.3914497331293605
120960	0.5978624332823401
120992	1.7935872998470204
121024	1.1957248665646802
121056	2.3914497331293605
121088	2.3914497331293605
121120	0.5978624332823401
121152	1.4946560832058502
121184	0.29893121664117006
121216	0.8967936499235102
121248	2.3914497331293605
121280	1.4946560832058502
121312	3.5871745996940407
121344	1.4946560832058502
121376	1.4946560832058502
121408	0.8967936499235102
121440	0.8967936499235102
121472	1.1957248665646802
121504	2.0925185164881905
121536	1.4946560832058502
121568	2.0925185164881905
121600	0.5978624332823401
121632	2.9893121664117004
121664	2.6903809497705304
121696	1.7935872998470204
121728	2.9893121664117004
121760	1.7935872998470204
121792	2.0925185164881905
121824	1.1957248665646802
121856	2.3914497331293605
121888	2.0925185164881905
121920	2.0925185164881905
121952	1.4946560832058502
121984	2.0925185164881905
122016	3.288243383052871
122048	1.7935872998470204
122080	1.1957248665646802
122112	1.4946560832058502
122144	2.0925185164881905
122176	1.1957248665646802
122208	2.9893121664117004
122240	2.9893121664117004
122272	0.29893121664117006
122304	1.4946560832058502
122336	1.7935872998470204
122368	1.1957248665646802
122400	2.3914497331293605
122432	0.8967936499235102
122464	4.185037032976381
122496	1.4946560832058502
122528	1.7935872998470204
122560	1.1957248665646802
122592	3.288243383052871
122624	1.7935872998470204
122656	1.7935872998470204
122688	0.8967936499235102
122720	1.4946560832058502
122752	2.3914497331293605
122784	1.7935872998470204
122816	2.3914497331293605
122848	3.8861058163352107
122880	0.8967936499235102
122912	1.1957248665646802
122944	1.1957248665646802
122976	2.0925185164881905
123008	1.1957248665646802
123040	0.29893121664117006
123072	2.0925185164881905
123104	1.1957248665646802
123136	1.1957248665646802
123168	1.4946560832058502
123200	1.4946560832058502
123232	2.3914497331293605
123264	2.9893121664117004
123296	1.1957248665646802
123328	1.7935872998470204
123360	0.8967936499235102
123392	2.0925185164881905
123424	2.6903809497705304
123456	1.1957248665646802
123488	1.4946560832058502
123520	2.0925185164881905
123552	2.3914497331293605
123584	2.9893121664117004
123616	1.4946560832058502
123648	1.4946560832058502
123680	2.6903809497705304
123712	2.3914497331293605
123744	2.0925185164881905
123776	1.1957248665646802
123808	1.7935872998470204
123840	2.3914497331293605
123872	2.6903809497705304
123904	1.7935872998470204
123936	3.288243383052871
123968	1.4946560832058502
124000	1.4946560832058502
124032	2.0925185164881905
124064	0.29893121664117006
124096	0.8967936499235102
124128	2.9893121664117004
124160	2.0925185164881905
124192	0.8967936499235102
124224	2.6903809497705304
124256	2.6903809497705304
124288	2.0925185164881905
124320	2.3914497331293605
124352	1.7935872998470204
124384	2.6903809497705304
124416	2.0925185164881905
124448	0.5978624332823401
124480	1.1957248665646802
124512	1.7935872998470204
124544	2.3914497331293605
124576	1.4946560832058502
124608	1.4946560832058502
124640	1.4946560832058502
124672	2.0925185164881905
124704	1.1957248665646802
124736	0.8967936499235102
124768	1.7935872998470204
124800	1.7935872998470204
124832	2.6903809497705304
124864	1.7935872998470204
124896	3.288243383052871
124928	1.4946560832058502
124960	1.1957248665646802
124992	1.7935872998470204
125024	0.8967936499235102
125056	2.6903809497705304
125088	2.3914497331293605
125120	1.7935872998470204
125152	1.4946560832058502
125184	1.7935872998470204
125216	1.7935872998470204
125248	1.7935872998470204
125280	1.1957248665646802
125312	0.5978624332823401
125344	2.0925185164881905
125376	0.8967936499235102
125408	2.0925185164881905
125440	0.8967936499235102
125472	1.4946560832058502
125504	1.7935872998470204
125536	2.3914497331293605
125568	1.4946560832058502
125600	1.1957248665646802
125632	2.3914497331293605
125664	0.8967936499235102
125696	1.1957248665646802
125728	2.3914497331293605
125760	2.0925185164881905
125792	2.9893121664117004
125824	0.8967936499235102
125856	2.0925185164881905
125888	2.3914497331293605
125920	2.3914497331293605
125952	1.1957248665646802
125984	2.0925185164881905
126016	3.5871745996940407
126048	2.0925185164881905
126080	2.0925185164881905
126112	2.0925185164881905
126144	0.8967936499235102
126176	1.7935872998470204
126208	1.1957248665646802
126240	1.4946560832058502
126272	1.1957248665646802
126304	1.1957248665646802
126336	3.5871745996940407
126368	1.4946560832058502
126400	1.1957248665646802
126432	2.3914497331293605
126464	0.8967936499235102
126496	1.4946560832058502
126528	2.0925185164881905
126560	1.7935872998470204
126592	1.7935872998470204
126624	0.8967936499235102
126656	0.8967936499235102
126688	1.7935872998470204
126720	3.288243383052871
126752	2.3914497331293605
126784	1.7935872998470204
126816	0.8967936499235102
126848	1.4946560832058502
126880	0.5978624332823401
126912	1.1957248665646802
126944	0.8967936499235102
126976	3.5871745996940407
127008	1.4946560832058502
127040	2.0925185164881905
127072	2.0925185164881905
127104	3.288243383052871
127136	1.7935872998470204
127168	1.1957248665646802
127200	3.8861058163352107
127232	2.0925185164881905
127264	1.1957248665646802
127296	2.0925185164881905
127328	2.3914497331293605
127360	0.8967936499235102
127392	0.29893121664117006
127424	1.7935872998470204
127456	1.1957248665646802
127488	1.1957248665646802
127520	2.3914497331293605
127552	2.0925185164881905
127584	0.5978624332823401
127616	0.8967936499235102
127648	2.6903809497705304
127680	1.7935872998470204
127712	1.4946560832058502
127744	3.5871745996940407
127776	2.3914497331293605
127808	2.3914497331293605
127840	2.6903809497705304
127872	0.8967936499235102
127904	1.7935872998470204
127936	2.0925185164881905
127968	2.0925185164881905
128000	0
128032	0.29893121664117006
128064	0.8967936499235102
128096	2.0925185164881905
128128	1.4946560832058502
128160	0.8967936499235102
128192	0.5978624332823401
128224	2.0925185164881905
128256	1.4946560832058502
128288	1.1957248665646802
128320	2.3914497331293605
128352	1.7935872998470204
128384	1.1957248665646802
128416	0.8967936499235102
128448	2.9893121664117004
128480	1.4946560832058502
128512	0.8967936499235102
128544	2.6903809497705304
128576	1.1957248665646802
128608	1.7935872998470204
128640	0.8967936499235102
128672	0.8967936499235102
128704	1.4946560832058502
128736	3.288243383052871
128768	1.7935872998470204
128800	2.3914497331293605
128832	2.3914497331293605
128864	1.4946560832058502
128896	1.7935872998470204
128928	1.4946560832058502
128960	1.4946560832058502
128992	2.0925185164881905
129024	0.8967936499235102
129056	0.8967936499235102
129088	1.7935872998470204
129120	0.8967936499235102
129152	0.29893121664117006
129184	1.7935872998470204
129216	1.7935872998470204
129248	1.7935872998470204
129280	1.1957248665646802
129312	1.4946560832058502
129344	1.7935872998470204
129376	1.4946560832058502
129408	1.7935872998470204
129440	2.6903809497705304
129472	1.7935872998470204
129504	1.7935872998470204
129536	0.8967936499235102
129568	1.7935872998470204
129600	1.4946560832058502
129632	0.8967936499235102
129664	1.1957248665646802
129696	1.1957248665646802
129728	1.7935872998470204
129760	0.8967936499235102
129792	1.4946560832058502
129824	1.7935872998470204
129856	0.8967936499235102
129888	2.3914497331293605
129920	2.3914497331293605
129952	2.0925185164881905
129984	0.5978624332823401
130016	2.3914497331293605
130048	2.6903809497705304
130080	1.1957248665646802
130112	1.4946560832058502
130144	0.5978624332823401
130176	2.0925185164881905
130208	2.0925185164881905
130240	2.3914497331293605
130272	1.1957248665646802
130304	1.1957248665646802
130336	3.5871745996940407
130368	1.7935872998470204
130400	1.4946560832058502
130432	1.4946560832058502
130464	1.7935872998470204
130496	1.7935872998470204
130528	2.0925185164881905
130560	2.0925185164881905
130592	1.1957248665646802
130624	2.3914497331293605
130656	1.7935872998470204
130688	1.4946560832058502
130720	0.8967936499235102
130752	0.8967936499235102
130784	0.5978624332823401
130816	2.0925185164881905
130848	2.0925185164881905
130880	1.1957248665646802
130912	2.0925185164881905
130944	1.7935872998470204
130976	1.1957248665646802
131008	2.3914497331293605
131040	1.1957248665646802
131072	1.7935872998470204
131104	2.3914497331293605
131136	0.8967936499235102
131168	0.5978624332823401
131200	2.0925185164881905
131232	2.0925185164881905
131264	2.3914497331293605
131296	1.4946560832058502
131328	2.3914497331293605
131360	2.0925185164881905
131392	0.5978624332823401
131424	1.7935872998470204
131456	1.7935872998470204
131488	2.0925185164881905
131520	2.3914497331293605
131552	0.5978624332823401
131584	2.6903809497705304
131616	1.4946560832058502
131648	1.7935872998470204
131680	1.7935872998470204
131712	2.0925185164881905
131744	1.4946560832058502
131776	1.7935872998470204
131808	2.0925185164881905
131840	0.5978624332823401
131872	1.4946560832058502
131904	0.8967936499235102
131936	1.1957248665646802
131968	1.4946560832058502
132000	0.8967936499235102
132032	0.5978624332823401
132064	1.7935872998470204
132096	0.8967936499235102
132128	2.9893121664117004
132160	2.6903809497705304
132192	2.6903809497705304
132224	4.185037032976381
132256	0.8967936499235102
132288	2.3914497331293605
132320	1.1957248665646802
132352	2.0925185164881905
132384	1.7935872998470204
132416	0.5978624332823401
132448	2.6903809497705304
132480	2.6903809497705304
132512	3.5871745996940407
132544	1.7935872998470204
132576	2.3914497331293605
132608	1.1957248665646802
132640	0.8967936499235102
132672	3.288243383052871
132704	1.4946560832058502
132736	1.1957248665646802
132768	1.4946560832058502
132800	2.6903809497705304
132832	0.29893121664117006
132864	2.0925185164881905
132896	1.4946560832058502
132928	1.1957248665646802
132960	2.0925185164881905
132992	0.8967936499235102
133024	1.1957248665646802
133056	1.7935872998470204
133088	1.7935872998470204
133120	2.3914497331293605
133152	2.0925185164881905
133184	1.7935872998470204
133216	1.7935872998470204
133248	1.1957248665646802
133280	4.185037032976381
133312	2.0925185164881905
133344	2.3914497331293605
133376	0.29893121664117006
133408	1.4946560832058502
133440	1.7935872998470204
133472	2.0925185164881905
133504	2.0925185164881905
133536	1.4946560832058502
133568	1.4946560832058502
133600	1.7935872998470204
133632	2.3914497331293605
133664	0.5978624332823401
133696	1.7935872998470204
133728	1.1957248665646802
133760	0.8967936499235102
133792	2.6903809497705304
133824	2.0925185164881905
133856	2.0925185164881905
133888	1.7935872998470204
133920	2.0925185164881905
133952	1.1957248665646802
133984	2.0925185164881905
134016	0.8967936499235102
134048	3.288243383052871
134080	1.1957248665646802
134112	0.5978624332823401
134144	1.7935872998470204
134176	0.8967936499235102
134208	1.7935872998470204
134240	2.6903809497705304
134272	2.9893121664117004
134304	1.7935872998470204
134336	3.5871745996940407
134368	1.4946560832058502
134400	1.4946560832058502
134432	1.1957248665646802
134464	2.0925185164881905
134496	1.1957248665646802
134528	1.4946560832058502
134560	1.4946560832058502
134592	0.8967936499235102
134624	2.6903809497705304
134656	2.6903809497705304
134688	1.7935872998470204
134720	2.3914497331293605
134752	2.0925185164881905
134784	2.3914497331293605
134816	0.8967936499235102
134848	1.7935872998470204
134880	1.4946560832058502
134912	1.7935872998470204
134944	1.7935872998470204
134976	1.4946560832058502
135008	0.5978624332823401
135040	2.6903809497705304
135072	1.7935872998470204
135104	1.4946560832058502
135136	0.8967936499235102
135168	1.7935872998470204
135200	2.0925185164881905
135232	0.8967936499235102
135264	1.7935872998470204
135296	2.0925185164881905
135328	1.4946560832058502
135360	1.4946560832058502
135392	0.29893121664117006
135424	2.0925185164881905
135456	2.3914497331293605
135488	1.7935872998470204
135520	2.3914497331293605
135552	1.7935872998470204
135584	1.4946560832058502
135616	1.1957248665646802
135648	2.9893121664117004
135680	1.1957248665646802
135712	0.29893121664117006
135744	1.7935872998470204
135776	1.4946560832058502
135808	1.7935872998470204
135840	2.3914497331293605
135872	2.3914497331293605
135904	1.7935872998470204
135936	1.7935872998470204
135968	1.4946560832058502
136000	1.7935872998470204
136032	1.4946560832058502
136064	2.0925185164881905
136096	0.8967936499235102
136128	0.8967936499235102
136160	1.4946560832058502
136192	2.0925185164881905
136224	1.1957248665646802
136256	2.6903809497705304
136288	2.9893121664117004
136320	2.0925185164881905
136352	1.7935872998470204
136384	1.7935872998470204
136416	1.7935872998470204
136448	2.3914497331293605
136480	2.6903809497705304
136512	1.4946560832058502
136544	1.1957248665646802
136576	1.4946560832058502
136608	1.4946560832058502
136640	2.0925185164881905
136672	1.7935872998470204
136704	1.1957248665646802
136736	2.3914497331293605
136768	2.0925185164881905
136800	1.7935872998470204
136832	1.4946560832058502
136864	2.0925185164881905
136896	0.5978624332823401
136928	0.8967936499235102
136960	1.7935872998470204
136992	1.1957248665646802
137024	2.0925185164881905
137056	0.8967936499235102
137088	1.7935872998470204
137120	0.5978624332823401
137152	3.288243383052871
137184	1.7935872998470204
137216	1.1957248665646802
137248	0.5978624332823401
137280	3.288243383052871
137312	1.7935872998470204
137344	1.7935872998470204
137376	3.288243383052871
137408	1.4946560832058502
137440	0.8967936499235102
137472	0.8967936499235102
137504	2.0925185164881905
137536	1.7935872998470204
137568	2.3914497331293605
137600	0.29893121664117006
137632	0.5978624332823401
137664	1.4946560832058502
137696	2.9893121664117004
137728	2.3914497331293605
137760	2.6903809497705304
137792	1.4946560832058502
137824	2.3914497331293605
137856	2.6903809497705304
137888	2.0925185164881905
137920	1.7935872998470204
137952	3.288243383052871
137984	1.4946560832058502
138016	0.29893121664117006
138048	0.29893121664117006
138080	1.1957248665646802
138112	2.3914497331293605
138144	1.7935872998470204
138176	3.5871745996940407
138208	2.0925185164881905
138240	0.8967936499235102
138272	2.0925185164881905
138304	0.29893121664117006
138336	2.9893121664117004
138368	1.7935872998470204
138400	2.0925185164881905
138432	0.8967936499235102
138464	1.1957248665646802
138496	1.7935872998470204
138528	2.9893121664117004
138560	0.5978624332823401
138592	1.1957248665646802
138624	2.6903809497705304
138656	1.1957248665646802
138688	2.0925185164881905
138720	1.1957248665646802
138752	1.1957248665646802
138784	2.0925185164881905
138816	2.6903809497705304
138848	0.5978624332823401
138880	1.7935872998470204
138912	1.7935872998470204
138944	2.6903809497705304
138976	2.9893121664117004
139008	1.1957248665646802
139040	0.8967936499235102
139072	0.5978624332823401
139104	1.1957248665646802
139136	0.8967936499235102
139168	2.6903809497705304
139200	1.1957248665646802
139232	2.0925185164881905
139264	2.6903809497705304
139296	2.3914497331293605
139328	1.7935872998470204
139360	2.6903809497705304
139392	2.6903809497705304
139424	1.4946560832058502
139456	1.7935872998470204
139488	1.1957248665646802
139520	0.8967936499235102
139552	0.8967936499235102
139584	2.0925185164881905
139616	1.4946560832058502
139648	1.1957248665646802
139680	3.5871745996940407
139712	1.7935872998470204
139744	0.8967936499235102
139776	0.8967936499235102
139808	0.8967936499235102
139840	2.6903809497705304
139872	1.7935872998470204
139904	1.1957248665646802
139936	1.7935872998470204
139968	1.7935872998470204
140000	1.7935872998470204
140032	2.9893121664117004
140064	2.0925185164881905
140096	0.5978624332823401
140128	2.6903809497705304
140160	1.4946560832058502
140192	1.1957248665646802
140224	1.1957248665646802
140256	0.8967936499235102
140288	2.0925185164881905
140320	1.7935872998470204
140352	0.5978624332823401
140384	1.1957248665646802
140416	1.4946560832058502
140448	2.0925185164881905
140480	1.4946560832058502
140512	1.1957248665646802
140544	1.4946560832058502
140576	1.7935872998470204
140608	1.7935872998470204
140640	1.4946560832058502
140672	0.8967936499235102
140704	2.6903809497705304
140736	2.3914497331293605
140768	1.4946560832058502
140800	0.8967936499235102
140832	2.6903809497705304
140864	1.1957248665646802
140896	0.5978624332823401
140928	1.1957248665646802
140960	1.1957248665646802
140992	0.5978624332823401
141024	2.0925185164881905
141056	1.1957248665646802
141088	0.29893121664117006
141120	1.7935872998470204
141152	1.1957248665646802
141184	1.1957248665646802
141216	0.8967936499235102
141248	2.0925185164881905
141280	2.6903809497705304
141312	3.288243383052871
141344	1.7935872998470204
141376	1.4946560832058502
141408	1.4946560832058502
141440	2.9893121664117004
141472	1.7935872998470204
141504	2.3914497331293605
141536	3.5871745996940407
141568	1.7935872998470204
141600	1.4946560832058502
141632	1.1957248665646802
141664	0.29893121664117006
141696	1.4946560832058502
141728	1.1957248665646802
141760	2.6903809497705304
141792	1.4946560832058502
141824	2.0925185164881905
141856	2.3914497331293605
141888	0.5978624332823401
141920	2.0925185164881905
141952	1.7935872998470204
141984	2.0925185164881905
142016	1.4946560832058502
142048	2.6903809497705304
142080	1.1957248665646802
142112	1.4946560832058502
142144	0.29893121664117006
142176	2.0925185164881905
142208	1.4946560832058502
142240	1.4946560832058502
142272	1.4946560832058502
142304	0.8967936499235102
142336	1.7935872998470204
142368	2.0925185164881905
142400	1.4946560832058502
142432	1.7935872998470204
142464	2.0925185164881905
142496	0.8967936499235102
142528	1.1957248665646802
142560	2.3914497331293605
142592	1.7935872998470204
142624	2.3914497331293605
142656	1.4946560832058502
142688	2.3914497331293605
142720	3.288243383052871
142752	1.1957248665646802
142784	2.3914497331293605
142816	1.4946560832058502
142848	1.1957248665646802
142880	2.3914497331293605
142912	2.3914497331293605
142944	1.1957248665646802
142976	2.6903809497705304
143008	4.185037032976381
143040	0.8967936499235102
143072	2.9893121664117004
143104	1.1957248665646802
143136	1.4946560832058502
143168	2.3914497331293605
143200	4.185037032976381
143232	1.1957248665646802
143264	1.1957248665646802
143296	2.9893121664117004
143328	1.4946560832058502
143360	1.4946560832058502
143392	0.5978624332823401
143424	1.7935872998470204
143456	1.7935872998470204
143488	2.6903809497705304
143520	1.1957248665646802
143552	2.6903809497705304
143584	1.1957248665646802
143616	1.4946560832058502
143648	2.9893121664117004
143680	2.0925185164881905
143712	1.7935872998470204
143744	1.1957248665646802
143776	2.0925185164881905
143808	2.0925185164881905
143840	3.288243383052871
143872	0.29893121664117006
143904	2.3914497331293605
143936	1.4946560832058502
143968	0.5978624332823401
144000	2.6903809497705304
144032	1.1957248665646802
144064	2.0925185164881905
144096	0.8967936499235102
144128	2.9893121664117004
144160	2.9893121664117004
144192	1.7935872998470204
144224	2.0925185164881905
144256	1.7935872998470204
144288	2.3914497331293605
144320	0.5978624332823401
144352	1.7935872998470204
144384	1.4946560832058502
144416	2.3914497331293605
144448	1.1957248665646802
144480	1.4946560832058502
144512	3.8861058163352107
144544	2.0925185164881905
144576	0.8967936499235102
144608	0.8967936499235102
144640	3.288243383052871
144672	1.1957248665646802
144704	2.0925185164881905
144736	1.7935872998470204
144768	1.7935872998470204
144800	1.1957248665646802
144832	0.5978624332823401
144864	2.9893121664117004
144896	1.4946560832058502
144928	2.0925185164881905
144960	1.7935872998470204
144992	1.1957248665646802
145024	1.1957248665646802
145056	2.6903809497705304
145088	1.4946560832058502
145120	1.4946560832058502
145152	1.4946560832058502
145184	2.0925185164881905
145216	2.0925185164881905
145248	1.4946560832058502
145280	1.1957248665646802
145312	3.288243383052871
145344	2.0925185164881905
145376	2.0925185164881905
145408	1.4946560832058502
145440	1.4946560832058502
145472	1.7935872998470204
145504	1.7935872998470204
145536	3.288243383052871
145568	1.7935872998470204
145600	0.8967936499235102
145632	1.4946560832058502
145664	2.0925185164881905
145696	1.1957248665646802
145728	0.5978624332823401
145760	1.4946560832058502
145792	1.1957248665646802
145824	1.7935872998470204
145856	2.0925185164881905
145888	2.0925185164881905
145920	1.4946560832058502
145952	2.0925185164881905
145984	1.7935872998470204
146016	2.6903809497705304
146048	2.3914497331293605
146080	1.1957248665646802
146112	2.0925185164881905
146144	3.288243383052871
146176	2.9893121664117004
146208	1.7935872998470204
146240	0.8967936499235102
146272	0.8967936499235102
146304	0.8967936499235102
146336	0.5978624332823401
146368	1.1957248665646802
146400	1.4946560832058502
146432	1.4946560832058502
146464	0.8967936499235102
146496	0.8967936499235102
146528	2.3914497331293605
146560	1.7935872998470204
146592	2.6903809497705304
146624	2.3914497331293605
146656	0.5978624332823401
146688	1.7935872998470204
146720	1.4946560832058502
146752	1.4946560832058502
146784	1.1957248665646802
146816	1.1957248665646802
146848	3.288243383052871
146880	2.0925185164881905
146912	1.1957248665646802
146944	1.1957248665646802
146976	2.3914497331293605
147008	0.5978624332823401
147040	0.5978624332823401
147072	1.7935872998470204
147104	1.1957248665646802
147136	2.9893121664117004
147168	1.4946560832058502
147200	2.0925185164881905
147232	0.5978624332823401
147264	1.1957248665646802
147296	0.8967936499235102
147328	1.7935872998470204
147360	1.1957248665646802
147392	0.5978624332823401
147424	1.4946560832058502
147456	0.8967936499235102
147488	1.4946560832058502
147520	0.8967936499235102
147552	2.0925185164881905
147584	2.0925185164881905
147616	2.3914497331293605
147648	1.1957248665646802
147680	2.6903809497705304
147712	0.8967936499235102
147744	1.7935872998470204
147776	2.0925185164881905
147808	1.4946560832058502
147840	2.3914497331293605
147872	0.8967936499235102
147904	3.288243383052871
147936	2.0925185164881905
147968	2.3914497331293605
148000	1.1957248665646802
148032	1.1957248665646802
148064	2.0925185164881905
148096	1.1957248665646802
148128	2.3914497331293605
148160	0.5978624332823401
148192	2.9893121664117004
148224	1.4946560832058502
148256	1.1957248665646802
148288	2.0925185164881905
148320	2.9893121664117004
148352	1.1957248665646802
148384	1.1957248665646802
148416	1.1957248665646802
148448	2.3914497331293605
148480	4.185037032976381
148512	1.4946560832058502
148544	0.5978624332823401
148576	1.4946560832058502
148608	1.4946560832058502
148640	0.8967936499235102
148672	2.0925185164881905
148704	0.8967936499235102
148736	2.6903809497705304
148768	2.3914497331293605
148800	1.7935872998470204
148832	2.0925185164881905
148864	0.29893121664117006
148896	1.1957248665646802
148928	1.4946560832058502
148960	2.6903809497705304
148992	2.3914497331293605
149024	1.7935872998470204
149056	2.0925185164881905
149088	1.4946560832058502
149120	0.5978624332823401
149152	1.4946560832058502
149184	1.1957248665646802
149216	2.0925185164881905
149248	2.0925185164881905
149280	0.8967936499235102
149312	0.8967936499235102
149344	1.4946560832058502
149376	0.8967936499235102
149408	1.7935872998470204
149440	1.4946560832058502
149472	2.3914497331293605
149504	1.1957248665646802
149536	1.7935872998470204
149568	0.8967936499235102
149600	2.0925185164881905
149632	1.1957248665646802
149664	2.9893121664117004
149696	1.7935872998470204
149728	2.6903809497705304
149760	1.7935872998470204
149792	0.29893121664117006
149824	2.3914497331293605
149856	1.7935872998470204
149888	1.1957248665646802
149920	2.3914497331293605
149952	1.1957248665646802
149984	1.1957248665646802
150016	2.0925185164881905
150048	1.7935872998470204
150080	1.7935872998470204
150112	2.0925185164881905
150144	1.4946560832058502
150176	1.4946560832058502
150208	0.5978624332823401
150240	1.4946560832058502
150272	1.4946560832058502
150304	1.4946560832058502
150336	2.6903809497705304
150368	1.1957248665646802
150400	0.8967936499235102
150432	1.4946560832058502
150464	1.1957248665646802
150496	1.7935872998470204
150528	0.5978624332823401
150560	2.3914497331293605
150592	1.4946560832058502
150624	2.0925185164881905
150656	2.0925185164881905
150688	2.0925185164881905
150720	0.8967936499235102
150752	2.3914497331293605
150784	1.1957248665646802
150816	1.4946560832058502
150848	1.7935872998470204
150880	0.8967936499235102
150912	1.4946560832058502
150944	1.4946560832058502
150976	2.9893121664117004
151008	2.0925185164881905
151040	2.9893121664117004
151072	1.7935872998470204
151104	1.1957248665646802
151136	0.5978624332823401
151168	1.4946560832058502
151200	1.1957248665646802
151232	1.4946560832058502
151264	0.8967936499235102
151296	1.7935872998470204
151328	0.8967936499235102
151360	1.1957248665646802
151392	0.5978624332823401
151424	2.0925185164881905
151456	1.1957248665646802
151488	1.7935872998470204
151520	2.3914497331293605
151552	2.0925185164881905
151584	1.7935872998470204
151616	2.0925185164881905
151648	0.5978624332823401
151680	1.4946560832058502
151712	0.8967936499235102
151744	2.6903809497705304
151776	1.4946560832058502
151808	0.5978624332823401
151840	0.8967936499235102
151872	2.0925185164881905
151904	1.4946560832058502
151936	2.0925185164881905
151968	1.4946560832058502
152000	1.7935872998470204
152032	3.288243383052871
152064	2.3914497331293605
152096	2.3914497331293605
152128	1.7935872998470204
152160	0.5978624332823401
152192	1.1957248665646802
152224	1.7935872998470204
152256	0.5978624332823401
152288	3.288243383052871
152320	1.7935872998470204
152352	2.3914497331293605
152384	2.6903809497705304
152416	1.1957248665646802
152448	0.5978624332823401
152480	1.1957248665646802
152512	1.1957248665646802
152544	1.4946560832058502
152576	2.6903809497705304
152608	2.3914497331293605
152640	0.5978624332823401
152672	2.9893121664117004
152704	1.7935872998470204
152736	1.1957248665646802
152768	1.1957248665646802
152800	1.1957248665646802
152832	1.1957248665646802
152864	2.3914497331293605
152896	1.1957248665646802
152928	1.1957248665646802
152960	0.5978624332823401
152992	0.8967936499235102
153024	2.0925185164881905
153056	0.5978624332823401
153088	1.7935872998470204
153120	1.4946560832058502
153152	1.4946560832058502
153184	3.8861058163352107
153216	1.4946560832058502
153248	1.4946560832058502
153280	1.1957248665646802
153312	1.4946560832058502
153344	1.7935872998470204
153376	2.6903809497705304
153408	1.7935872998470204
153440	2.3914497331293605
153472	1.4946560832058502
153504	1.4946560832058502
153536	1.4946560832058502
153568	0.8967936499235102
153600	2.9893121664117004
153632	0.8967936499235102
153664	1.7935872998470204
153696	2.6903809497705304
153728	2.6903809497705304
153760	2.6903809497705304
153792	0.8967936499235102
153824	2.6903809497705304
153856	0.8967936499235102
153888	2.6903809497705304
153920	0.8967936499235102
153952	0.8967936499235102
153984	1.7935872998470204
154016	1.7935872998470204
154048	1.7935872998470204
154080	1.1957248665646802
154112	1.1957248665646802
154144	2.3914497331293605
154176	1.4946560832058502
154208	1.7935872998470204
154240	1.7935872998470204
154272	1.4946560832058502
154304	1.7935872998470204
154336	1.1957248665646802
154368	1.7935872998470204
154400	0.8967936499235102
154432	0.5978624332823401
154464	2.0925185164881905
154496	1.4946560832058502
154528	1.7935872998470204
154560	1.1957248665646802
154592	2.3914497331293605
154624	0.5978624332823401
154656	1.1957248665646802
154688	2.3914497331293605
154720	1.4946560832058502
154752	0.5978624332823401
154784	2.3914497331293605
154816	2.9893121664117004
154848	2.9893121664117004
154880	1.4946560832058502
154912	1.7935872998470204
154944	2.3914497331293605
154976	1.1957248665646802
155008	2.3914497331293605
155040	1.4946560832058502
155072	1.1957248665646802
155104	2.0925185164881905
155136	2.9893121664117004
155168	2.6903809497705304
155200	0.8967936499235102
155232	1.4946560832058502
155264	1.1957248665646802
155296	2.0925185164881905
155328	1.7935872998470204
155360	2.0925185164881905
155392	0.8967936499235102
155424	2.3914497331293605
155456	2.3914497331293605
155488	1.7935872998470204
155520	1.7935872998470204
155552	1.7935872998470204
155584	0.29893121664117006
155616	1.7935872998470204
155648	2.0925185164881905
155680	2.3914497331293605
155712	0.8967936499235102
155744	1.1957248665646802
155776	2.3914497331293605
155808	2.3914497331293605
155840	1.7935872998470204
155872	1.4946560832058502
155904	1.7935872998470204
155936	1.4946560832058502
155968	0.5978624332823401
156000	0.5978624332823401
156032	0.5978624332823401
156064	0.8967936499235102
156096	1.4946560832058502
156128	1.4946560832058502
156160	1.1957248665646802
156192	0.8967936499235102
156224	2.3914497331293605
156256	1.7935872998470204
156288	1.7935872998470204
156320	0.29893121664117006
156352	0.8967936499235102
156384	1.4946560832058502
156416	2.0925185164881905
156448	2.3914497331293605
156480	3.288243383052871
156512	2.3914497331293605
156544	3.288243383052871
156576	2.9893121664117004
156608	1.4946560832058502
156640	2.3914497331293605
156672	2.0925185164881905
156704	2.0925185164881905
156736	1.7935872998470204
156768	3.288243383052871
156800	2.3914497331293605
156832	0.5978624332823401
156864	0.29893121664117006
156896	1.4946560832058502
156928	2.3914497331293605
156960	1.1957248665646802
156992	2.6903809497705304
157024	2.3914497331293605
157056	1.4946560832058502
157088	1.4946560832058502
157120	1.1957248665646802
157152	2.0925185164881905
157184	1.4946560832058502
157216	1.7935872998470204
157248	2.0925185164881905
157280	2.3914497331293605
157312	1.4946560832058502
157344	2.0925185164881905
157376	1.7935872998470204
157408	2.0925185164881905
157440	1.7935872998470204
157472	0.8967936499235102
157504	0.8967936499235102
157536	0.8967936499235102
157568	2.3914497331293605
157600	3.5871745996940407
157632	0.8967936499235102
157664	1.4946560832058502
157696	1.4946560832058502
157728	1.1957248665646802
157760	1.4946560832058502
157792	0.5978624332823401
157824	0.5978624332823401
157856	0.8967936499235102
157888	2.0925185164881905
157920	2.9893121664117004
157952	0.29893121664117006
157984	2.3914497331293605
158016	1.7935872998470204
158048	1.7935872998470204
158080	1.4946560832058502
158112	1.4946560832058502
158144	1.1957248665646802
158176	1.7935872998470204
158208	1.4946560832058502
158240	2.0925185164881905
158272	2.3914497331293605
158304	1.4946560832058502
158336	3.5871745996940407
158368	3.288243383052871
158400	0.5978624332823401
158432	2.0925185164881905
158464	2.3914497331293605
158496	1.7935872998470204
158528	0.8967936499235102
158560	1.4946560832058502
158592	1.4946560832058502
158624	1.1957248665646802
158656	2.3914497331293605
158688	2.6903809497705304
158720	1.1957248665646802
158752	1.4946560832058502
158784	1.1957248665646802
158816	2.3914497331293605
158848	0.8967936499235102
158880	1.1957248665646802
158912	2.0925185164881905
158944	0.5978624332823401
158976	1.4946560832058502
159008	2.0925185164881905
159040	2.0925185164881905
159072	0.8967936499235102
159104	1.7935872998470204
159136	0.8967936499235102
159168	1.1957248665646802
159200	1.1957248665646802
159232	1.4946560832058502
159264	2.0925185164881905
159296	2.0925185164881905
159328	1.1957248665646802
159360	1.4946560832058502
159392	0.5978624332823401
159424	0.5978624332823401
159456	5.081830682899891
159488	1.7935872998470204
159520	2.0925185164881905
159552	1.1957248665646802
159584	0.5978624332823401
159616	1.1957248665646802
159648	0.8967936499235102
159680	1.4946560832058502
159712	2.6903809497705304
159744	2.0925185164881905
159776	2.3914497331293605
159808	1.7935872998470204
159840	1.4946560832058502
159872	2.3914497331293605
159904	2.3914497331293605
159936	2.6903809497705304
159968	2.3914497331293605
160000	1.7935872998470204
160032	0.8967936499235102
160064	0.8967936499235102
160096	0.8967936499235102
160128	0.8967936499235102
160160	0.8967936499235102
160192	1.1957248665646802
160224	2.0925185164881905
160256	1.7935872998470204
160288	1.1957248665646802
160320	2.9893121664117004
160352	1.7935872998470204
160384	2.3914497331293605
160416	1.7935872998470204
160448	2.3914497331293605
160480	2.0925185164881905
160512	1.4946560832058502
160544	2.0925185164881905
160576	1.7935872998470204
160608	0.8967936499235102
160640	2.3914497331293605
160672	3.288243383052871
160704	0.8967936499235102
160736	2.6903809497705304
160768	1.1957248665646802
160800	2.0925185164881905
160832	2.0925185164881905
160864	2.0925185164881905
160896	1.7935872998470204
160928	1.7935872998470204
160960	1.4946560832058502
160992	2.6903809497705304
161024	1.1957248665646802
161056	1.4946560832058502
161088	1.7935872998470204
161120	1.7935872998470204
161152	1.4946560832058502
161184	0.8967936499235102
161216	1.7935872998470204
161248	2.6903809497705304
161280	2.3914497331293605
161312	2.3914497331293605
161344	1.4946560832058502
161376	2.0925185164881905
161408	0.5978624332823401
161440	1.4946560832058502
161472	1.1957248665646802
161504	3.288243383052871
161536	1.4946560832058502
161568	1.1957248665646802
161600	2.3914497331293605
161632	2.3914497331293605
161664	1.1957248665646802
161696	1.4946560832058502
161728	1.4946560832058502
161760	0.8967936499235102
161792	1.1957248665646802
161824	1.7935872998470204
161856	1.4946560832058502
161888	2.0925185164881905
161920	2.3914497331293605
161952	2.0925185164881905
161984	1.7935872998470204
162016	0.5978624332823401
162048	1.1957248665646802
162080	0
162112	1.1957248665646802
162144	1.7935872998470204
162176	1.1957248665646802
162208	1.1957248665646802
162240	1.1957248665646802
162272	1.4946560832058502
162304	2.0925185164881905
162336	1.7935872998470204
162368	1.1957248665646802
162400	0.5978624332823401
162432	2.0925185164881905
162464	1.4946560832058502
162496	2.6903809497705304
162528	2.9893121664117004
162560	1.7935872998470204
162592	1.1957248665646802
162624	2.3914497331293605
162656	2.3914497331293605
162688	0.8967936499235102
162720	0.5978624332823401
162752	0.5978624332823401
162784	2.0925185164881905
162816	2.0925185164881905
162848	0.8967936499235102
162880	1.4946560832058502
162912	2.0925185164881905
162944	2.0925185164881905
162976	2.3914497331293605
163008	1.4946560832058502
163040	2.6903809497705304
163072	0.5978624332823401
163104	2.6903809497705304
163136	2.6903809497705304
163168	1.4946560832058502
163200	0.8967936499235102
163232	1.7935872998470204
163264	1.7935872998470204
163296	1.1957248665646802
163328	1.4946560832058502
163360	0.8967936499235102
163392	1.4946560832058502
163424	2.0925185164881905
163456	1.7935872998470204
163488	1.7935872998470204
163520	2.0925185164881905
163552	0.8967936499235102
163584	2.0925185164881905
163616	1.7935872998470204
163648	0.8967936499235102
163680	0.5978624332823401
163712	1.1957248665646802
163744	1.7935872998470204
163776	1.1957248665646802
163808	2.3914497331293605
163840	0.8967936499235102
163872	1.7935872998470204
163904	2.6903809497705304
163936	3.288243383052871
163968	1.1957248665646802
164000	1.7935872998470204
164032	1.4946560832058502
164064	2.3914497331293605
164096	3.5871745996940407
164128	1.4946560832058502
164160	2.3914497331293605
164192	2.3914497331293605
164224	0.5978624332823401
164256	1.7935872998470204
164288	1.7935872998470204
164320	2.6903809497705304
164352	3.288243383052871
164384	1.4946560832058502
164416	1.7935872998470204
164448	1.4946560832058502
164480	1.1957248665646802
164512	3.8861058163352107
164544	1.1957248665646802
164576	2.0925185164881905
164608	2.6903809497705304
164640	2.3914497331293605
164672	1.1957248665646802
164704	1.1957248665646802
164736	1.7935872998470204
164768	1.7935872998470204
164800	0.5978624332823401
164832	1.4946560832058502
164864	2.3914497331293605
164896	1.4946560832058502
164928	0.8967936499235102
164960	1.4946560832058502
164992	1.4946560832058502
165024	0.8967936499235102
165056	1.4946560832058502
165088	2.0925185164881905
165120	2.6903809497705304
165152	1.1957248665646802
165184	0.8967936499235102
165216	1.4946560832058502
165248	2.0925185164881905
165280	2.6903809497705304
165312	1.7935872998470204
165344	1.4946560832058502
165376	0.5978624332823401
165408	0.29893121664117006
165440	1.1957248665646802
165472	2.0925185164881905
165504	1.7935872998470204
165536	1.4946560832058502
165568	2.3914497331293605
165600	2.0925185164881905
165632	2.9893121664117004
165664	1.7935872998470204
165696	0.8967936499235102
165728	1.4946560832058502
165760	1.4946560832058502
165792	2.9893121664117004
165824	0.5978624332823401
165856	0.29893121664117006
165888	1.7935872998470204
165920	2.0925185164881905
165952	1.4946560832058502
165984	1.1957248665646802
166016	1.7935872998470204
166048	2.6903809497705304
166080	1.7935872998470204
166112	1.4946560832058502
166144	1.7935872998470204
166176	1.4946560832058502
166208	2.0925185164881905
166240	2.3914497331293605
166272	1.7935872998470204
166304	1.7935872998470204
166336	1.1957248665646802
166368	2.3914497331293605
166400	0.29893121664117006
166432	1.1957248665646802
166464	1.7935872998470204
166496	2.6903809497705304
166528	2.3914497331293605
166560	0.8967936499235102
166592	4.483968249617551
166624	1.4946560832058502
166656	1.1957248665646802
166688	2.0925185164881905
166720	1.1957248665646802
166752	1.4946560832058502
166784	2.0925185164881905
166816	0.5978624332823401
166848	1.1957248665646802
166880	1.4946560832058502
166912	2.3914497331293605
166944	2.0925185164881905
166976	1.4946560832058502
167008	1.1957248665646802
167040	2.9893121664117004
167072	0.8967936499235102
167104	2.0925185164881905
167136	1.1957248665646802
167168	1.4946560832058502
167200	0.5978624332823401
167232	1.7935872998470204
167264	2.3914497331293605
167296	2.0925185164881905
167328	2.6903809497705304
167360	1.1957248665646802
167392	2.0925185164881905
167424	0.29893121664117006
167456	1.4946560832058502
167488	1.4946560832058502
167520	1.4946560832058502
167552	2.0925185164881905
167584	2.0925185164881905
167616	1.7935872998470204
167648	2.0925185164881905
167680	2.9893121664117004
167712	1.4946560832058502
167744	0.8967936499235102
167776	2.3914497331293605
167808	2.3914497331293605
167840	0.5978624332823401
167872	0.8967936499235102
167904	1.7935872998470204
167936	3.288243383052871
167968	2.3914497331293605
168000	1.4946560832058502
168032	2.9893121664117004
168064	1.1957248665646802
168096	0.8967936499235102
168128	1.4946560832058502
168160	1.7935872998470204
168192	2.0925185164881905
168224	2.6903809497705304
168256	2.3914497331293605
168288	1.7935872998470204
168320	2.3914497331293605
168352	2.0925185164881905
168384	0.8967936499235102
168416	1.4946560832058502
168448	2.6903809497705304
168480	2.3914497331293605
168512	2.0925185164881905
168544	0.29893121664117006
168576	2.9893121664117004
168608	0.5978624332823401
168640	2.0925185164881905
168672	0.29893121664117006
168704	1.1957248665646802
168736	2.3914497331293605
168768	2.0925185164881905
168800	1.7935872998470204
168832	0.8967936499235102
168864	1.1957248665646802
168896	2.0925185164881905
168928	2.0925185164881905
168960	1.1957248665646802
168992	1.4946560832058502
169024	1.7935872998470204
169056	2.3914497331293605
169088	1.7935872998470204
169120	2.0925185164881905
169152	1.7935872998470204
169184	1.7935872998470204
169216	0.8967936499235102
169248	1.7935872998470204
169280	2.0925185164881905
169312	1.1957248665646802
169344	0.8967936499235102
169376	1.4946560832058502
169408	2.6903809497705304
169440	2.0925185164881905
169472	1.4946560832058502
169504	1.7935872998470204
169536	2.3914497331293605
169568	1.1957248665646802
169600	1.4946560832058502
169632	1.1957248665646802
169664	0.5978624332823401
169696	0.8967936499235102
169728	1.7935872998470204
169760	1.1957248665646802
169792	0.5978624332823401
169824	2.9893121664117004
169856	2.0925185164881905
169888	2.3914497331293605
169920	1.7935872998470204
169952	2.0925185164881905
169984	1.1957248665646802
170016	2.3914497331293605
170048	1.7935872998470204
170080	0.5978624332823401
170112	1.4946560832058502
170144	2.9893121664117004
170176	1.1957248665646802
170208	2.6903809497705304
170240	1.1957248665646802
170272	1.7935872998470204
170304	0.8967936499235102
170336	2.0925185164881905
170368	2.0925185164881905
170400	1.4946560832058502
170432	1.4946560832058502
170464	2.0925185164881905
170496	1.1957248665646802
170528	2.0925185164881905
170560	2.6903809497705304
170592	1.4946560832058502
170624	3.288243383052871
170656	2.6903809497705304
170688	2.3914497331293605
170720	0.8967936499235102
170752	2.6903809497705304
170784	2.6903809497705304
170816	2.3914497331293605
170848	1.1957248665646802
170880	2.3914497331293605
170912	1.7935872998470204
170944	2.3914497331293605
170976	1.4946560832058502
171008	3.288243383052871
171040	2.0925185164881905
171072	0.5978624332823401
171104	1.4946560832058502
171136	2.3914497331293605
171168	2.6903809497705304
171200	0.29893121664117006
171232	1.4946560832058502
171264	1.4946560832058502
171296	1.1957248665646802
171328	2.3914497331293605
171360	0.8967936499235102
171392	1.7935872998470204
171424	1.7935872998470204
171456	0.8967936499235102
171488	1.4946560832058502
171520	3.288243383052871
171552	0.8967936499235102
171584	1.4946560832058502
171616	1.4946560832058502
171648	2.3914497331293605
171680	0.5978624332823401
171712	1.4946560832058502
171744	1.1957248665646802
171776	1.4946560832058502
171808	2.6903809497705304
171840	1.1957248665646802
171872	1.4946560832058502
171904	1.4946560832058502
171936	2.6903809497705304
171968	2.3914497331293605
172000	2.0925185164881905
172032	1.4946560832058502
172064	1.7935872998470204
172096	1.4946560832058502
172128	1.7935872998470204
172160	1.7935872998470204
172192	3.288243383052871
172224	0.8967936499235102
172256	1.7935872998470204
172288	1.7935872998470204
172320	3.288243383052871
172352	1.4946560832058502
172384	1.1957248665646802
172416	2.3914497331293605
172448	2.0925185164881905
172480	1.1957248665646802
172512	2.3914497331293605
172544	0.29893121664117006
172576	2.3914497331293605
172608	2.0925185164881905
172640	3.288243383052871
172672	1.7935872998470204
172704	1.1957248665646802
172736	1.1957248665646802
172768	1.1957248665646802
172800	2.0925185164881905
172832	1.4946560832058502
172864	1.7935872998470204
172896	1.4946560832058502
172928	2.0925185164881905
172960	0.8967936499235102
172992	1.4946560832058502
173024	1.7935872998470204
173056	1.4946560832058502
173088	1.7935872998470204
173120	1.4946560832058502
173152	1.7935872998470204
173184	0.8967936499235102
173216	1.7935872998470204
173248	3.8861058163352107
173280	1.7935872998470204
173312	1.7935872998470204
173344	1.1957248665646802
173376	2.3914497331293605
173408	1.1957248665646802
173440	1.1957248665646802
173472	2.0925185164881905
173504	1.1957248665646802
173536	1.4946560832058502
173568	1.7935872998470204
173600	1.4946560832058502
173632	1.1957248665646802
173664	1.7935872998470204
173696	1.7935872998470204
173728	0.8967936499235102
173760	2.6903809497705304
173792	1.7935872998470204
173824	1.4946560832058502
173856	0.5978624332823401
173888	1.1957248665646802
173920	2.3914497331293605
173952	2.3914497331293605
173984	2.0925185164881905
174016	1.7935872998470204
174048	2.3914497331293605
174080	1.7935872998470204
174112	0.5978624332823401
174144	1.1957248665646802
174176	2.9893121664117004
174208	1.4946560832058502
174240	0.8967936499235102
174272	1.7935872998470204
174304	1.4946560832058502
174336	0.5978624332823401
174368	0.8967936499235102
174400	2.3914497331293605
174432	2.0925185164881905
174464	1.1957248665646802
174496	1.1957248665646802
174528	0.8967936499235102
174560	2.0925185164881905
174592	1.7935872998470204
174624	1.7935872998470204
174656	1.7935872998470204
174688	1.7935872998470204
174720	1.4946560832058502
174752	1.4946560832058502
174784	2.0925185164881905
174816	1.7935872998470204
174848	2.3914497331293605
174880	0.8967936499235102
174912	1.4946560832058502
174944	1.4946560832058502
174976	1.1957248665646802
175008	0.8967936499235102
175040	1.1957248665646802
175072	2.3914497331293605
175104	1.4946560832058502
175136	1.4946560832058502
175168	1.1957248665646802
175200	3.5871745996940407
175232	0.29893121664117006
175264	0.8967936499235102
175296	1.1957248665646802
175328	2.0925185164881905
175360	1.7935872998470204
175392	2.0925185164881905
175424	1.1957248665646802
175456	3.288243383052871
175488	2.3914497331293605
175520	2.0925185164881905
175552	0.5978624332823401
175584	1.1957248665646802
175616	2.0925185164881905
175648	2.0925185164881905
175680	2.3914497331293605
175712	2.6903809497705304
175744	1.7935872998470204
175776	2.0925185164881905
175808	1.4946560832058502
175840	0.8967936499235102
175872	0.5978624332823401
175904	1.1957248665646802
175936	1.4946560832058502
175968	1.4946560832058502
176000	0.5978624332823401
176032	1.7935872998470204
176064	2.3914497331293605
176096	1.4946560832058502
176128	2.0925185164881905
176160	1.1957248665646802
176192	0.8967936499235102
176224	2.0925185164881905
176256	1.4946560832058502
176288	2.9893121664117004
176320	2.0925185164881905
176352	0.29893121664117006
176384	2.3914497331293605
176416	1.7935872998470204
176448	0.8967936499235102
176480	0.5978624332823401
176512	2.0925185164881905
176544	2.3914497331293605
176576	1.7935872998470204
176608	1.7935872998470204
176640	1.7935872998470204
176672	1.4946560832058502
176704	2.3914497331293605
176736	1.7935872998470204
176768	2.0925185164881905
176800	2.3914497331293605
176832	1.4946560832058502
176864	0.8967936499235102
176896	1.4946560832058502
176928	1.7935872998470204
176960	3.288243383052871
176992	1.1957248665646802
177024	1.1957248665646802
177056	1.1957248665646802
177088	0.5978624332823401
177120	1.1957248665646802
177152	1.1957248665646802
177184	1.1957248665646802
177216	0.5978624332823401
177248	2.0925185164881905
177280	1.7935872998470204
177312	2.0925185164881905
177344	0.8967936499235102
177376	0.5978624332823401
177408	2.6903809497705304
177440	1.1957248665646802
177472	1.1957248665646802
177504	2.0925185164881905
177536	2.3914497331293605
177568	2.6903809497705304
177600	1.1957248665646802
177632	1.7935872998470204
177664	2.6903809497705304
177696	1.4946560832058502
177728	1.7935872998470204
177760	1.7935872998470204
177792	2.3914497331293605
177824	4.483968249617551
177856	2.3914497331293605
177888	3.8861058163352107
177920	1.7935872998470204
177952	2.3914497331293605
177984	1.1957248665646802
178016	1.7935872998470204
178048	2.3914497331293605
178080	2.0925185164881905
178112	2.0925185164881905
178144	0.8967936499235102
178176	2.9893121664117004
178208	2.0925185164881905
178240	2.0925185164881905
178272	2.0925185164881905
178304	1.4946560832058502
178336	1.4946560832058502
178368	1.4946560832058502
178400	3.288243383052871
178432	1.7935872998470204
178464	1.7935872998470204
178496	1.1957248665646802
178528	2.0925185164881905
178560	0.8967936499235102
178592	0.8967936499235102
178624	2.6903809497705304
178656	1.4946560832058502
178688	2.3914497331293605
178720	1.7935872998470204
178752	2.3914497331293605
178784	2.0925185164881905
178816	0.8967936499235102
178848	2.0925185164881905
178880	1.7935872998470204
178912	1.7935872998470204
178944	2.6903809497705304
178976	1.4946560832058502
179008	1.1957248665646802
179040	2.6903809497705304
179072	2.3914497331293605
179104	1.4946560832058502
179136	1.1957248665646802
179168	0.5978624332823401
179200	1.4946560832058502
179232	1.7935872998470204
179264	2.3914497331293605
179296	0.8967936499235102
179328	1.4946560832058502
179360	1.7935872998470204
179392	2.3914497331293605
179424	1.1957248665646802
179456	1.1957248665646802
179488	1.4946560832058502
179520	1.4946560832058502
179552	1.1957248665646802
179584	0.8967936499235102
179616	0.8967936499235102
179648	1.4946560832058502
179680	2.6903809497705304
179712	2.0925185164881905
179744	2.6903809497705304
179776	2.0925185164881905
179808	2.0925185164881905
179840	1.1957248665646802
179872	1.7935872998470204
179904	2.9893121664117004
179936	2.3914497331293605
179968	2.6903809497705304
180000	0.5978624332823401
180032	1.1957248665646802
180064	1.4946560832058502
180096	0.8967936499235102
180128	1.4946560832058502
180160	3.8861058163352107
180192	1.4946560832058502
180224	1.7935872998470204
180256	2.0925185164881905
180288	1.1957248665646802
180320	2.3914497331293605
180352	2.0925185164881905
180384	2.0925185164881905
180416	2.3914497331293605
180448	2.6903809497705304
180480	0.8967936499235102
180512	1.7935872998470204
180544	2.0925185164881905
180576	0.29893121664117006
180608	1.1957248665646802
180640	2.9893121664117004
180672	1.7935872998470204
180704	1.1957248665646802
180736	1.7935872998470204
180768	2.6903809497705304
180800	1.1957248665646802
180832	2.9893121664117004
180864	0.29893121664117006
180896	1.4946560832058502
180928	0.5978624332823401
180960	1.4946560832058502
180992	0.8967936499235102
181024	0.5978624332823401
181056	0.8967936499235102
181088	2.6903809497705304
181120	1.1957248665646802
181152	0.8967936499235102
181184	1.4946560832058502
181216	1.1957248665646802
181248	1.1957248665646802
181280	1.4946560832058502
181312	0.8967936499235102
181344	2.6903809497705304
181376	1.7935872998470204
181408	0.5978624332823401
181440	1.7935872998470204
181472	2.0925185164881905
181504	2.0925185164881905
181536	3.288243383052871
181568	1.4946560832058502
181600	3.288243383052871
181632	2.6903809497705304
181664	1.1957248665646802
181696	1.1957248665646802
181728	0.5978624332823401
181760	2.3914497331293605
181792	0.5978624332823401
181824	1.1957248665646802
181856	1.4946560832058502
181888	1.1957248665646802
181920	1.1957248665646802
181952	1.4946560832058502
181984	1.4946560832058502
182016	0.8967936499235102
182048	0.8967936499235102
182080	1.1957248665646802
182112	2.6903809497705304
182144	2.3914497331293605
182176	0.8967936499235102
182208	2.3914497331293605
182240	2.3914497331293605
182272	1.7935872998470204
182304	1.4946560832058502
182336	1.1957248665646802
182368	1.4946560832058502
182400	2.3914497331293605
182432	1.7935872998470204
182464	1.7935872998470204
182496	1.7935872998470204
182528	0.5978624332823401
182560	1.1957248665646802
182592	1.4946560832058502
182624	0.29893121664117006
182656	0.8967936499235102
182688	1.4946560832058502
182720	1.1957248665646802
182752	1.4946560832058502
182784	2.6903809497705304
182816	2.0925185164881905
182848	0.5978624332823401
182880	0.8967936499235102
182912	2.0925185164881905
182944	3.5871745996940407
182976	2.3914497331293605
183008	1.7935872998470204
183040	0.8967936499235102
183072	1.4946560832058502
183104	2.9893121664117004
183136	1.7935872998470204
183168	1.4946560832058502
183200	1.4946560832058502
183232	1.7935872998470204
183264	1.7935872998470204
183296	2.6903809497705304
183328	0.29893121664117006
183360	2.0925185164881905
183392	1.1957248665646802
183424	1.4946560832058502
183456	3.288243383052871
183488	2.3914497331293605
183520	1.1957248665646802
183552	2.9893121664117004
183584	0.8967936499235102
183616	0.8967936499235102
183648	1.7935872998470204
183680	0.8967936499235102
183712	1.4946560832058502
183744	2.0925185164881905
183776	2.0925185164881905
183808	1.7935872998470204
183840	3.5871745996940407
183872	2.9893121664117004
183904	1.1957248665646802
183936	2.0925185164881905
183968	0.8967936499235102
184000	0.8967936499235102
184032	0.8967936499235102
184064	2.3914497331293605
184096	1.4946560832058502
184128	3.5871745996940407
184160	1.7935872998470204
184192	1.1957248665646802
184224	1.4946560832058502
184256	0.5978624332823401
184288	1.1957248665646802
184320	1.1957248665646802
184352	4.185037032976381
184384	1.7935872998470204
184416	2.0925185164881905
184448	1.7935872998470204
184480	2.6903809497705304
184512	1.4946560832058502
184544	2.9893121664117004
184576	2.0925185164881905
184608	2.3914497331293605
184640	1.7935872998470204
184672	1.4946560832058502
184704	3.8861058163352107
184736	1.7935872998470204
184768	1.7935872998470204
184800	2.0925185164881905
184832	2.9893121664117004
184864	2.3914497331293605
184896	1.7935872998470204
184928	0.8967936499235102
184960	1.1957248665646802
184992	2.0925185164881905
185024	0.8967936499235102
185056	1.1957248665646802
185088	1.7935872998470204
185120	2.3914497331293605
185152	2.9893121664117004
185184	1.1957248665646802
185216	2.0925185164881905
185248	1.4946560832058502
185280	1.1957248665646802
185312	1.4946560832058502
185344	1.1957248665646802
185376	2.0925185164881905
185408	2.0925185164881905
185440	0.5978624332823401
185472	1.1957248665646802
185504	1.7935872998470204
185536	1.1957248665646802
185568	2.0925185164881905
185600	0.8967936499235102
185632	1.7935872998470204
185664	1.4946560832058502
185696	1.4946560832058502
185728	1.7935872998470204
185760	1.1957248665646802
185792	2.3914497331293605
185824	1.7935872998470204
185856	0.8967936499235102
185888	0.5978624332823401
185920	1.4946560832058502
185952	1.4946560832058502
185984	1.7935872998470204
186016	1.4946560832058502
186048	2.3914497331293605
186080	1.4946560832058502
186112	2.9893121664117004
186144	1.4946560832058502
186176	0
186208	0.8967936499235102
186240	1.1957248665646802
186272	2.3914497331293605
186304	2.0925185164881905
186336	1.4946560832058502
186368	2.9893121664117004
186400	2.6903809497705304
186432	1.4946560832058502
186464	1.4946560832058502
186496	4.185037032976381
186528	1.1957248665646802
186560	1.7935872998470204
186592	2.6903809497705304
186624	3.8861058163352107
186656	1.7935872998470204
186688	0.5978624332823401
186720	1.1957248665646802
186752	1.7935872998470204
186784	1.4946560832058502
186816	0.8967936499235102
186848	1.4946560832058502
186880	1.1957248665646802
186912	2.0925185164881905
186944	2.3914497331293605
186976	2.0925185164881905
187008	1.1957248665646802
187040	0.8967936499235102
187072	3.288243383052871
187104	0.8967936499235102
187136	1.4946560832058502
187168	0.8967936499235102
187200	2.3914497331293605
187232	0.8967936499235102
187264	1.4946560832058502
187296	2.0925185164881905
187328	2.0925185164881905
187360	2.0925185164881905
187392	1.4946560832058502
187424	1.1957248665646802
187456	0.8967936499235102
187488	1.1957248665646802
187520	2.3914497331293605
187552	1.7935872998470204
187584	0.8967936499235102
187616	1.1957248665646802
187648	1.4946560832058502
187680	1.1957248665646802
187712	1.4946560832058502
187744	1.4946560832058502
187776	1.7935872998470204
187808	1.4946560832058502
187840	2.9893121664117004
187872	1.7935872998470204
187904	1.4946560832058502
187936	1.7935872998470204
187968	0.8967936499235102
188000	2.9893121664117004
188032	1.4946560832058502
188064	2.0925185164881905
188096	0.8967936499235102
188128	1.4946560832058502
188160	1.7935872998470204
188192	2.3914497331293605
188224	1.4946560832058502
188256	1.4946560832058502
188288	1.7935872998470204
188320	0.29893121664117006
188352	0.8967936499235102
188384	2.3914497331293605
188416	1.4946560832058502
188448	1.4946560832058502
188480	1.1957248665646802
188512	2.3914497331293605
188544	1.4946560832058502
188576	1.1957248665646802
188608	1.7935872998470204
188640	1.7935872998470204
188672	1.7935872998470204
188704	1.4946560832058502
188736	0.5978624332823401
188768	1.1957248665646802
188800	1.1957248665646802
188832	1.7935872998470204
188864	2.9893121664117004
188896	1.7935872998470204
188928	1.1957248665646802
188960	2.3914497331293605
188992	1.7935872998470204
189024	1.4946560832058502
189056	1.4946560832058502
189088	2.0925185164881905
189120	2.3914497331293605
189152	1.4946560832058502
189184	1.7935872998470204
189216	2.9893121664117004
189248	1.4946560832058502
189280	2.3914497331293605
189312	0.8967936499235102
189344	1.4946560832058502
189376	2.3914497331293605
189408	1.7935872998470204
189440	1.7935872998470204
189472	2.6903809497705304
189504	1.1957248665646802
189536	2.3914497331293605
189568	1.7935872998470204
189600	1.4946560832058502
189632	1.7935872998470204
189664	1.4946560832058502
189696	2.6903809497705304
189728	0.8967936499235102
189760	1.1957248665646802
189792	1.7935872998470204
189824	2.3914497331293605
189856	2.6903809497705304
189888	1.7935872998470204
189920	3.288243383052871
189952	1.1957248665646802
189984	1.7935872998470204
190016	1.7935872998470204
190048	2.0925185164881905
190080	3.8861058163352107
190112	1.1957248665646802
190144	2.6903809497705304
190176	1.7935872998470204
190208	0.8967936499235102
190240	1.4946560832058502
190272	1.1957248665646802
190304	1.7935872998470204
190336	2.3914497331293605
190368	3.8861058163352107
190400	1.4946560832058502
190432	2.0925185164881905
190464	2.9893121664117004
190496	1.7935872998470204
190528	1.1957248665646802
190560	1.1957248665646802
190592	0.8967936499235102
190624	2.0925185164881905
190656	1.1957248665646802
190688	1.7935872998470204
190720	0.5978624332823401
190752	0.8967936499235102
190784	1.1957248665646802
190816	2.0925185164881905
190848	1.7935872998470204
190880	1.1957248665646802
190912	2.6903809497705304
190944	1.4946560832058502
190976	2.3914497331293605
191008	2.0925185164881905
191040	1.7935872998470204
191072	0.8967936499235102
191104	1.7935872998470204
191136	2.0925185164881905
191168	1.1957248665646802
191200	1.4946560832058502
191232	1.1957248665646802
191264	1.4946560832058502
191296	1.1957248665646802
191328	0.5978624332823401
191360	2.3914497331293605
191392	2.3914497331293605
191424	2.0925185164881905
191456	2.3914497331293605
191488	1.7935872998470204
191520	1.7935872998470204
191552	2.0925185164881905
191584	1.1957248665646802
191616	1.1957248665646802
191648	0.8967936499235102
191680	0.8967936499235102
191712	1.4946560832058502
191744	2.0925185164881905
191776	1.4946560832058502
191808	2.0925185164881905
191840	0.5978624332823401
191872	1.7935872998470204
191904	0.8967936499235102
191936	0.8967936499235102
191968	2.3914497331293605
192000	2.3914497331293605
192032	1.4946560832058502
192064	2.0925185164881905
192096	2.3914497331293605
192128	1.7935872998470204
192160	1.1957248665646802
192192	2.6903809497705304
192224	0.5978624332823401
192256	0.8967936499235102
192288	1.1957248665646802
192320	0.8967936499235102
192352	2.3914497331293605
192384	3.5871745996940407
192416	1.1957248665646802
192448	1.4946560832058502
192480	2.0925185164881905
192512	1.7935872998470204
192544	0
192576	2.3914497331293605
192608	1.7935872998470204
192640	1.1957248665646802
192672	1.7935872998470204
192704	1.4946560832058502
192736	1.7935872998470204
192768	1.7935872998470204
192800	2.3914497331293605
192832	1.7935872998470204
192864	1.7935872998470204
192896	1.4946560832058502
192928	1.4946560832058502
192960	1.4946560832058502
192992	0.8967936499235102
193024	2.9893121664117004
193056	2.0925185164881905
193088	2.0925185164881905
193120	1.1957248665646802
193152	1.1957248665646802
193184	1.7935872998470204
193216	2.0925185164881905
193248	0.8967936499235102
193280	0.8967936499235102
193312	1.4946560832058502
193344	1.7935872998470204
193376	2.0925185164881905
193408	0.8967936499235102
193440	0.29893121664117006
193472	1.7935872998470204
193504	1.4946560832058502
193536	1.1957248665646802
193568	0.5978624332823401
193600	0.5978624332823401
193632	2.0925185164881905
193664	1.7935872998470204
193696	1.7935872998470204
193728	1.7935872998470204
193760	2.0925185164881905
193792	1.7935872998470204
193824	2.9893121664117004
193856	2.3914497331293605
193888	1.4946560832058502
193920	1.7935872998470204
193952	2.0925185164881905
193984	0.8967936499235102
194016	1.1957248665646802
194048	0.29893121664117006
194080	1.7935872998470204
194112	1.7935872998470204
194144	1.4946560832058502
194176	2.3914497331293605
194208	3.8861058163352107
194240	2.6903809497705304
194272	0.8967936499235102
194304	2.0925185164881905
194336	2.3914497331293605
194368	0.5978624332823401
194400	0.29893121664117006
194432	1.7935872998470204
194464	1.4946560832058502
194496	1.4946560832058502
194528	1.7935872998470204
194560	2.6903809497705304
194592	1.4946560832058502
194624	1.4946560832058502
194656	1.1957248665646802
194688	2.0925185164881905
194720	2.9893121664117004
194752	2.0925185164881905
194784	2.0925185164881905
194816	2.3914497331293605
194848	1.1957248665646802
194880	1.7935872998470204
194912	2.6903809497705304
194944	0.8967936499235102
194976	1.4946560832058502
195008	1.7935872998470204
195040	1.7935872998470204
195072	1.7935872998470204
195104	0.8967936499235102
195136	0.8967936499235102
195168	2.0925185164881905
195200	0.8967936499235102
195232	2.0925185164881905
195264	2.3914497331293605
195296	1.1957248665646802
195328	1.4946560832058502
195360	2.0925185164881905
195392	1.4946560832058502
195424	2.0925185164881905
195456	1.7935872998470204
195488	1.1957248665646802
195520	2.0925185164881905
195552	1.1957248665646802
195584	1.7935872998470204
195616	1.4946560832058502
195648	1.7935872998470204
195680	2.3914497331293605
195712	1.4946560832058502
195744	0.8967936499235102
195776	1.7935872998470204
195808	2.0925185164881905
195840	2.9893121664117004
195872	2.0925185164881905
195904	0.5978624332823401
195936	1.7935872998470204
195968	0.8967936499235102
196000	3.288243383052871
196032	1.7935872998470204
196064	1.7935872998470204
196096	1.4946560832058502
196128	1.7935872998470204
196160	1.4946560832058502
196192	2.0925185164881905
196224	1.1957248665646802
196256	0.5978624332823401
196288	2.3914497331293605
196320	0.8967936499235102
196352	2.0925185164881905
196384	1.7935872998470204
196416	1.1957248665646802
196448	1.4946560832058502
196480	2.0925185164881905
196512	1.7935872998470204
196544	0.8967936499235102
196576	1.4946560832058502
196608	1.1957248665646802
196640	3.288243383052871
196672	2.0925185164881905
196704	0.8967936499235102
196736	2.6903809497705304
196768	1.7935872998470204
196800	2.3914497331293605
196832	2.0925185164881905
196864	1.1957248665646802
196896	1.4946560832058502
196928	1.7935872998470204
196960	0.8967936499235102
196992	1.1957248665646802
197024	2.6903809497705304
197056	0.8967936499235102
197088	2.0925185164881905
197120	0.5978624332823401
197152	2.6903809497705304
197184	2.3914497331293605
197216	1.7935872998470204
197248	2.3914497331293605
197280	1.4946560832058502
197312	2.6903809497705304
197344	1.1957248665646802
197376	3.5871745996940407
197408	1.7935872998470204
197440	1.4946560832058502
197472	1.7935872998470204
197504	3.288243383052871
197536	2.3914497331293605
197568	1.1957248665646802
197600	0.5978624332823401
197632	1.4946560832058502
197664	2.0925185164881905
197696	1.4946560832058502
197728	1.4946560832058502
197760	2.9893121664117004
197792	2.9893121664117004
197824	3.288243383052871
197856	0.5978624332823401
197888	1.1957248665646802
197920	2.0925185164881905
197952	1.4946560832058502
197984	3.5871745996940407
198016	0.29893121664117006
198048	1.7935872998470204
198080	1.4946560832058502
198112	1.4946560832058502
198144	2.0925185164881905
198176	1.4946560832058502
198208	0.8967936499235102
198240	0.8967936499235102
198272	2.0925185164881905
198304	2.6903809497705304
198336	0.8967936499235102
198368	2.0925185164881905
198400	1.4946560832058502
198432	2.0925185164881905
198464	2.0925185164881905
198496	2.3914497331293605
198528	0.8967936499235102
198560	0.8967936499235102
198592	2.0925185164881905
198624	1.7935872998470204
198656	2.6903809497705304
198688	1.7935872998470204
198720	2.6903809497705304
198752	2.6903809497705304
198784	1.4946560832058502
198816	2.6903809497705304
198848	0.8967936499235102
198880	1.4946560832058502
198912	2.6903809497705304
198944	1.1957248665646802
198976	0.8967936499235102
199008	0.5978624332823401
199040	2.0925185164881905
199072	2.3914497331293605
199104	0.8967936499235102
199136	1.1957248665646802
199168	1.4946560832058502
199200	1.1957248665646802
199232	1.4946560832058502
199264	2.3914497331293605
199296	0.8967936499235102
199328	1.4946560832058502
199360	1.1957248665646802
199392	2.6903809497705304
199424	0.8967936499235102
199456	1.7935872998470204
199488	1.4946560832058502
199520	2.0925185164881905
199552	1.4946560832058502
199584	1.4946560832058502
199616	2.3914497331293605
199648	1.4946560832058502
199680	1.7935872998470204
199712	2.0925185164881905
199744	2.0925185164881905
199776	1.7935872998470204
199808	1.7935872998470204
199840	0.5978624332823401
199872	1.4946560832058502
199904	1.7935872998470204
199936	1.4946560832058502
199968	0.8967936499235102
200000	1.4946560832058502
200032	1.7935872998470204
200064	1.4946560832058502
200096	1.7935872998470204
200128	1.7935872998470204
200160	0.8967936499235102
200192	2.9893121664117004
200224	1.4946560832058502
200256	1.7935872998470204
200288	2.0925185164881905
200320	0.5978624332823401
200352	1.7935872998470204
200384	0.5978624332823401
200416	2.3914497331293605
200448	0.5978624332823401
200480	0.29893121664117006
200512	1.1957248665646802
200544	1.1957248665646802
200576	2.3914497331293605
200608	2.0925185164881905
200640	1.4946560832058502
200672	2.3914497331293605
200704	2.6903809497705304
200736	1.1957248665646802
200768	1.7935872998470204
200800	2.9893121664117004
200832	3.8861058163352107
200864	1.1957248665646802
200896	1.1957248665646802
200928	2.3914497331293605
200960	1.1957248665646802
200992	1.4946560832058502
201024	2.0925185164881905
201056	2.3914497331293605
201088	1.7935872998470204
201120	1.1957248665646802
201152	2.3914497331293605
201184	2.9893121664117004
201216	0.8967936499235102
201248	1.7935872998470204
201280	2.3914497331293605
201312	0.5978624332823401
201344	2.3914497331293605
201376	2.9893121664117004
201408	2.3914497331293605
201440	2.3914497331293605
201472	0.5978624332823401
201504	2.6903809497705304
201536	1.7935872998470204
201568	3.288243383052871
201600	1.1957248665646802
201632	2.9893121664117004
201664	1.4946560832058502
201696	2.3914497331293605
201728	1.1957248665646802
201760	1.4946560832058502
201792	1.4946560832058502
201824	1.1957248665646802
201856	1.4946560832058502
201888	2.3914497331293605
201920	0.8967936499235102
201952	1.1957248665646802
201984	0.5978624332823401
202016	1.7935872998470204
202048	0.29893121664117006
202080	0.8967936499235102
202112	2.6903809497705304
202144	2.3914497331293605
202176	2.6903809497705304
202208	2.6903809497705304
202240	1.4946560832058502
202272	1.4946560832058502
202304	1.7935872998470204
202336	3.5871745996940407
202368	1.1957248665646802
202400	1.7935872998470204
202432	2.9893121664117004
202464	0.8967936499235102
202496	1.4946560832058502
202528	1.7935872998470204
202560	1.1957248665646802
202592	2.3914497331293605
202624	2.0925185164881905
202656	2.6903809497705304
202688	0.8967936499235102
202720	1.1957248665646802
202752	0.8967936499235102
202784	1.1957248665646802
202816	2.0925185164881905
202848	1.4946560832058502
202880	3.8861058163352107
202912	2.9893121664117004
202944	1.4946560832058502
202976	1.4946560832058502
203008	2.3914497331293605
203040	2.0925185164881905
203072	2.3914497331293605
203104	2.0925185164881905
203136	1.7935872998470204
203168	3.288243383052871
203200	2.0925185164881905
203232	2.0925185164881905
203264	0.8967936499235102
203296	1.1957248665646802
203328	0.8967936499235102
203360	2.9893121664117004
203392	0.8967936499235102
203424	1.1957248665646802
203456	2.9893121664117004
203488	0.5978624332823401
203520	1.4946560832058502
203552	1.7935872998470204
203584	1.7935872998470204
203616	0.5978624332823401
203648	1.4946560832058502
203680	1.4946560832058502
203712	1.7935872998470204
203744	3.8861058163352107
203776	1.4946560832058502
203808	2.6903809497705304
203840	1.7935872998470204
203872	1.4946560832058502
203904	1.7935872998470204
203936	2.9893121664117004
203968	2.3914497331293605
204000	1.7935872998470204
204032	0.5978624332823401
204064	1.4946560832058502
204096	2.0925185164881905
204128	1.1957248665646802
204160	0.5978624332823401
204192	1.4946560832058502
204224	1.1957248665646802
204256	1.1957248665646802
204288	2.3914497331293605
204320	1.1957248665646802
204352	1.4946560832058502
204384	0.8967936499235102
204416	1.7935872998470204
204448	2.3914497331293605
204480	1.4946560832058502
204512	1.7935872998470204
204544	1.1957248665646802
204576	0.8967936499235102
204608	1.1957248665646802
204640	1.7935872998470204
204672	1.4946560832058502
204704	1.7935872998470204
204736	2.6903809497705304
204768	1.7935872998470204
204800	2.0925185164881905
204832	1.7935872998470204
204864	1.1957248665646802
204896	2.0925185164881905
204928	1.4946560832058502
204960	0.8967936499235102
204992	1.7935872998470204
205024	1.7935872998470204
205056	0.8967936499235102
205088	1.7935872998470204
205120	1.1957248665646802
205152	2.3914497331293605
205184	0.5978624332823401
205216	2.6903809497705304
205248	2.3914497331293605
205280	1.1957248665646802
205312	0.8967936499235102
205344	1.7935872998470204
205376	2.0925185164881905
205408	0.8967936499235102
205440	1.7935872998470204
205472	2.3914497331293605
205504	1.7935872998470204
205536	2.9893121664117004
205568	2.6903809497705304
205600	2.3914497331293605
205632	2.6903809497705304
205664	0.8967936499235102
205696	1.4946560832058502
205728	0.8967936499235102
205760	2.0925185164881905
205792	1.4946560832058502
205824	2.3914497331293605
205856	2.0925185164881905
205888	1.1957248665646802
205920	2.3914497331293605
205952	2.3914497331293605
205984	2.9893121664117004
206016	1.4946560832058502
206048	2.3914497331293605
206080	1.1957248665646802
206112	2.6903809497705304
206144	2.6903809497705304
206176	1.7935872998470204
206208	3.288243383052871
206240	1.4946560832058502
206272	1.1957248665646802
206304	1.4946560832058502
206336	2.9893121664117004
206368	1.7935872998470204
206400	2.0925185164881905
206432	1.4946560832058502
206464	1.1957248665646802
206496	1.7935872998470204
206528	2.6903809497705304
206560	0.8967936499235102
206592	0.8967936499235102
206624	2.3914497331293605
206656	1.4946560832058502
206688	1.7935872998470204
206720	1.1957248665646802
206752	1.4946560832058502
206784	1.4946560832058502
206816	2.3914497331293605
206848	2.0925185164881905
206880	1.4946560832058502
206912	0.8967936499235102
206944	0.29893121664117006
206976	0.8967936499235102
207008	1.4946560832058502
207040	0.5978624332823401
207072	0.8967936499235102
207104	1.4946560832058502
207136	1.7935872998470204
207168	0.8967936499235102
207200	2.0925185164881905
207232	2.0925185164881905
207264	2.3914497331293605
207296	1.7935872998470204
207328	1.4946560832058502
207360	2.3914497331293605
207392	3.5871745996940407
207424	0.8967936499235102
207456	2.3914497331293605
207488	2.6903809497705304
207520	1.7935872998470204
207552	2.9893121664117004
207584	0.8967936499235102
207616	1.1957248665646802
207648	0.8967936499235102
207680	1.4946560832058502
207712	2.0925185164881905
207744	1.1957248665646802
207776	1.7935872998470204
207808	1.4946560832058502
207840	2.3914497331293605
207872	2.0925185164881905
207904	1.1957248665646802
207936	2.0925185164881905
207968	1.1957248665646802
208000	1.7935872998470204
208032	1.7935872998470204
208064	0.8967936499235102
208096	0.8967936499235102
208128	1.1957248665646802
208160	2.0925185164881905
208192	0.5978624332823401
208224	2.9893121664117004
208256	0.5978624332823401
208288	1.4946560832058502
208320	3.288243383052871
208352	1.1957248665646802
208384	2.0925185164881905
208416	1.7935872998470204
208448	2.6903809497705304
208480	1.4946560832058502
208512	1.1957248665646802
208544	2.9893121664117004
208576	2.6903809497705304
208608	1.7935872998470204
208640	2.0925185164881905
208672	1.4946560832058502
208704	1.7935872998470204
208736	2.9893121664117004
208768	1.7935872998470204
208800	1.7935872998470204
208832	2.9893121664117004
208864	1.7935872998470204
208896	0.8967936499235102
208928	2.3914497331293605
208960	2.0925185164881905
208992	2.0925185164881905
209024	1.4946560832058502
209056	1.7935872998470204
209088	1.1957248665646802
209120	2.0925185164881905
209152	1.1957248665646802
209184	1.4946560832058502
209216	2.0925185164881905
209248	0.8967936499235102
209280	1.1957248665646802
209312	2.0925185164881905
209344	1.7935872998470204
209376	1.1957248665646802
209408	0.5978624332823401
209440	1.4946560832058502
209472	1.4946560832058502
209504	1.1957248665646802
209536	2.0925185164881905
209568	4.483968249617551
209600	1.1957248665646802
209632	1.4946560832058502
209664	1.1957248665646802
209696	2.3914497331293605
209728	1.1957248665646802
209760	0
209792	1.7935872998470204
209824	2.0925185164881905
209856	1.1957248665646802
209888	1.7935872998470204
209920	2.3914497331293605
209952	1.4946560832058502
209984	2.3914497331293605
210016	1.1957248665646802
210048	1.4946560832058502
210080	2.0925185164881905
210112	1.4946560832058502
210144	1.4946560832058502
210176	2.3914497331293605
210208	2.6903809497705304
210240	0.29893121664117006
210272	2.3914497331293605
210304	1.7935872998470204
210336	0.8967936499235102
210368	1.1957248665646802
210400	2.6903809497705304
210432	0.5978624332823401
210464	1.7935872998470204
210496	2.6903809497705304
210528	1.7935872998470204
210560	1.1957248665646802
210592	0.8967936499235102
210624	0.8967936499235102
210656	1.7935872998470204
210688	0.5978624332823401
210720	0.8967936499235102
210752	0.8967936499235102
210784	1.4946560832058502
210816	1.7935872998470204
210848	2.3914497331293605
210880	2.6903809497705304
210912	1.1957248665646802
210944	0.8967936499235102
210976	1.7935872998470204
211008	2.9893121664117004
211040	0.8967936499235102
211072	3.5871745996940407
211104	2.3914497331293605
211136	1.1957248665646802
211168	1.4946560832058502
211200	1.7935872998470204
211232	2.9893121664117004
211264	1.1957248665646802
211296	2.0925185164881905
211328	1.4946560832058502
211360	1.1957248665646802
211392	2.3914497331293605
211424	2.3914497331293605
211456	2.3914497331293605
211488	1.7935872998470204
211520	1.4946560832058502
211552	2.3914497331293605
211584	2.0925185164881905
211616	0.8967936499235102
211648	1.1957248665646802
211680	4.782899466258721
211712	0.8967936499235102
211744	2.9893121664117004
211776	2.0925185164881905
211808	1.7935872998470204
211840	0.8967936499235102
211872	0.8967936499235102
211904	1.4946560832058502
211936	3.288243383052871
211968	2.0925185164881905
212000	1.7935872998470204
212032	1.7935872998470204
212064	1.1957248665646802
212096	0.8967936499235102
212128	1.4946560832058502
212160	2.6903809497705304
212192	2.6903809497705304
212224	2.9893121664117004
212256	1.7935872998470204
212288	2.3914497331293605
212320	1.7935872998470204
212352	1.4946560832058502
212384	2.6903809497705304
212416	1.7935872998470204
212448	2.0925185164881905
212480	0.8967936499235102
212512	1.1957248665646802
212544	0.8967936499235102
212576	2.9893121664117004
212608	1.1957248665646802
212640	0.8967936499235102
212672	1.1957248665646802
212704	1.7935872998470204
212736	1.1957248665646802
212768	1.1957248665646802
212800	1.7935872998470204
212832	2.3914497331293605
212864	1.7935872998470204
212896	1.7935872998470204
212928	1.1957248665646802
212960	0.8967936499235102
212992	2.0925185164881905
213024	2.9893121664117004
213056	0
213088	2.6903809497705304
213120	2.3914497331293605
213152	1.4946560832058502
213184	2.0925185164881905
213216	2.0925185164881905
213248	1.1957248665646802
213280	2.0925185164881905
213312	2.3914497331293605
213344	1.4946560832058502
213376	1.7935872998470204
213408	1.4946560832058502
213440	1.4946560832058502
213472	2.3914497331293605
213504	0.8967936499235102
213536	2.0925185164881905
213568	1.4946560832058502
213600	1.7935872998470204
213632	1.4946560832058502
213664	2.6903809497705304
213696	1.1957248665646802
213728	1.4946560832058502
213760	1.4946560832058502
213792	1.1957248665646802
213824	1.4946560832058502
213856	2.3914497331293605
213888	2.6903809497705304
213920	2.0925185164881905
213952	0.5978624332823401
213984	2.6903809497705304
214016	1.7935872998470204
214048	0.8967936499235102
214080	2.0925185164881905
214112	1.1957248665646802
214144	2.3914497331293605
214176	1.1957248665646802
214208	1.7935872998470204
214240	2.0925185164881905
214272	1.7935872998470204
214304	2.6903809497705304
214336	0.8967936499235102
214368	2.3914497331293605
214400	1.1957248665646802
214432	1.4946560832058502
214464	2.0925185164881905
214496	2.0925185164881905
214528	0.8967936499235102
214560	1.1957248665646802
214592	2.6903809497705304
214624	2.0925185164881905
214656	0.29893121664117006
214688	2.6903809497705304
214720	1.4946560832058502
214752	0.8967936499235102
214784	2.9893121664117004
214816	1.1957248665646802
214848	0.5978624332823401
214880	2.0925185164881905
214912	1.1957248665646802
214944	1.7935872998470204
214976	2.3914497331293605
215008	1.7935872998470204
215040	0.8967936499235102
215072	1.7935872998470204
215104	1.1957248665646802
215136	1.1957248665646802
215168	0.5978624332823401
215200	0.8967936499235102
215232	2.3914497331293605
215264	0.8967936499235102
215296	1.4946560832058502
215328	2.0925185164881905
215360	1.4946560832058502
215392	2.0925185164881905
215424	3.288243383052871
215456	1.4946560832058502
215488	1.7935872998470204
215520	0.5978624332823401
215552	2.6903809497705304
215584	0.29893121664117006
215616	1.7935872998470204
215648	2.0925185164881905
215680	1.7935872998470204
215712	3.288243383052871
215744	2.0925185164881905
215776	0.8967936499235102
215808	1.4946560832058502
215840	2.6903809497705304
215872	1.4946560832058502
215904	0.29893121664117006
215936	1.1957248665646802
215968	2.0925185164881905
216000	1.4946560832058502
216032	2.0925185164881905
216064	2.6903809497705304
216096	1.4946560832058502
216128	1.4946560832058502
216160	2.0925185164881905
216192	0.8967936499235102
216224	2.0925185164881905
216256	2.0925185164881905
216288	2.0925185164881905
216320	2.6903809497705304
216352	1.1957248665646802
216384	1.7935872998470204
216416	3.288243383052871
216448	0.8967936499235102
216480	2.0925185164881905
216512	2.0925185164881905
216544	0.8967936499235102
216576	0.8967936499235102
216608	3.288243383052871
216640	1.1957248665646802
216672	0.29893121664117006
216704	1.4946560832058502
216736	1.7935872998470204
216768	2.0925185164881905
216800	1.1957248665646802
216832	2.9893121664117004
216864	1.1957248665646802
216896	1.4946560832058502
216928	2.3914497331293605
216960	1.7935872998470204
216992	0.5978624332823401
217024	1.1957248665646802
217056	2.3914497331293605
217088	2.6903809497705304
217120	1.4946560832058502
217152	1.7935872998470204
217184	2.9893121664117004
217216	2.6903809497705304
217248	3.288243383052871
217280	1.1957248665646802
217312	0.5978624332823401
217344	2.0925185164881905
217376	1.7935872998470204
217408	0.5978624332823401
217440	1.4946560832058502
217472	1.7935872998470204
217504	2.3914497331293605
217536	1.1957248665646802
217568	1.1957248665646802
217600	2.6903809497705304
217632	1.4946560832058502
217664	2.3914497331293605
217696	2.0925185164881905
217728	0.8967936499235102
217760	2.3914497331293605
217792	1.7935872998470204
217824	1.4946560832058502
217856	2.3914497331293605
217888	1.1957248665646802
217920	0.8967936499235102
217952	0.8967936499235102
217984	2.0925185164881905
218016	5.380761899541061
218048	2.3914497331293605
218080	2.6903809497705304
218112	1.4946560832058502
218144	1.7935872998470204
218176	0.5978624332823401
218208	1.7935872998470204
218240	1.4946560832058502
218272	3.288243383052871
218304	1.1957248665646802
218336	1.4946560832058502
218368	1.7935872998470204
218400	1.7935872998470204
218432	1.1957248665646802
218464	0.29893121664117006
218496	1.7935872998470204
218528	2.3914497331293605
218560	1.4946560832058502
218592	1.4946560832058502
218624	3.288243383052871
218656	1.7935872998470204
218688	0.29893121664117006
218720	2.3914497331293605
218752	0.8967936499235102
218784	0.5978624332823401
218816	2.9893121664117004
218848	1.1957248665646802
218880	0.8967936499235102
218912	1.1957248665646802
218944	1.7935872998470204
218976	2.0925185164881905
219008	1.7935872998470204
219040	3.288243383052871
219072	1.4946560832058502
219104	1.1957248665646802
219136	2.0925185164881905
219168	2.9893121664117004
219200	2.9893121664117004
219232	0.5978624332823401
219264	1.7935872998470204
219296	0.29893121664117006
219328	2.9893121664117004
219360	1.1957248665646802
219392	1.4946560832058502
219424	1.4946560832058502
219456	0.8967936499235102
219488	1.4946560832058502
219520	2.9893121664117004
219552	2.6903809497705304
219584	1.1957248665646802
219616	2.6903809497705304
219648	0.8967936499235102
219680	1.1957248665646802
219712	2.0925185164881905
219744	1.7935872998470204
219776	2.6903809497705304
219808	2.0925185164881905
219840	2.9893121664117004
219872	1.1957248665646802
219904	2.6903809497705304
219936	1.4946560832058502
219968	1.1957248665646802
220000	1.1957248665646802
220032	1.4946560832058502
220064	2.0925185164881905
220096	2.0925185164881905
220128	3.5871745996940407
220160	0.8967936499235102
220192	4.185037032976381
220224	2.0925185164881905
220256	1.7935872998470204
220288	1.1957248665646802
220320	1.1957248665646802
220352	2.3914497331293605
220384	0.8967936499235102
220416	2.3914497331293605
220448	0.8967936499235102
220480	2.3914497331293605
220512	1.1957248665646802
220544	1.7935872998470204
220576	2.3914497331293605
220608	0.5978624332823401
220640	2.3914497331293605
220672	1.4946560832058502
220704	1.7935872998470204
220736	2.0925185164881905
220768	2.6903809497705304
220800	1.1957248665646802
220832	1.7935872998470204
220864	1.4946560832058502
220896	0.8967936499235102
220928	1.7935872998470204
220960	2.3914497331293605
220992	2.0925185164881905
221024	2.0925185164881905
221056	2.0925185164881905
221088	0.8967936499235102
221120	2.3914497331293605
221152	1.4946560832058502
221184	1.4946560832058502
221216	2.0925185164881905
221248	1.1957248665646802
221280	1.1957248665646802
221312	1.1957248665646802
221344	2.3914497331293605
221376	2.0925185164881905
221408	1.7935872998470204
221440	3.5871745996940407
221472	1.4946560832058502
221504	2.3914497331293605
221536	1.1957248665646802
221568	0.5978624332823401
221600	1.7935872998470204
221632	1.7935872998470204
221664	1.1957248665646802
221696	0.8967936499235102
221728	2.3914497331293605
221760	1.1957248665646802
221792	1.4946560832058502
221824	1.4946560832058502
221856	3.5871745996940407
221888	1.7935872998470204
221920	0.5978624332823401
221952	2.6903809497705304
221984	1.7935872998470204
222016	1.7935872998470204
222048	1.7935872998470204
222080	2.3914497331293605
222112	1.1957248665646802
222144	2.0925185164881905
222176	2.3914497331293605
222208	2.0925185164881905
222240	1.4946560832058502
222272	0.29893121664117006
222304	1.7935872998470204
222336	2.6903809497705304
222368	2.3914497331293605
222400	1.4946560832058502
222432	0.8967936499235102
222464	0.5978624332823401
222496	1.1957248665646802
222528	0.5978624332823401
222560	2.0925185164881905
222592	1.7935872998470204
222624	2.3914497331293605
222656	2.0925185164881905
222688	2.0925185164881905
222720	2.9893121664117004
222752	0.8967936499235102
222784	0.8967936499235102
222816	2.6903809497705304
222848	1.1957248665646802
222880	1.4946560832058502
222912	2.0925185164881905
222944	0.8967936499235102
222976	1.7935872998470204
223008	1.1957248665646802
223040	2.9893121664117004
223072	2.0925185164881905
223104	1.1957248665646802
223136	1.7935872998470204
223168	1.7935872998470204
223200	1.7935872998470204
223232	1.1957248665646802
223264	1.4946560832058502
223296	2.0925185164881905
223328	2.0925185164881905
223360	0.8967936499235102
223392	2.0925185164881905
223424	1.7935872998470204
223456	2.3914497331293605
223488	1.4946560832058502
223520	2.3914497331293605
223552	1.7935872998470204
223584	2.0925185164881905
223616	2.3914497331293605
223648	3.288243383052871
223680	2.6903809497705304
223712	1.7935872998470204
223744	1.7935872998470204
223776	2.0925185164881905
223808	2.3914497331293605
223840	1.7935872998470204
223872	1.1957248665646802
223904	1.4946560832058502
223936	0.8967936499235102
223968	1.1957248665646802
224000	2.6903809497705304
224032	1.7935872998470204
224064	0.5978624332823401
224096	1.4946560832058502
224128	2.6903809497705304
224160	2.3914497331293605
224192	2.0925185164881905
224224	0.8967936499235102
224256	1.1957248665646802
224288	2.3914497331293605
224320	1.1957248665646802
224352	1.7935872998470204
224384	2.6903809497705304
224416	2.6903809497705304
224448	0.8967936499235102
224480	1.1957248665646802
224512	2.0925185164881905
224544	1.4946560832058502
224576	1.1957248665646802
224608	1.1957248665646802
224640	0.8967936499235102
224672	2.6903809497705304
224704	1.7935872998470204
224736	2.0925185164881905
224768	1.1957248665646802
224800	0.8967936499235102
224832	2.0925185164881905
224864	1.4946560832058502
224896	1.1957248665646802
224928	1.7935872998470204
224960	1.7935872998470204
224992	1.4946560832058502
225024	2.0925185164881905
225056	0.29893121664117006
225088	1.1957248665646802
225120	2.9893121664117004
225152	1.1957248665646802
225184	1.7935872998470204
225216	2.0925185164881905
225248	1.1957248665646802
225280	2.0925185164881905
225312	0.5978624332823401
225344	2.0925185164881905
225376	1.4946560832058502
225408	2.6903809497705304
225440	1.4946560832058502
225472	1.7935872998470204
225504	1.1957248665646802
225536	1.1957248665646802
225568	1.7935872998470204
225600	1.7935872998470204
225632	1.7935872998470204
225664	1.1957248665646802
225696	1.1957248665646802
225728	1.4946560832058502
225760	1.4946560832058502
225792	1.7935872998470204
225824	0.8967936499235102
225856	2.0925185164881905
225888	1.4946560832058502
225920	1.7935872998470204
225952	1.1957248665646802
225984	2.0925185164881905
226016	2.6903809497705304
226048	1.7935872998470204
226080	1.4946560832058502
226112	0.8967936499235102
226144	1.1957248665646802
226176	1.1957248665646802
226208	2.6903809497705304
226240	1.7935872998470204
226272	2.3914497331293605
226304	1.1957248665646802
226336	0.8967936499235102
226368	2.0925185164881905
226400	1.7935872998470204
226432	0.8967936499235102
226464	1.4946560832058502
226496	2.0925185164881905
226528	1.4946560832058502
226560	2.0925185164881905
226592	2.6903809497705304
226624	1.4946560832058502
226656	1.4946560832058502
226688	1.4946560832058502
226720	2.9893121664117004
226752	1.1957248665646802
226784	1.1957248665646802
226816	1.1957248665646802
226848	1.4946560832058502
226880	2.3914497331293605
226912	0.5978624332823401
226944	1.7935872998470204
226976	2.0925185164881905
227008	2.0925185164881905
227040	1.4946560832058502
227072	1.7935872998470204
227104	0.8967936499235102
227136	0.29893121664117006
227168	0.5978624332823401
227200	1.4946560832058502
227232	0.8967936499235102
227264	3.288243383052871
227296	1.7935872998470204
227328	1.1957248665646802
227360	1.4946560832058502
227392	0.5978624332823401
227424	0.8967936499235102
227456	2.0925185164881905
227488	2.6903809497705304
227520	2.9893121664117004
227552	2.0925185164881905
227584	1.4946560832058502
227616	2.0925185164881905
227648	2.0925185164881905
227680	0.8967936499235102
227712	0.29893121664117006
227744	1.7935872998470204
227776	2.0925185164881905
227808	2.3914497331293605
227840	2.0925185164881905
227872	2.3914497331293605
227904	0.8967936499235102
227936	2.6903809497705304
227968	2.3914497331293605
228000	1.7935872998470204
228032	3.288243383052871
228064	1.7935872998470204
228096	1.1957248665646802
228128	1.1957248665646802
228160	0.8967936499235102
228192	0.29893121664117006
228224	2.6903809497705304
228256	2.6903809497705304
228288	1.4946560832058502
228320	1.7935872998470204
228352	3.8861058163352107
228384	0.8967936499235102
228416	2.0925185164881905
228448	2.3914497331293605
228480	2.0925185164881905
228512	1.1957248665646802
228544	1.7935872998470204
228576	1.1957248665646802
228608	2.6903809497705304
228640	1.1957248665646802
228672	2.9893121664117004
228704	1.1957248665646802
228736	2.0925185164881905
228768	1.1957248665646802
228800	1.7935872998470204
228832	2.3914497331293605
228864	0.5978624332823401
228896	2.0925185164881905
228928	1.7935872998470204
228960	1.4946560832058502
228992	2.0925185164881905
229024	2.0925185164881905
229056	2.0925185164881905
229088	1.7935872998470204
229120	0.29893121664117006
229152	1.7935872998470204
229184	1.7935872998470204
229216	1.4946560832058502
229248	2.0925185164881905
229280	1.4946560832058502
229312	1.4946560832058502
229344	1.4946560832058502
229376	4.185037032976381
229408	1.7935872998470204
229440	1.1957248665646802
229472	2.0925185164881905
229504	2.0925185164881905
229536	2.0925185164881905
229568	1.4946560832058502
229600	2.3914497331293605
229632	0.8967936499235102
229664	0.5978624332823401
229696	1.4946560832058502
229728	1.7935872998470204
229760	0.5978624332823401
229792	2.0925185164881905
229824	0.5978624332823401
229856	1.1957248665646802
229888	2.0925185164881905
229920	1.4946560832058502
229952	1.7935872998470204
229984	1.1957248665646802
230016	2.9893121664117004
230048	2.6903809497705304
230080	0.5978624332823401
230112	2.9893121664117004
230144	0.8967936499235102
230176	2.0925185164881905
230208	1.1957248665646802
230240	2.3914497331293605
230272	1.7935872998470204
230304	1.4946560832058502
230336	1.4946560832058502
230368	1.1957248665646802
230400	3.5871745996940407
230432	1.4946560832058502
230464	0.5978624332823401
230496	2.3914497331293605
230528	1.7935872998470204
230560	3.288243383052871
230592	1.7935872998470204
230624	1.1957248665646802
230656	0.8967936499235102
230688	1.4946560832058502
230720	0.8967936499235102
230752	1.7935872998470204
230784	2.0925185164881905
230816	1.1957248665646802
230848	2.0925185164881905
230880	2.9893121664117004
230912	1.1957248665646802
230944	2.3914497331293605
230976	2.0925185164881905
231008	1.1957248665646802
231040	1.1957248665646802
231072	1.7935872998470204
231104	0.5978624332823401
231136	0.8967936499235102
231168	0.8967936499235102
231200	2.3914497331293605
231232	0.5978624332823401
231264	1.4946560832058502
231296	0.8967936499235102
231328	1.1957248665646802
231360	1.1957248665646802
231392	2.0925185164881905
231424	1.4946560832058502
231456	3.8861058163352107
231488	1.7935872998470204
231520	0.5978624332823401
231552	2.6903809497705304
231584	1.4946560832058502
231616	0.8967936499235102
231648	0.5978624332823401
231680	2.6903809497705304
231712	1.7935872998470204
231744	1.4946560832058502
231776	1.7935872998470204
231808	3.288243383052871
231840	2.0925185164881905
231872	2.6903809497705304
231904	0.8967936499235102
231936	0.8967936499235102
231968	1.1957248665646802
232000	2.6903809497705304
232032	1.7935872998470204
232064	0.5978624332823401
232096	0.8967936499235102
232128	1.1957248665646802
232160	0.8967936499235102
232192	2.0925185164881905
232224	2.3914497331293605
232256	1.7935872998470204
232288	2.3914497331293605
232320	1.7935872998470204
232352	2.3914497331293605
232384	1.7935872998470204
232416	2.9893121664117004
232448	2.9893121664117004
232480	0.5978624332823401
232512	1.7935872998470204
232544	2.3914497331293605
232576	2.0925185164881905
232608	1.7935872998470204
232640	0.8967936499235102
232672	2.0925185164881905
232704	1.4946560832058502
232736	1.1957248665646802
232768	3.288243383052871
232800	2.0925185164881905
232832	1.4946560832058502
232864	2.6903809497705304
232896	1.1957248665646802
232928	2.6903809497705304
232960	2.3914497331293605
232992	3.8861058163352107
233024	1.7935872998470204
233056	1.1957248665646802
233088	1.7935872998470204
233120	0.5978624332823401
233152	1.4946560832058502
233184	1.7935872998470204
233216	3.8861058163352107
233248	3.288243383052871
233280	0.8967936499235102
233312	2.6903809497705304
233344	1.4946560832058502
233376	2.9893121664117004
233408	2.6903809497705304
233440	1.4946560832058502
233472	2.6903809497705304
233504	1.7935872998470204
233536	2.3914497331293605
233568	1.4946560832058502
233600	0.8967936499235102
233632	1.7935872998470204
233664	2.0925185164881905
233696	0.5978624332823401
233728	1.7935872998470204
233760	3.288243383052871
233792	1.4946560832058502
233824	2.3914497331293605
233856	1.7935872998470204
233888	1.4946560832058502
233920	1.4946560832058502
233952	0.29893121664117006
233984	0.8967936499235102
234016	3.8861058163352107
234048	2.0925185164881905
234080	2.0925185164881905
234112	1.1957248665646802
234144	2.0925185164881905
234176	1.1957248665646802
234208	1.7935872998470204
234240	1.7935872998470204
234272	0.5978624332823401
234304	1.1957248665646802
234336	1.7935872998470204
234368	1.4946560832058502
234400	1.7935872998470204
234432	1.4946560832058502
234464	2.0925185164881905
234496	1.7935872998470204
234528	1.7935872998470204
234560	1.1957248665646802
234592	1.4946560832058502
234624	2.0925185164881905
234656	0.8967936499235102
234688	0.8967936499235102
234720	2.3914497331293605
234752	1.7935872998470204
234784	0.8967936499235102
234816	0.8967936499235102
234848	0.29893121664117006
234880	1.4946560832058502
234912	1.7935872998470204
234944	0.29893121664117006
234976	2.6903809497705304
235008	1.7935872998470204
235040	1.1957248665646802
235072	1.7935872998470204
235104	1.1957248665646802
235136	1.1957248665646802
235168	1.1957248665646802
235200	2.0925185164881905
235232	2.0925185164881905
235264	2.6903809497705304
235296	1.4946560832058502
235328	2.0925185164881905
235360	2.6903809497705304
235392	2.0925185164881905
235424	1.1957248665646802
235456	4.483968249617551
235488	1.4946560832058502
235520	2.9893121664117004
235552	0.8967936499235102
235584	1.1957248665646802
235616	3.288243383052871
235648	1.4946560832058502
235680	2.0925185164881905
235712	1.1957248665646802
235744	2.6903809497705304
235776	1.7935872998470204
235808	1.1957248665646802
235840	1.4946560832058502
235872	2.0925185164881905
235904	2.0925185164881905
235936	2.6903809497705304
235968	0.8967936499235102
236000	0.29893121664117006
236032	2.6903809497705304
236064	0.29893121664117006
236096	3.288243383052871
236128	2.3914497331293605
236160	0.8967936499235102
236192	2.3914497331293605
236224	2.6903809497705304
236256	1.1957248665646802
236288	1.1957248665646802
236320	3.5871745996940407
236352	2.6903809497705304
236384	1.1957248665646802
236416	2.6903809497705304
236448	3.288243383052871
236480	1.7935872998470204
236512	1.7935872998470204
236544	2.3914497331293605
236576	2.0925185164881905
236608	1.7935872998470204
236640	0.8967936499235102
236672	1.4946560832058502
236704	2.0925185164881905
236736	3.288243383052871
236768	1.1957248665646802
236800	1.7935872998470204
236832	1.4946560832058502
236864	1.1957248665646802
236896	1.1957248665646802
236928	1.4946560832058502
236960	0.5978624332823401
236992	1.4946560832058502
237024	1.1957248665646802
237056	0.8967936499235102
237088	1.7935872998470204
237120	2.0925185164881905
237152	1.7935872998470204
237184	1.7935872998470204
237216	1.1957248665646802
237248	1.4946560832058502
237280	2.3914497331293605
237312	2.6903809497705304
237344	1.4946560832058502
237376	1.1957248665646802
237408	1.1957248665646802
237440	2.0925185164881905
237472	0.5978624332823401
237504	1.4946560832058502
237536	1.7935872998470204
237568	2.0925185164881905
237600	1.4946560832058502
237632	1.4946560832058502
237664	1.7935872998470204
237696	1.4946560832058502
237728	1.4946560832058502
237760	1.7935872998470204
237792	2.9893121664117004
237824	2.0925185164881905
237856	0.8967936499235102
237888	1.4946560832058502
237920	2.3914497331293605
237952	2.0925185164881905
237984	1.7935872998470204
238016	2.3914497331293605
238048	0.8967936499235102
238080	2.3914497331293605
238112	0.8967936499235102
238144	1.4946560832058502
238176	1.7935872998470204
238208	1.1957248665646802
238240	0.8967936499235102
238272	2.9893121664117004
238304	2.3914497331293605
238336	2.3914497331293605
238368	2.9893121664117004
238400	0.8967936499235102
238432	2.6903809497705304
238464	2.3914497331293605
238496	1.4946560832058502
238528	1.4946560832058502
238560	1.1957248665646802
238592	2.3914497331293605
238624	2.0925185164881905
238656	0.8967936499235102
238688	1.1957248665646802
238720	2.9893121664117004
238752	1.1957248665646802
238784	0.8967936499235102
238816	1.1957248665646802
238848	1.4946560832058502
238880	0.5978624332823401
238912	2.6903809497705304
238944	2.0925185164881905
238976	1.1957248665646802
239008	2.0925185164881905
239040	1.4946560832058502
239072	3.288243383052871
239104	3.288243383052871
239136	1.1957248665646802
239168	0.8967936499235102
239200	2.3914497331293605
239232	1.1957248665646802
239264	0.5978624332823401
239296	1.4946560832058502
239328	0.8967936499235102
239360	0.8967936499235102
239392	1.1957248665646802
239424	1.4946560832058502
239456	2.3914497331293605
239488	1.4946560832058502
239520	0.8967936499235102
239552	1.7935872998470204
239584	1.7935872998470204
239616	2.0925185164881905
239648	1.4946560832058502
239680	1.1957248665646802
239712	1.4946560832058502
239744	2.6903809497705304
239776	0.5978624332823401
239808	1.1957248665646802
239840	1.7935872998470204
239872	1.7935872998470204
239904	1.1957248665646802
239936	1.7935872998470204
239968	3.288243383052871
